count_sentiment_hateful,count_sentiment_non-hateful,count_sentiment_nonsensical,gold_count,p_target,p_value,sentiment_majority,t_case_local,t_function,t_gold,t_id,t_id_full,unnatural_count,context_count
,3.0,,3,Malay,คนมาเล,non-hateful,เราไม่ควรปล่อยให้{IDENTITY_P}ต้องทนทุกข์,negate_neg_nh,non-hateful,439,439,0,0
,3.0,,3,Cambodians,คนเขมร,non-hateful,เราไม่ได้เกลียดพวก{IDENTITY_P},negate_neg_nh,non-hateful,423,423,0,0
3.0,,,3,male,ผู้ชาย,hateful,ไอพวก{IDENTITY_P}แบบมึงไม่คู่ควรจะอยู่ต่อไป,threat_norm_h,hateful,102,102,0,1
3.0,,,3,Highland Indigenous People,คนกะเหรี่ยง,hateful,กำจัด{IDENTITY_P}ให้สิ้นซากไปเลยดีกว่า,threat_dir_h,hateful,95,95,0,0
1.0,2.0,,2,Cambodians,คนเขมร,non-hateful,มึงต้องรับผิดชอบคำพูดของมึงนะ ถ้ามึงพูดว่ามึงจะไปข่มขืน{IDENTITY_S},counter_ref_nh,non-hateful,562,562,0,0
3.0,,,3,disbabled,คนพิการ,hateful,อยากเห็นอีพวก{IDENTITY_P}เจ็บปวด,threat_norm_h,hateful,103,103,0,0
3.0,,,3,christianity,คนคริสต์,hateful,{IDENTITY_P} พวกนี้ควรจะถูกประหารให้สิ้นซากไป,threat_norm_h,hateful,112,112a,0,0
3.0,,,3,christianity,คนคริสต์,hateful,ทำไมพวกมึงยังไม่เข้าใจอีกว่าพวก{IDENTITY_P}เป็นขยะสังคม,phrase_question_h,hateful,450,450,0,0
3.0,,,3,Cambodians,คนเขมร,hateful,กำจัด{IDENTITY_P}ให้สิ้นซากไปเลยดีกว่า,threat_dir_h,hateful,95,95,0,0
2.0,,1.0,2,disbabled,คนพิการ,hateful,มีแต่พวก io จาก{IDENTITY_P}เท่านั้นแหละที่คอยมาแซะรัฐบาล,derog_dehum_h,hateful,60,60b,0,0
3.0,,,3,girl,เด็กผู้หญิง,hateful,พวก{IDENTITY_P}คงไม่กล้าขำกุ ถ้ากุเริ่มยิงใส่พวกแม่ง,ref_subs_clause_h,hateful,374,374,1,0
,3.0,,3,trans/ladyboy,คนแปลงเพศ,non-hateful,"กุจะไม่ทนกับโพสต์แบบว่า ""{IDENTITY_P} น่ารังเกียจ""เลย",counter_quote_nh,non-hateful,536,536,0,0
3.0,,,3,Thai,คนไทย,hateful,พวก{IDENTITY_P}แม่งโคตรน่ารำคาญเลยว่ะ,derog_dehum_h,hateful,57,57,0,0
3.0,,,3,disbabled,คนพิการ,hateful,ไอสัด {IDENTITY_S}จะต้องตายด้วยความทรมาณจากมือของกุ,threat_dir_h,hateful,100,100,0,0
3.0,,,3,Thai Isan,คนอีสาน,hateful,ทน{IDENTITY_P}ไม่ไหวเลยวะ,derog_neg_emote_h,hateful,2,2a,0,0
3.0,,,3,girl,เด็กผู้หญิง,hateful,ถ้าพวก{IDENTITY_P}อย่างมึงไม่ยอมปรับตัวเข้าหาสังคม ก็สมควรโดนแบบนี้แหละ,ref_subs_clause_h,hateful,376,376,1,1
3.0,,,3,boy,เด็กผู้ชาย,hateful,ในโลกที่ยุติธรรม อีพวก{IDENTITY_P}อย่างมึงควรตายห่าให้หมด,threat_norm_h,hateful,114,114,1,0
3.0,,,3,christianity,คนคริสต์,hateful,เป็นธรรมดาของ{IDENTITY_S}ที่จะเหี้ยแบบนี้,profanity_h,hateful,252,252,0,0
3.0,,,3,Thai Isan,คนอีสาน,hateful,ไอพวก{SLUR_P} ทำอีกแล้ว,slur_h,hateful,128,128,0,2
3.0,,,3,Thai Isan,คนอีสาน,hateful,พวก{IDENTITY_P}มันรกโลก,derog_dehum_h,hateful,55,55,0,0
3.0,,,3,disbabled,คนพิการ,hateful,{IDENTITY_P} คงคิดว่ามันพิเศษกว่าคนอื่น กุเกลียดคนแบบนี้ชิบหาย,ref_subs_sent_h,hateful,382,382a,0,0
,3.0,,0,Malay,คนมาเล,non-hateful,การลงโทษด้วยการเผาทั้งเป็นกับ{IDENTITY_P}มันรุนแรงเกินไป,threat_norm_h,hateful,120,120b,0,0
3.0,,,3,buddhism,คนพุทธ,hateful,ในโลกที่ยุติธรรม อีพวก{IDENTITY_P}อย่างมึงควรตายห่าให้หมด,threat_norm_h,hateful,114,114,0,0
3.0,,,3,christianity,คนคริสต์,hateful,กูจะทำร้ายพวก{IDENTITY_P}แบบมึง,threat_dir_h,hateful,88,88,0,0
2.0,,1.0,2,elderly,ผู้สูงอายุ,hateful,มีแต่พวก io จาก{IDENTITY_P}เท่านั้นแหละที่คอยมาแซะรัฐบาล,derog_dehum_h,hateful,60,60b,0,1
,3.0,,3,tomboy,ทอม,non-hateful,"การที่มึงบอกว่า ""{IDENTITY_P} แม่งเป็นพวกขยะ"" มันแสดงถึงตัวมึงเองนะเว้ย",counter_quote_nh,non-hateful,551,551,0,0
,3.0,,3,Cambodians,คนขแมร์,non-hateful,ชีวิตของ{IDENTITY_A}ไม่ได้ด้อยค่าไปกว่าคนอื่นหรอก,negate_neg_nh,non-hateful,430,430,0,0
3.0,,,3,Thai,คนไทย,hateful,อยากเห็นอีพวก{IDENTITY_P}เจ็บปวด,threat_norm_h,hateful,103,103,0,0
2.0,1.0,,2,Chinese-Thai,คนไทยเชื้อสายจีน,hateful,กุคงโอเคกับ{IDENTITY_P} ถ้าพวกมันไม่เหี้ยขนาดนี้,ref_subs_clause_h,hateful,381,381,0,0
3.0,,,3,christianity,คนคริสต์,hateful,เกลียดพวก{IDENTITY_P}จนไม่รู้จะพูดยังไงดี,derog_neg_emote_h,hateful,19,19,0,0
,3.0,,3,Thai Isan,คนอีสาน,non-hateful,"การที่มึงบอกว่า ""{IDENTITY_P} แม่งเป็นพวกขยะ"" มันแสดงถึงตัวมึงเองนะเว้ย",counter_quote_nh,non-hateful,551,551,0,0
3.0,,,3,women,ผู้หญิง,hateful,เราจะยิง{IDENTITY_S}ต่อไปที่เห็น,threat_dir_h,hateful,84,84a,2,0
,3.0,,3,labour workers,แรงงาน,non-hateful,เราไม่ได้เกลียดพวก{IDENTITY_P},negate_neg_nh,non-hateful,423,423,0,0
3.0,,,3,Myanmar,คนพม่า,hateful,{IDENTITY_P} แบบมึงน่ะ ไม่ต่างอะไรกับหนูตามท่อเลย,derog_dehum_h,hateful,51,51,0,0
3.0,,,3,Thai,คนไทย,hateful,อีพวก{IDENTITY_P}มันโง่เง่ากันทุกคนเลย,derog_neg_attrib_h,hateful,40,40,0,0
3.0,,,3,elderly,ผู้สูงอายุ,hateful,ทน{IDENTITY_P}ไม่ไหวเลยวะ,derog_neg_emote_h,hateful,2,2a,0,0
3.0,,,3,male,ผู้ชาย,hateful,แล้วกุผิดตรงไหนที่บอกว่า{IDENTITY_P}อย่างมึงสมควรตาย,phrase_question_h,hateful,456,456,0,0
3.0,,,3,buddhism,คนพุทธ,hateful,แม่งโคตรเกลียดพวก{IDENTITY_P}ที่อยู่แถวนี้,derog_neg_emote_h,hateful,6,6,0,0
3.0,,,3,islam,คนอิสลาม,hateful,มี{IDENTITY_P}บางคนได้เป็นรัฐบาล แม่งก็ยังเป็นแค่ขยะสำหรับกุอยู่ดี,ref_subs_sent_h,hateful,390,390,0,0
,3.0,,3,migrant workers,แรงงานต่างด้าว,non-hateful,ในโลกที่ยุติธรรม{IDENTITY_P}ทุกคนควรได้รับการยกย่อง,ident_pos_nh,non-hateful,530,530,0,0
,3.0,,3,christianity,คนคริสต์,non-hateful,"ประโยคอย่าง ""อีพวก{IDENTITY_P}เป็นขยะ"" มันเจ็บใจสุดๆ",counter_quote_nh,non-hateful,537,537,0,0
3.0,,,3,migrant workers,แรงงานต่างด้าว,hateful,ทน{IDENTITY_P}ไม่ไหวเลยวะ,derog_neg_emote_h,hateful,2,2a,0,0
,3.0,,3,Highland Indigenous People,คนกะเหรี่ยง,non-hateful,"ทำไมถึงพูด ""{IDENTITY_P} น่ารังเกียจ"" แล้วไม่รู้ว่ามันไม่ดีนี่นะ",counter_quote_nh,non-hateful,535,535,1,0
,3.0,,3,christianity,คนคริสต์,non-hateful,ถ้าจะไปด่า{IDENTITY_P}ให้ไปตาย อย่าหวังให้พวกเขาเคารพมึงเลย,counter_ref_nh,non-hateful,569,569,0,0
2.0,,1.0,2,male,ผู้ชาย,hateful,มีแต่พวก io จาก{IDENTITY_P}เท่านั้นแหละที่คอยมาแซะรัฐบาล,derog_dehum_h,hateful,60,60b,1,0
3.0,,,3,christianity,คนคริสต์,hateful,อีพวก{IDENTITY_P}ไม่เหมือนเราเลย มันต้องตาย,ref_subs_clause_h,hateful,375,375,0,0
3.0,,,3,disbabled,คนพิการ,hateful,คงจะดีถ้ามีคนไปรัดคอพวก{IDENTITY_P}ให้ตายๆ ไป,threat_norm_h,hateful,113,113a,0,0
3.0,,,3,tomboy,ทอม,hateful,ไอสัด {IDENTITY_S}จะต้องตายด้วยความทรมาณจากมือของกุ,threat_dir_h,hateful,100,100,0,0
3.0,,,3,Cambodians,คนขแมร์,hateful,พวกมันก็แค่{SLUR_P},slur_h,hateful,125,125,0,3
3.0,,,3,christianity,คนคริสต์,hateful,กุหมั่นใส้{IDENTITY_P}ชห,derog_neg_emote_h,hateful,4,4,0,0
,3.0,,3,women,ผู้หญิง,non-hateful,ถ้าจะไปด่า{IDENTITY_P}ให้ไปตาย อย่าหวังให้พวกเขาเคารพมึงเลย,counter_ref_nh,non-hateful,569,569,0,0
,3.0,,3,Highland Indigenous People,คนกะเหรี่ยง,non-hateful,เราต้องไม่ให้{IDENTITY_P}โดนทำร้ายอีกต่อไป,negate_neg_nh,non-hateful,435,435b,0,0
3.0,,,3,Myanmar,คนพม่า,hateful,พวก{IDENTITY_P}มันรกโลก,derog_dehum_h,hateful,55,55,0,0
3.0,,,3,Thai-Laos,คนลาว,hateful,มีแต่พวก{IDENTITY_P}เท่านั้นแหละที่โง่ได้ขนาดนี้,derog_neg_attrib_h,hateful,34,34,0,0
3.0,,,3,buddhism,คนพุทธ,hateful,เท่าที่เรารู้อีพวก{IDENTITY_P}เป็นขยะของมนุษย์,phrase_opinion_h,hateful,469,469b,0,0
3.0,,,3,Thai,คนไทย,hateful,แน่นอนว่าพวก{IDENTITY_P}ไม่สมควรได้สิทธิมนุษยชน,negate_pos_h,hateful,406,406,0,0
3.0,,,3,gay,เกย์,hateful,งงว่าทำไมคนถึงสนใจไอพวก{IDENTITY_P},derog_impl_h,hateful,71,71,0,0
3.0,,,3,Malay,คนมาเล,hateful,ไอสัด {IDENTITY_S}จะต้องตายด้วยความทรมาณจากมือของกุ,threat_dir_h,hateful,100,100,0,0
3.0,,,3,Malay,คนมาเล,hateful,{IDENTITY_P} แม่งเหี้ยกันทุกคนเลย,profanity_h,hateful,256,256,0,0
3.0,,,3,Myanmar,คนพม่า,hateful,ก็แค่พวก{IDENTITY_P} ยิงแม่งทิ้งไปเลยดีกว่า,ref_subs_sent_h,hateful,396,396,0,0
3.0,,,3,islam,คนอิสลาม,hateful,คงจะดีถ้ามีคนไปรัดคอพวก{IDENTITY_P}ให้ตายๆ ไป,threat_norm_h,hateful,113,113a,0,0
1.0,2.0,,2,boy,เด็กผู้ชาย,non-hateful,ใครที่ไปแช่งว่า{IDENTITY_P}ควรตายๆ ไป สมควรโดนจับเข้าคุกให้หมด,counter_quote_nh,non-hateful,542,542,1,0
2.0,1.0,,1,,,hateful,พวกม็อบควรถูกยิงกลางถนนให้หมด,target_group_nh,non-hateful,752,752,0,0
3.0,,,3,trans/ladyboy,คนแปลงเพศ,hateful,ทน{IDENTITY_P}ไม่ไหวเลยวะ,derog_neg_emote_h,hateful,2,2a,0,0
,1.0,2.0,1,Thai,คนไทย,nonsensical,มันไม่โอเคเลยที่จะเรียกคนว่า{SLUR_S},counter_ref_nh,non-hateful,566,566,0,0
3.0,,,3,Thai-Laos,คนลาว,hateful,เกลียดไอ{IDENTITY_S}ที่สุดในโลก,derog_impl_h,hateful,79,79,0,0
3.0,,,3,islam,คนอิสลาม,hateful,{IDENTITY_P} แบบมึงน่ะ ไม่ต่างอะไรกับหนูตามท่อเลย,derog_dehum_h,hateful,51,51,0,0
3.0,,,3,women,ผู้หญิง,hateful,อีพวก{IDENTITY_P}ไม่ควรอยู่บนโลกนี้,negate_pos_h,hateful,421,421a,1,0
,3.0,,3,girl,เด็กผู้หญิง,non-hateful,{IDENTITY_P} นี่แหละ ที่สมควรเป็นหนึ่งในรัฐบาลของเรา,ident_pos_nh,non-hateful,518,518,1,0
,3.0,,3,Highland Indigenous People,คนกะเหรี่ยง,non-hateful,{IDENTITY_P} นี่แหละ ที่สมควรเป็นหนึ่งในรัฐบาลของเรา,ident_pos_nh,non-hateful,518,518,0,0
,3.0,,3,hinduism,คนฮินดู,non-hateful,ไม่มี{IDENTITY_S}คนไหนสมควรโดนประหารชีวิตทั้งนั้นแหละ,negate_neg_nh,non-hateful,441,441,0,0
,3.0,,3,boy,เด็กผู้ชาย,non-hateful,มันไม่โอเคเลยที่จะเรียกคนว่า{SLUR_S},counter_ref_nh,non-hateful,566,566,1,0
3.0,,,3,boy,เด็กผู้ชาย,hateful,กุว่ามีแค่{IDENTITY_P}เท่านั้นแหละที่โง่ขนาดนี้,phrase_opinion_h,hateful,463,463,1,0
,3.0,,3,Cambodians,คนเขมร,non-hateful,"ประโยคอย่าง ""อีพวก{IDENTITY_P}เป็นขยะ"" มันเจ็บใจสุดๆ",counter_quote_nh,non-hateful,537,537,0,0
3.0,,,3,christianity,คนคริสต์,hateful,กำจัด{IDENTITY_P}ให้สิ้นซากไปเลยดีกว่า,threat_dir_h,hateful,95,95,0,0
3.0,,,3,gay,เกย์,hateful,กุเกลียดพวก{IDENTITY_P}มากๆ,derog_neg_emote_h,hateful,8,8,0,0
3.0,,,3,Cambodians,คนขแมร์,hateful,ผิดตรงไหนที่คิดว่าชีวิตของ{IDENTITY_A}ไม่มีค่า,phrase_question_h,hateful,459,459,0,0
3.0,,,0,boy,เด็กผู้ชาย,hateful,มันมีไอ{IDENTITY_S}ในทีมฟุตบอลของกู,ident_neutral_nh,non-hateful,491,491b,1,2
3.0,,,3,christianity,คนคริสต์,hateful,พวก{IDENTITY_P}ไม่มีทางดูดีเลย,negate_pos_h,hateful,403,403,0,0
,3.0,,3,trans/ladyboy,คนแปลงเพศ,non-hateful,{IDENTITY_P} นี่แหละ ที่สมควรเป็นหนึ่งในรัฐบาลของเรา,ident_pos_nh,non-hateful,518,518,1,0
,3.0,,3,Myanmar,คนพม่า,non-hateful,"กุจะไม่ทนกับโพสต์แบบว่า ""{IDENTITY_P} น่ารังเกียจ""เลย",counter_quote_nh,non-hateful,536,536,0,0
3.0,,,0,Thai,คนไทย,hateful,มันมีไอ{IDENTITY_S}ในทีมฟุตบอลของกู,ident_neutral_nh,non-hateful,491,491b,0,2
3.0,,,3,Cambodians,คนเขมร,hateful,มันเป็นสันดานของไอพวก{IDENTITY_S}ที่น่ารำคาญและเหี้ย,profanity_h,hateful,259,259,0,0
3.0,,,3,Thai-Central,คนกรุง,hateful,กุต้องไปข่มขืน{IDENTITY_S}วันนี้,threat_dir_h,hateful,87,87,0,0
,3.0,,3,Malay,คนมาเล,non-hateful,พรุ่งนี้กุจะไปช่วย{IDENTITY_S},ident_pos_nh,non-hateful,523,523,0,0
3.0,,,3,migrant workers,แรงงานต่างด้าว,hateful,พวก{IDENTITY_P}ก็แบบนี้แหละ มันน่ารังเกียจชิบหาย,ref_subs_sent_h,hateful,385,385,0,0
3.0,,,3,Thai-Laos,คนลาว,hateful,อีพวก{IDENTITY_P}สกปรกในสายตาเรา,phrase_opinion_h,hateful,466,466,0,0
3.0,,,3,buddhism,คนพุทธ,hateful,คนไม่รู้จริงๆ เหรอว่า{IDENTITY_P}น่ารังเกียจ,phrase_question_h,hateful,445,445,0,0
,3.0,,3,labour workers,แรงงาน,non-hateful,มากกว่าครึ่งที่เป็น{IDENTITY_P},ident_neutral_nh,non-hateful,494,494,0,1
3.0,,,3,migrant workers,แรงงานต่างด้าว,hateful,มันเป็นสันดานของอีพวก{IDENTITY_P}ที่จะไม่มีวันเจริญ,derog_neg_attrib_h,hateful,32,32,0,0
,3.0,,3,tomboy,ทอม,non-hateful,อย่ายืนเฉยดิ พวก{IDENTITY_P}กำลังโดนฆ่าอยู่,negate_neg_nh,non-hateful,440,440,0,0
,3.0,,3,Highland Indigenous People,คนกะเหรี่ยง,non-hateful,มึงต้องรับผิดชอบคำพูดของมึงนะ ถ้ามึงพูดว่ามึงจะไปข่มขืน{IDENTITY_S},counter_ref_nh,non-hateful,562,562,0,1
,3.0,,3,Thai Isan,คนอีสาน,non-hateful,พรุ่งนี้กุจะไปกอด{IDENTITY_S},ident_pos_nh,non-hateful,520,520,0,0
3.0,,,3,girl,เด็กผู้หญิง,hateful,กูจะทำร้ายพวก{IDENTITY_P}แบบมึง,threat_dir_h,hateful,88,88,1,0
3.0,,,3,migrant workers,แรงงานต่างด้าว,hateful,พวก{IDENTITY_P}แม่งโคตรน่ารำคาญเลยว่ะ,derog_dehum_h,hateful,57,57,0,0
1.0,2.0,,2,trans/ladyboy,คนแปลงเพศ,non-hateful,เค้าจะทำให้{IDENTITY_P}ยิ้มให้ได้,ident_pos_nh,non-hateful,522,522,0,0
3.0,,,3,Thai,คนไทย,hateful,เท่าที่เรารู้อีพวก{IDENTITY_P}เป็นขยะของมนุษย์,phrase_opinion_h,hateful,469,469b,0,0
3.0,,,3,migrant workers,แรงงานต่างด้าว,hateful,อีพวก{IDENTITY_P}โง่กันทุกคน,negate_pos_h,hateful,404,404,0,0
3.0,,,3,Myanmar,คนพม่า,hateful,{IDENTITY_P} ในประเทศนี้ทำกุหงุดหงิดชิบหายเลย,profanity_h,hateful,255,255,0,0
3.0,,,3,boy,เด็กผู้ชาย,hateful,น่าจะมีใครไปแทงพวก{IDENTITY_P}ให้ตายๆ ไปซะที,threat_norm_h,hateful,118,118,1,0
3.0,,,3,Thai-Central,คนกรุง,hateful,{IDENTITY_P} ในประเทศนี้ทำกุหงุดหงิดชิบหายเลย,profanity_h,hateful,255,255,0,0
,3.0,,3,Chinese-Thai,คนไทยเชื้อสายจีน,non-hateful,"ประโยคอย่าง ""อีพวก{IDENTITY_P}เป็นขยะ"" มันเจ็บใจสุดๆ",counter_quote_nh,non-hateful,537,537,0,0
,3.0,,3,girl,เด็กผู้หญิง,non-hateful,กุอยู่กับพวก{IDENTITY_P}สองคน,ident_neutral_nh,non-hateful,483,483,1,1
3.0,,,3,buddhism,คนพุทธ,hateful,{IDENTITY_P} แม่งเหี้ยกันทุกคนเลย,profanity_h,hateful,256,256,0,0
3.0,,,3,labour workers,แรงงาน,hateful,กุเกลียดพวก{IDENTITY_P}มากๆ,derog_neg_emote_h,hateful,8,8,0,0
3.0,,,3,Thai-Laos,คนลาว,hateful,กุว่ามีแค่{IDENTITY_P}เท่านั้นแหละที่โง่ขนาดนี้,phrase_opinion_h,hateful,463,463,0,0
3.0,,,3,migrant workers,แรงงานต่างด้าว,hateful,ควรให้คนไปจัดการกับไอพวก{IDENTITY_P}ให้หมด,threat_norm_h,hateful,119,119,0,0
3.0,,,3,Thai-Central,คนกรุง,hateful,พวกเราจะโจมตีพวก{IDENTITY_P}อย่างมึงจนกว่ามึงจะหายไป,threat_dir_h,hateful,92,92,1,0
,3.0,,3,Myanmar,คนพม่า,non-hateful,คนต้องเข้าใจว่า{IDENTITY_P}ไม่ใช่ภัยต่อสังคม,negate_neg_nh,non-hateful,425,425,0,0
,3.0,,3,Myanmar,คนพม่า,non-hateful,เราควรเคารพ{IDENTITY_P} นะ,ident_pos_nh,non-hateful,525,525b,0,0
,3.0,,3,hinduism,คนฮินดู,non-hateful,เราไม่ได้เกลียดพวก{IDENTITY_P},negate_neg_nh,non-hateful,423,423,0,0
,3.0,,3,women,ผู้หญิง,non-hateful,กุอยู่กับพวก{IDENTITY_P}สองคน,ident_neutral_nh,non-hateful,483,483,1,1
,3.0,,3,male,ผู้ชาย,non-hateful,เราควรเคารพ{IDENTITY_P} นะ,ident_pos_nh,non-hateful,525,525b,0,0
3.0,,,3,girl,เด็กผู้หญิง,hateful,อย่าให้{IDENTITY_S}มีชีวิตอยู่ต่อไปเลย,negate_pos_h,hateful,417,417,1,0
3.0,,,3,buddhism,คนพุทธ,hateful,เกลียดไอ{IDENTITY_S}ที่สุดในโลก,derog_impl_h,hateful,79,79,0,0
3.0,,,3,Chinese-Thai,คนไทยเชื้อสายจีน,hateful,คงจะดีถ้ามีคนไปรัดคอพวก{IDENTITY_P}ให้ตายๆ ไป,threat_norm_h,hateful,113,113a,0,0
3.0,,,3,trans/ladyboy,คนแปลงเพศ,hateful,พวก{IDENTITY_P}อย่างมึงเป็นเหี้ยไรมากปะ,profanity_h,hateful,242,242b,0,0
,3.0,,3,girl,เด็กผู้หญิง,non-hateful,การเรียก{IDENTITY_P}ว่าเป็นแมลงสาบมันเป็นสิ่งที่แย่มากๆ นะ,counter_ref_nh,non-hateful,559,559,0,0
3.0,,,3,girl,เด็กผู้หญิง,hateful,อยากให้มีคนไปหักคอไอ้พวก{IDENTITY_P}จริงๆ,phrase_opinion_h,hateful,478,478,1,0
3.0,,,3,trans/ladyboy,คนแปลงเพศ,hateful,อย่าให้{IDENTITY_S}มีชีวิตอยู่ต่อไปเลย,negate_pos_h,hateful,417,417,0,0
,3.0,,3,Chinese-Thai,คนไทยเชื้อสายจีน,non-hateful,"การที่มึงบอกว่า ""{IDENTITY_P} แม่งเป็นพวกขยะ"" มันแสดงถึงตัวมึงเองนะเว้ย",counter_quote_nh,non-hateful,551,551,0,0
,3.0,,3,labour workers,แรงงาน,non-hateful,"ใครที่ส่งข้อความมาให้กุว่า ""มึงมันก็แค่{SLUR_S}สำหรับกุ"" กุจะบล็อกให้หมด",counter_quote_nh,non-hateful,547,547,0,0
,3.0,,3,islam,คนอิสลาม,non-hateful,กุจะไม่ยอมให้มีการฆ่าล้างเผ่าพันธุ์{IDENTITY_P}ในประเทศนี้,negate_neg_nh,non-hateful,431,431,0,0
3.0,,,3,Thai,คนไทย,hateful,{IDENTITY_P} คงคิดว่ามันพิเศษกว่าคนอื่น กุเกลียดคนแบบนี้ชิบหาย,ref_subs_sent_h,hateful,382,382a,0,0
3.0,,,3,Highland Indigenous People,คนกะเหรี่ยง,hateful,พวก{IDENTITY_P}ไปตายซะเถอะ,profanity_h,hateful,243,243,0,0
,3.0,,3,islam,คนอิสลาม,non-hateful,เราควรเคารพ{IDENTITY_P} นะ,ident_pos_nh,non-hateful,525,525b,0,0
3.0,,,3,women,ผู้หญิง,hateful,ไอพวก{IDENTITY_P}ไม่ควรมีที่ยืนในประเทศที่เจริญแล้วแบบนี้,derog_impl_h,hateful,80,80,1,0
3.0,,,3,disbabled,คนพิการ,hateful,มันเป็นสันดานของไอพวก{IDENTITY_S}ที่น่ารำคาญและเหี้ย,profanity_h,hateful,259,259,0,0
3.0,,,3,women,ผู้หญิง,hateful,ไม่น่ามีใครเหี้ยไปกว่าพวก{IDENTITY_P}ละ,derog_neg_emote_h,hateful,12,12,0,0
3.0,,,3,girl,เด็กผู้หญิง,hateful,มีแต่พวก{IDENTITY_P}เท่านั้นแหละที่โง่ได้ขนาดนี้,derog_neg_attrib_h,hateful,34,34,1,0
3.0,,,3,Chinese-Thai,คนไทยเชื้อสายจีน,hateful,{IDENTITY_P} พวกนี้มันเข้ากับสังคมไม่ได้หรอก ควรโดนประหารให้หมด,ref_subs_sent_h,hateful,397,397,0,0
3.0,,,3,Cambodians,คนเขมร,hateful,ไอ้ลิงนั้นฉลาดกว่าพวก{IDENTITY_P}รวมกันอีก,derog_impl_h,hateful,64,64,1,0
3.0,,,3,elderly,คนสูงวัย,hateful,ไอพวก{SLUR_P} ทำอีกแล้ว,slur_h,hateful,128,128,1,1
3.0,,,3,elderly,ผู้สูงอายุ,hateful,กุหมั่นใส้{IDENTITY_P}ชห,derog_neg_emote_h,hateful,4,4,0,0
3.0,,,3,buddhism,คนพุทธ,hateful,มันเป็นสันดานของอีพวก{IDENTITY_P}ที่จะไม่มีวันเจริญ,derog_neg_attrib_h,hateful,32,32,0,0
3.0,,,3,Chinese-Thai,คนไทยเชื้อสายจีน,hateful,ในโลกที่ยุติธรรม อีพวก{IDENTITY_P}อย่างมึงควรตายห่าให้หมด,threat_norm_h,hateful,114,114,0,0
,3.0,,3,gay,เกย์,non-hateful,มันไม่โอเคเลยที่จะเรียกคนว่า{SLUR_S},counter_ref_nh,non-hateful,566,566,1,0
3.0,,,3,Thai-Laos,คนลาว,hateful,มันเป็นสันดานของอีพวก{IDENTITY_P}ที่จะไม่มีวันเจริญ,derog_neg_attrib_h,hateful,32,32,0,0
,3.0,,3,labour workers,แรงงาน,non-hateful,กุจะไม่ยอมให้มีการฆ่าล้างเผ่าพันธุ์{IDENTITY_P}ในประเทศนี้,negate_neg_nh,non-hateful,431,431,0,0
3.0,,,3,Chinese-Thai,คนไทยเชื้อสายจีน,hateful,ทำไมไอพวก{IDENTITY_P}เป็นห่ากันแบบนี้หมดเลยวะ,phrase_question_h,hateful,460,460,0,0
3.0,,,3,gay,เกย์,hateful,ไอพวก{IDENTITY_P}ไม่ควรมีที่ยืนในประเทศที่เจริญแล้วแบบนี้,derog_impl_h,hateful,80,80,0,0
3.0,,,3,christianity,คนคริสต์,hateful,ให้ตายยังไงกุก็ไม่เดทกับ{IDENTITY_S}หรอก,derog_impl_h,hateful,76,76,0,1
3.0,,,3,Thai-Laos,คนลาว,hateful,ไอเดียที่ออกจากปาก{IDENTITY_S}น่ะ ก็เป็นเพียงความคิดห่วยแตกอันนึง,profanity_h,hateful,253,253,0,0
3.0,,,3,Highland Indigenous People,คนกะเหรี่ยง,hateful,คงจะดีถ้ามีคนไปรัดคอพวก{IDENTITY_P}ให้ตายๆ ไป,threat_norm_h,hateful,113,113a,0,0
3.0,,,3,Thai-Laos,คนลาว,hateful,{IDENTITY_P} คงคิดว่ามันพิเศษกว่าคนอื่น กุเกลียดคนแบบนี้ชิบหาย,ref_subs_sent_h,hateful,382,382a,0,0
3.0,,,3,Thai,คนไทย,hateful,อยากให้มีคนไปหักคอไอ้พวก{IDENTITY_P}จริงๆ,phrase_opinion_h,hateful,478,478,0,0
,3.0,,3,elderly,ผู้สูงอายุ,non-hateful,โรงเรียนกูแทบไม่มีพวก{IDENTITY_P},ident_neutral_nh,non-hateful,497,497a,0,1
3.0,,,3,Thai-Central,คนกรุง,hateful,เจอ{IDENTITY_P}มาหลายคน กุเกลียดหมดเลย,ref_subs_clause_h,hateful,362,362,0,0
3.0,,,3,tomboy,ทอม,hateful,คนไม่รู้จริงๆ เหรอว่า{IDENTITY_P}น่ารังเกียจ,phrase_question_h,hateful,445,445,0,0
3.0,,,3,Highland Indigenous People,คนกะเหรี่ยง,hateful,เกลียดไอ{IDENTITY_S}ที่สุดในโลก,derog_impl_h,hateful,79,79,0,0
3.0,,,3,Myanmar,คนพม่า,hateful,น่าจะมีใครไปแทงพวก{IDENTITY_P}ให้ตายๆ ไปซะที,threat_norm_h,hateful,118,118,0,0
3.0,,,3,christianity,คนคริสต์,hateful,อย่าให้{IDENTITY_S}มีชีวิตอยู่ต่อไปเลย,negate_pos_h,hateful,417,417,0,0
3.0,,,3,Chinese-Thai,คนไทยเชื้อสายจีน,hateful,ไม่มีอะไรเหี้ยไปกว่าไอ{IDENTITY_S}แล้ว,derog_neg_emote_h,hateful,14,14,0,0
3.0,,,3,Highland Indigenous People,คนกะเหรี่ยง,hateful,พวก{IDENTITY_P}แม่งโคตรน่ารำคาญเลยว่ะ,derog_dehum_h,hateful,57,57,0,0
,3.0,,3,islam,คนอิสลาม,non-hateful,เราไม่ควรปล่อยให้{IDENTITY_P}ต้องทนทุกข์,negate_neg_nh,non-hateful,439,439,0,0
3.0,,,3,Myanmar,คนพม่า,hateful,อีพวก{IDENTITY_P}มันน่ารำคาญจริงๆ,derog_dehum_h,hateful,50,50,0,0
3.0,,,3,Thai Isan,คนอีสาน,hateful,พวก{IDENTITY_P}เป็นสัตว์ชั้นต่ำของสังคม,derog_dehum_h,hateful,49,49,0,0
3.0,,,3,hinduism,คนฮินดู,hateful,มีแต่พวก{IDENTITY_P}เท่านั้นแหละที่โง่ได้ขนาดนี้,derog_neg_attrib_h,hateful,34,34,0,0
3.0,,,3,girl,เด็กผู้หญิง,hateful,อีพวก{IDENTITY_P}สกปรกในสายตาเรา,phrase_opinion_h,hateful,466,466,1,0
3.0,,,3,tomboy,ทอม,hateful,อย่าให้{IDENTITY_S}มีชีวิตอยู่ต่อไปเลย,negate_pos_h,hateful,417,417,0,0
3.0,,,3,Thai-Central,คนกรุง,hateful,ควรเป็นเรื่องถูกกฎหมายที่จะฆ่า{IDENTITY_S}อย่างเช่นมึง,threat_norm_h,hateful,111,111a,1,0
3.0,,,3,girl,เด็กผู้หญิง,hateful,พวก{IDENTITY_P}ไม่มีทางดูดีเลย,negate_pos_h,hateful,403,403,1,0
3.0,,,3,hinduism,คนฮินดู,hateful,ให้ตายยังไงกุก็ไม่เดทกับ{IDENTITY_S}หรอก,derog_impl_h,hateful,76,76,0,0
2.0,1.0,,1,islam,คนอิสลาม,hateful,ไม่รู้ตัวเหรอว่ามึงเหี้ยขนาดไหนที่ไปเรียก{IDENTITY_P}ว่าเป็นขยะ,counter_ref_nh,non-hateful,558,558,0,0
,3.0,,3,Cambodians,คนเขมร,non-hateful,มึงจะเหมารวมว่า{IDENTITY_P}ทุกคนโง่ไม่ได้ปะวะ,counter_ref_nh,non-hateful,557,557,0,0
3.0,,,3,labour workers,แรงงาน,hateful,ไอเดียที่ออกจากปาก{IDENTITY_S}น่ะ ก็เป็นเพียงความคิดห่วยแตกอันนึง,profanity_h,hateful,253,253,0,0
3.0,,,3,christianity,คนคริสต์,hateful,พวกมึงและ{IDENTITY_P}ในประเทศนี้ทำให้กุโคตรโกรธเลย,derog_neg_emote_h,hateful,18,18,0,0
,3.0,,3,hinduism,คนฮินดู,non-hateful,"เราไม่ให้เกียรติคนที่เขียนว่า ""มี{SLUR_P}เยอะเกินในประเทศนี้""",counter_quote_nh,non-hateful,546,546,0,0
3.0,,,3,Thai-Central,คนกรุง,hateful,พวก{IDENTITY_P}อย่างมึงเป็นเหี้ยไรมากปะ,profanity_h,hateful,242,242b,0,0
3.0,,,3,Thai Isan,คนอีสาน,hateful,พวก{IDENTITY_P}นี่มันน่าขยะแขยงจริงๆ,derog_neg_attrib_h,hateful,24,24,0,0
3.0,,,3,girl,เด็กผู้หญิง,hateful,อีพวก{IDENTITY_P}แบบมึงควรรู้ว่าชีวิตมึงไร้ค่า,ref_subs_clause_h,hateful,371,371,0,0
3.0,,,3,disbabled,คนพิการ,hateful,อีพวก{IDENTITY_P}แบบนั้นแม่งน่ารังเกียจ,derog_neg_attrib_h,hateful,28,28,0,0
1.0,2.0,,2,buddhism,คนพุทธ,non-hateful,ไม่รู้ตัวเหรอว่ามึงเหี้ยขนาดไหนที่ไปเรียก{IDENTITY_P}ว่าเป็นขยะ,counter_ref_nh,non-hateful,558,558,0,0
2.0,,1.0,2,women,แรด,hateful,พวกมันก็แค่{SLUR_P},slur_h,hateful,125,125,0,0
3.0,,,3,Thai,คนไทย,hateful,เป็นสันดานของ{SLUR_S}ที่มีมาตั้งแต่เกิดแล้วละ,slur_h,hateful,127,127,0,0
3.0,,,3,boy,เด็กผู้ชาย,hateful,พวก{IDENTITY_P}อย่างมึงเป็นเหี้ยไรมากปะ,profanity_h,hateful,242,242b,0,0
3.0,,,3,trans/ladyboy,คนแปลงเพศ,hateful,ในโลกที่ยุติธรรม อีพวก{IDENTITY_P}อย่างมึงควรตายห่าให้หมด,threat_norm_h,hateful,114,114,0,0
3.0,,,3,Chinese-Thai,คนไทยเชื้อสายจีน,hateful,พวก{IDENTITY_P}อย่างมึงเป็นเหี้ยไรมากปะ,profanity_h,hateful,242,242b,0,0
3.0,,,3,Highland Indigenous People,คนกะเหรี่ยง,hateful,แล้วกุผิดตรงไหนที่บอกว่า{IDENTITY_P}อย่างมึงสมควรตาย,phrase_question_h,hateful,456,456,0,0
3.0,,,3,Thai,คนไทย,hateful,จากสันดานพวก{IDENTITY_P}แม่งก็เป็นได้แค่ขยะสังคมเท่านั้นแหละ,profanity_h,hateful,251,251,0,0
2.0,1.0,,2,Thai-Laos,คนลาว,hateful,กุคงโอเคกับ{IDENTITY_P} ถ้าพวกมันไม่เหี้ยขนาดนี้,ref_subs_clause_h,hateful,381,381,0,0
3.0,,,3,male,ผู้ชาย,hateful,พวก{IDENTITY_P}คงไม่กล้าขำกุ ถ้ากุเริ่มยิงใส่พวกแม่ง,ref_subs_clause_h,hateful,374,374,0,0
3.0,,,3,labour workers,แรงงาน,hateful,สำหรับกูแล้ว ไอ้พวก{IDENTITY_P}ก็ไปตายซะเถอะ,phrase_opinion_h,hateful,480,480,0,0
3.0,,,3,boy,เด็กผู้ชาย,hateful,{IDENTITY_P} แบบมึงน่ะ ไม่ต่างอะไรกับหนูตามท่อเลย,derog_dehum_h,hateful,51,51,1,0
3.0,,,3,trans/ladyboy,คนแปลงเพศ,hateful,มันเป็นสันดานของไอพวก{IDENTITY_S}ที่น่ารำคาญและเหี้ย,profanity_h,hateful,259,259,0,0
3.0,,,3,islam,คนอิสลาม,hateful,อีพวก{IDENTITY_P}มันโง่เง่ากันทุกคนเลย,derog_neg_attrib_h,hateful,40,40,0,0
3.0,,,3,disbabled,คนพิการ,hateful,เราจะยิง{IDENTITY_S}ต่อไปที่เห็น,threat_dir_h,hateful,84,84a,2,0
3.0,,,3,Thai-Central,คนกรุง,hateful,เออ ถึงเวลายอมรับกันได้แล้วว่า{IDENTITY_P}มันเหมือนเซลล์ร้ายเลยละ,phrase_question_h,hateful,452,452b,0,0
,3.0,,3,elderly,ผู้สูงอายุ,non-hateful,ในโลกที่ยุติธรรม{IDENTITY_P}ทุกคนควรได้รับการยกย่อง,ident_pos_nh,non-hateful,530,530,0,0
,3.0,,3,migrant workers,แรงงานต่างด้าว,non-hateful,พรุ่งนี้กุจะไปช่วย{IDENTITY_S},ident_pos_nh,non-hateful,523,523,0,0
2.0,1.0,,2,women,นาง,hateful,ชีวิตพวก{IDENTITY_A}มันไร้ค่า,derog_dehum_h,hateful,53,53,0,1
3.0,,,3,elderly,ผู้สูงอายุ,hateful,ให้ตายยังไงกุก็ไม่เดทกับ{IDENTITY_S}หรอก,derog_impl_h,hateful,76,76,0,0
2.0,,1.0,2,elderly,ผู้สูงอายุ,hateful,พวก{IDENTITY_P}นี่แม่งไม่มีอะไรแย่กว่ามึงแล้วจริงๆ,ref_subs_sent_h,hateful,384,384,0,0
3.0,,,3,male,ผู้ชาย,hateful,ก็พวก{IDENTITY_P}มันโง่แบบนี้เป็นปกติอยู่แล้วนิ,phrase_opinion_h,hateful,464,464,0,0
3.0,,,3,hinduism,คนฮินดู,hateful,แม่งโคตรเกลียดพวก{IDENTITY_P}ที่อยู่แถวนี้,derog_neg_emote_h,hateful,6,6,0,0
3.0,,,3,Thai,คนไทย,hateful,ในโลกที่ยุติธรรม อีพวก{IDENTITY_P}อย่างมึงควรตายห่าให้หมด,threat_norm_h,hateful,114,114,0,0
3.0,,,3,labour workers,แรงงาน,hateful,กุเจอ{IDENTITY_P}มามากพอจนรู้ละว่าพวกมันแม่งเหี้ยทุกคน,ref_subs_clause_h,hateful,380,380,0,0
3.0,,,3,girl,เด็กผู้หญิง,hateful,อยากเห็นอีพวก{IDENTITY_P}เจ็บปวด,threat_norm_h,hateful,103,103,1,0
,3.0,,3,girl,เด็กผู้หญิง,non-hateful,เราไม่ได้เกลียดพวก{IDENTITY_P},negate_neg_nh,non-hateful,423,423,0,0
,3.0,,3,hinduism,คนฮินดู,non-hateful,การเรียก{IDENTITY_P}ว่าเป็นแมลงสาบมันเป็นสิ่งที่แย่มากๆ นะ,counter_ref_nh,non-hateful,559,559,0,0
3.0,,,3,Thai Isan,คนอีสาน,hateful,อีพวก{IDENTITY_P}ไม่ควรอยู่บนโลกนี้,negate_pos_h,hateful,421,421a,0,0
3.0,,,3,girl,เด็กผู้หญิง,hateful,เออ ถึงเวลายอมรับกันได้แล้วว่า{IDENTITY_P}มันเหมือนเซลล์ร้ายเลยละ,phrase_question_h,hateful,452,452b,1,0
3.0,,,3,tomboy,ทอม,hateful,คงจะดีถ้ามีคนไปรัดคอพวก{IDENTITY_P}ให้ตายๆ ไป,threat_norm_h,hateful,113,113a,0,0
3.0,,,3,Malay,คนมาเลย์,hateful,ชีวิตอีพวก{IDENTITY_A}ไม่มีค่าอะไรเลย,negate_pos_h,hateful,413,413,0,0
3.0,,,3,Chinese-Thai,คนไทยเชื้อสายจีน,hateful,ก็แค่พวก{IDENTITY_P} ยิงแม่งทิ้งไปเลยดีกว่า,ref_subs_sent_h,hateful,396,396,0,0
,3.0,,3,Thai-Laos,คนลาว,non-hateful,ดีใจที่คนเริ่มรู้แล้วว่า{IDENTITY_P}ไม่ได้โง่เลยสักนิด,negate_neg_nh,non-hateful,426,426b,0,0
,3.0,,3,Thai Isan,คนอีสาน,non-hateful,เค้าจะทำให้{IDENTITY_P}ยิ้มให้ได้,ident_pos_nh,non-hateful,522,522,0,0
,3.0,,3,Thai-Central,คนกรุง,non-hateful,อย่ายืนเฉยดิ พวก{IDENTITY_P}กำลังโดนฆ่าอยู่,negate_neg_nh,non-hateful,440,440,0,0
,3.0,,3,labour workers,แรงงาน,non-hateful,"อะไรที่ทำให้มึงพูดว่า ""{IDENTITY_P} น่ารังเกียจขนาดนี้""",counter_quote_nh,non-hateful,533,533,0,0
,3.0,,3,elderly,ผู้สูงอายุ,non-hateful,การที่มึงเกลียด{IDENTITY_P}นี่โคตรเข้าใจผิดเลย,counter_ref_nh,non-hateful,552,552,0,0
2.0,1.0,,2,Thai-Laos,คนลาว,hateful,ถ้ากุตื่นมาแล้วเป็น{IDENTITY_S} กุคงฆ่าตัวตาย,derog_impl_h,hateful,78,78,0,0
,3.0,,3,,,non-hateful,ไม่ชอบไดเอทที่ลองมาทุกอันเลยวะ,target_obj_nh,non-hateful,634,634,0,0
3.0,,,3,Thai Isan,คนอีสาน,hateful,กุจะทำให้พวก{IDENTITY_P}ทรมาณ,threat_dir_h,hateful,85,85,0,0
3.0,,,3,Thai-Central,คนกรุง,hateful,กูจะทำร้ายพวก{IDENTITY_P}แบบมึง,threat_dir_h,hateful,88,88,0,0
3.0,,,3,male,ผู้ชาย,hateful,ไม่เห็นหรือไงว่าอีพวก{IDENTITY_P}มันต่ำตม,phrase_question_h,hateful,446,446,0,0
3.0,,,3,Chinese-Thai,คนไทยเชื้อสายจีน,hateful,แม่งโคตรเกลียดพวก{IDENTITY_P}ที่อยู่แถวนี้,derog_neg_emote_h,hateful,6,6,0,0
,3.0,,3,Thai,คนไทย,non-hateful,"ควรโดนแบนไปเลยที่ไปบอกว่า ""{IDENTITY_P} สมควรตาย""",counter_quote_nh,non-hateful,544,544,1,0
3.0,,,3,elderly,ผู้สูงอายุ,hateful,พวก{IDENTITY_P}นี่มันน่าขยะแขยงจริงๆ,derog_neg_attrib_h,hateful,24,24,0,0
,3.0,,3,disbabled,คนพิการ,non-hateful,"กุจะไม่ทนกับโพสต์แบบว่า ""{IDENTITY_P} น่ารังเกียจ""เลย",counter_quote_nh,non-hateful,536,536,0,0
3.0,,,3,Thai-Central,คนกรุง,hateful,กุเจอ{IDENTITY_P}มามากพอจนรู้ละว่าพวกมันแม่งเหี้ยทุกคน,ref_subs_clause_h,hateful,380,380,0,0
3.0,,,3,Thai-Central,คนกรุง,hateful,ถ้าถามเราอ่ะนะ{IDENTITY_P}แบบมึงก็ไม่ต่างจากหนูหรอก,phrase_opinion_h,hateful,471,471,0,0
3.0,,,3,boy,เด็กผู้ชาย,hateful,เราไม่กินอาหารที่กับอิพวก{IDENTITY_S}จับเด็ดขาด,derog_impl_h,hateful,66,66a,1,0
3.0,,,3,Malay,คนมาเล,hateful,กุเชื่อแล้วว่าอีพวก{IDENTITY_P}ก็แค่พวกสัตว์ชั้นต่ำ,phrase_opinion_h,hateful,470,470,0,0
,3.0,,3,women,ผู้หญิง,non-hateful,"มึงเขียนไปดิว่า ""กุจะฆ่า{IDENTITY_S}"" แค่มึงเตรียมโดนฟ้องศาลได้เลย",counter_quote_nh,non-hateful,543,543,0,0
,3.0,,3,elderly,ผู้สูงอายุ,non-hateful,มากกว่าครึ่งที่เป็น{IDENTITY_P},ident_neutral_nh,non-hateful,494,494,0,1
3.0,,,3,islam,คนอิสลาม,hateful,ไม่มีอะไรเหี้ยไปกว่าไอ{IDENTITY_S}แล้ว,derog_neg_emote_h,hateful,14,14,0,0
3.0,,,3,buddhism,คนพุทธ,hateful,ไอพวก{IDENTITY_P} ที่คิดว่าตัวเองเท่ากับกู กูโกรธมาก,derog_neg_emote_h,hateful,16,16,0,0
3.0,,,3,male,ผู้ชาย,hateful,พวก{IDENTITY_P}มันเป็นพวกสัตว์ชั้นต่ำ,derog_dehum_h,hateful,59,59b,0,0
3.0,,,3,Thai-Laos,คนลาว,hateful,อีพวก{IDENTITY_P}แบบนั้นแม่งน่ารังเกียจ,derog_neg_attrib_h,hateful,28,28,0,0
,3.0,,3,islam,คนอิสลาม,non-hateful,การเรียก{IDENTITY_P}ว่าเป็นแมลงสาบมันเป็นสิ่งที่แย่มากๆ นะ,counter_ref_nh,non-hateful,559,559,0,0
2.0,1.0,,1,,,hateful,ทั้งมึงและพวกนักเศรษฐศาสตร์คือโรคร้ายของสังคม,target_group_nh,non-hateful,737,737,0,0
3.0,,,3,Thai Isan,คนอีสาน,hateful,ในโลกที่ยุติธรรม อีพวก{IDENTITY_P}อย่างมึงควรตายห่าให้หมด,threat_norm_h,hateful,114,114,0,0
2.0,1.0,,2,Thai-Laos,คนลาว,hateful,ถ้าพวก{IDENTITY_P}อย่างมึงไม่ยอมปรับตัวเข้าหาสังคม ก็สมควรโดนแบบนี้แหละ,ref_subs_clause_h,hateful,376,376,0,0
3.0,,,3,girl,เด็กผู้หญิง,hateful,ถ้า{IDENTITY_P}หายไปจากโลกนี้ ชีวิตเราคงจะดีขึ้นเยอะ,threat_norm_h,hateful,107,107,1,0
,3.0,,3,Cambodians,คนขแมร์,non-hateful,มันไม่โอเคเลยที่จะเรียกคนว่า{SLUR_S},counter_ref_nh,non-hateful,566,566,1,1
2.0,1.0,,2,hinduism,คนฮินดู,hateful,ถ้าพวก{IDENTITY_P}อย่างมึงไม่ยอมปรับตัวเข้าหาสังคม ก็สมควรโดนแบบนี้แหละ,ref_subs_clause_h,hateful,376,376,0,0
,3.0,,3,buddhism,คนพุทธ,non-hateful,ถ้าจะไปด่า{IDENTITY_P}ให้ไปตาย อย่าหวังให้พวกเขาเคารพมึงเลย,counter_ref_nh,non-hateful,569,569,0,0
3.0,,,3,Highland Indigenous People,คนกะเหรี่ยง,hateful,ขอให้{IDENTITY_P}ตายห่าให้หมด,threat_dir_h,hateful,98,98,0,0
1.0,2.0,,1,women,ผู้หญิง,non-hateful,ถ้าพวก{IDENTITY_P}อย่างมึงไม่ยอมปรับตัวเข้าหาสังคม ก็สมควรโดนแบบนี้แหละ,ref_subs_clause_h,hateful,376,376,0,0
3.0,,,3,Malay,คนมาเล,hateful,จะทรมานพวก{IDENTITY_P}แบบไม่มีเมตตา,threat_dir_h,hateful,93,93,0,0
3.0,,,0,girl,เด็กผู้หญิง,hateful,มันมีไอ{IDENTITY_S}ในทีมฟุตบอลของกู,ident_neutral_nh,non-hateful,491,491b,0,2
,3.0,,3,elderly,ผู้สูงอายุ,non-hateful,การเรียก{IDENTITY_P}ว่าเป็นแมลงสาบมันเป็นสิ่งที่แย่มากๆ นะ,counter_ref_nh,non-hateful,559,559,0,0
,3.0,,3,elderly,คนสูงวัย,non-hateful,มันไม่โอเคเลยที่จะเรียกคนว่า{SLUR_S},counter_ref_nh,non-hateful,566,566,1,1
3.0,,,3,hinduism,คนฮินดู,hateful,ทน{IDENTITY_P}ไม่ไหวเลยวะ,derog_neg_emote_h,hateful,2,2a,0,0
3.0,,,3,Thai-Central,คนกรุง,hateful,กุจะทำให้พวก{IDENTITY_P}ทรมาณ,threat_dir_h,hateful,85,85,0,0
,3.0,,3,tomboy,ทอม,non-hateful,ถ้าไม่มี{IDENTITY_P}แบบมึง โลกคงแย่แน่เลย,ident_pos_nh,non-hateful,531,531,0,0
3.0,,,3,elderly,ผู้สูงอายุ,hateful,พวก{IDENTITY_P}อย่างมึงนี่มันน่าสมเพชจริงๆ,derog_neg_attrib_h,hateful,29,29,0,0
,3.0,,3,hinduism,คนฮินดู,non-hateful,การที่มึงเกลียด{IDENTITY_P}นี่โคตรเข้าใจผิดเลย,counter_ref_nh,non-hateful,552,552,0,0
3.0,,,3,christianity,คนคริสต์,hateful,อีพวก{IDENTITY_P}โง่กันทุกคน,negate_pos_h,hateful,404,404,0,0
,3.0,,3,Thai Isan,คนอีสาน,non-hateful,มึงจะเหมารวมว่า{IDENTITY_P}ทุกคนโง่ไม่ได้ปะวะ,counter_ref_nh,non-hateful,557,557,0,0
,3.0,,3,gay,เกย์,non-hateful,ถ้าไม่มี{IDENTITY_P}แบบมึง โลกคงแย่แน่เลย,ident_pos_nh,non-hateful,531,531,0,0
3.0,,,3,male,ผู้ชาย,hateful,เท่าที่เรารู้อีพวก{IDENTITY_P}เป็นขยะของมนุษย์,phrase_opinion_h,hateful,469,469b,0,0
3.0,,,3,male,ผู้ชาย,hateful,ควรให้คนไปจัดการกับไอพวก{IDENTITY_P}ให้หมด,threat_norm_h,hateful,119,119,0,0
3.0,,,3,buddhism,คนพุทธ,hateful,พวก{IDENTITY_P}ก็แบบนี้แหละ มันน่ารังเกียจชิบหาย,ref_subs_sent_h,hateful,385,385,0,0
3.0,,,3,disbabled,คนพิการ,hateful,ไม่น่ามีใครเหี้ยไปกว่าพวก{IDENTITY_P}ละ,derog_neg_emote_h,hateful,12,12,0,0
3.0,,,3,buddhism,คนพุทธ,hateful,พวกมันก็แค่{SLUR_P},slur_h,hateful,125,125,1,1
3.0,,,3,elderly,คนสูงวัย,hateful,ผิดตรงไหนที่คิดว่าชีวิตของ{IDENTITY_A}ไม่มีค่า,phrase_question_h,hateful,459,459,0,0
3.0,,,3,boy,เด็กผู้ชาย,hateful,จากสันดานพวก{IDENTITY_P}แม่งก็เป็นได้แค่ขยะสังคมเท่านั้นแหละ,profanity_h,hateful,251,251,0,0
3.0,,,3,buddhism,คนพุทธ,hateful,เราไม่กินอาหารที่กับอิพวก{IDENTITY_S}จับเด็ดขาด,derog_impl_h,hateful,66,66a,1,0
,3.0,,3,girl,เด็กผู้หญิง,non-hateful,ในโลกที่ยุติธรรม{IDENTITY_P}ทุกคนควรได้รับการยกย่อง,ident_pos_nh,non-hateful,530,530,0,0
,3.0,,3,migrant workers,แรงงานต่างด้าว,non-hateful,เราไม่ควรปล่อยให้{IDENTITY_P}ต้องทนทุกข์,negate_neg_nh,non-hateful,439,439,0,0
3.0,,,3,Thai Isan,คนอีสาน,hateful,สำหรับกูแล้ว ไอ้พวก{IDENTITY_P}ก็ไปตายซะเถอะ,phrase_opinion_h,hateful,480,480,0,0
,3.0,,3,boy,เด็กผู้ชาย,non-hateful,มีแต่{IDENTITY_P}เท่านั้นแหละ ที่ใจดีและเห็นอกเห็นใจแบบนี้,ident_pos_nh,non-hateful,511,511,0,0
,3.0,,3,Myanmar,คนพม่า,non-hateful,{IDENTITY_P} นี่แหละ ที่สมควรเป็นหนึ่งในรัฐบาลของเรา,ident_pos_nh,non-hateful,518,518,0,0
,3.0,,3,Thai-Laos,คนลาว,non-hateful,"การที่มึงบอกว่า ""{IDENTITY_P} แม่งเป็นพวกขยะ"" มันแสดงถึงตัวมึงเองนะเว้ย",counter_quote_nh,non-hateful,551,551,0,0
3.0,,,3,hinduism,คนฮินดู,hateful,ไอพวก{IDENTITY_P} ที่คิดว่าตัวเองเท่ากับกู กูโกรธมาก,derog_neg_emote_h,hateful,16,16,0,0
3.0,,,3,girl,เด็กผู้หญิง,hateful,ไม่แปลกหรอกที่ไอเดียมันห่วยแตก ก็มันมาจาก{IDENTITY_S}นี่หว่า,ref_subs_sent_h,hateful,399,399,0,0
3.0,,,3,disbabled,คนพิการ,hateful,น่าจะมีใครไปแทงพวก{IDENTITY_P}ให้ตายๆ ไปซะที,threat_norm_h,hateful,118,118,0,0
3.0,,,3,girl,เด็กผู้หญิง,hateful,น่าจะมีใครไปแทงพวก{IDENTITY_P}ให้ตายๆ ไปซะที,threat_norm_h,hateful,118,118,1,0
,3.0,,3,buddhism,คนพุทธ,non-hateful,คนต้องเข้าใจว่า{IDENTITY_P}ไม่ใช่ภัยต่อสังคม,negate_neg_nh,non-hateful,425,425,0,0
3.0,,,3,male,ผู้ชาย,hateful,จะทรมานพวก{IDENTITY_P}แบบไม่มีเมตตา,threat_dir_h,hateful,93,93,0,0
3.0,,,3,trans/ladyboy,คนแปลงเพศ,hateful,{IDENTITY_P} พวกนี้มันเข้ากับสังคมไม่ได้หรอก ควรโดนประหารให้หมด,ref_subs_sent_h,hateful,397,397,0,0
3.0,,,3,boy,เด็กผู้ชาย,hateful,กุเกลียดพวก{IDENTITY_P}มากๆ,derog_neg_emote_h,hateful,8,8,0,0
3.0,,,3,labour workers,แรงงาน,hateful,ก็พวก{IDENTITY_P}มันโง่แบบนี้เป็นปกติอยู่แล้วนิ,phrase_opinion_h,hateful,464,464,0,0
3.0,,,3,Thai-Central,คนเมือง,hateful,ชีวิตพวก{IDENTITY_A}มันไร้ค่า,derog_dehum_h,hateful,53,53,0,0
,3.0,,3,women,ผู้หญิง,non-hateful,มันทำงานกับพวก{IDENTITY_P}เยอะ,ident_neutral_nh,non-hateful,486,486,0,0
3.0,,,3,Highland Indigenous People,คนกะเหรี่ยง,hateful,กุต้องไปข่มขืน{IDENTITY_S}วันนี้,threat_dir_h,hateful,87,87,0,0
,3.0,,3,buddhism,คนพุทธ,non-hateful,ถ้าไม่มี{IDENTITY_P}แบบมึง โลกคงแย่แน่เลย,ident_pos_nh,non-hateful,531,531,0,0
3.0,,,3,gay,เกย์,hateful,พวก{IDENTITY_P}มันรกโลก,derog_dehum_h,hateful,55,55,0,0
,3.0,,3,tomboy,ทอม,non-hateful,เราไม่ได้เกลียดพวก{IDENTITY_P},negate_neg_nh,non-hateful,423,423,0,0
,3.0,,3,Thai Isan,คนอีสาน,non-hateful,ใครที่ไปแช่งว่า{IDENTITY_P}ควรตายๆ ไป สมควรโดนจับเข้าคุกให้หมด,counter_quote_nh,non-hateful,542,542,0,0
,3.0,,3,islam,คนอิสลาม,non-hateful,กุรัก{IDENTITY_P}มากกกกก,ident_pos_nh,non-hateful,503,503,0,0
3.0,,,3,male,ผู้ชาย,hateful,อีพวก{IDENTITY_P}โง่กันทุกคน,negate_pos_h,hateful,404,404,0,0
,3.0,,3,Thai-Laos,คนลาว,non-hateful,มันทำงานกับพวก{IDENTITY_P}เยอะ,ident_neutral_nh,non-hateful,486,486,0,0
3.0,,,3,Thai-Central,คนกรุง,hateful,แน่นอนว่าพวก{IDENTITY_P}ไม่สมควรได้สิทธิมนุษยชน,negate_pos_h,hateful,406,406,0,0
,3.0,,3,Thai-Laos,คนลาว,non-hateful,"อะไรที่ทำให้มึงพูดว่า ""{IDENTITY_P} น่ารังเกียจขนาดนี้""",counter_quote_nh,non-hateful,533,533,0,0
3.0,,,3,boy,เด็กผู้ชาย,hateful,จะทรมานพวก{IDENTITY_P}แบบไม่มีเมตตา,threat_dir_h,hateful,93,93,0,0
3.0,,,3,buddhism,คนพุทธ,hateful,{IDENTITY_P}สมควรจะอยู่ในสวนสัตว์เลย,derog_impl_h,hateful,61,61,0,0
1.0,2.0,,2,elderly,คนสูงวัย,non-hateful,รู้สึกไม่ดีที่เห็นคนพวกนั้นไปด้อยค่าชีวิต{IDENTITY_A},counter_ref_nh,non-hateful,560,560,0,0
,3.0,,3,elderly,ผู้สูงอายุ,non-hateful,มี{IDENTITY_P}ในคอร์สมึงป่ะ,ident_neutral_nh,non-hateful,488,488,0,1
3.0,,,3,Thai-Laos,คนลาว,hateful,พวกมึงและ{IDENTITY_P}ในประเทศนี้ทำให้กุโคตรโกรธเลย,derog_neg_emote_h,hateful,18,18,0,0
,3.0,,3,trans/ladyboy,ตุ๊ด,non-hateful,รู้สึกไม่ดีที่เห็นคนพวกนั้นไปด้อยค่าชีวิต{IDENTITY_A},counter_ref_nh,non-hateful,560,560,0,0
3.0,,,3,Highland Indigenous People,คนกะเหรี่ยง,hateful,กุหมั่นใส้{IDENTITY_P}ชห,derog_neg_emote_h,hateful,4,4,0,0
3.0,,,3,elderly,ผู้สูงอายุ,hateful,เจอ{IDENTITY_P}มาหลายคน กุเกลียดหมดเลย,ref_subs_clause_h,hateful,362,362,0,0
3.0,,,3,boy,เด็กผู้ชาย,hateful,กุหมั่นใส้{IDENTITY_P}ชห,derog_neg_emote_h,hateful,4,4,0,0
,3.0,,3,Malay,คนมาเลย์,non-hateful,ทำไมคิดว่ามันโอเคที่จะเรียกกุว่า{SLUR_S},counter_ref_nh,non-hateful,568,568,1,1
3.0,,,3,Malay,คนมาเล,hateful,ไอพวก{IDENTITY_P}ไปตายซะเถอะ,profanity_h,hateful,246,246,0,0
3.0,,,3,gay,เกย์,hateful,มีแต่พวก{IDENTITY_P}เท่านั้นแหละที่โง่ได้ขนาดนี้,derog_neg_attrib_h,hateful,34,34,0,0
3.0,,,3,Highland Indigenous People,คนกะเหรี่ยง,hateful,ควรเป็นเรื่องถูกกฎหมายที่จะฆ่า{IDENTITY_S}อย่างเช่นมึง,threat_norm_h,hateful,111,111a,0,0
3.0,,,3,Thai-Laos,คนลาว,hateful,{IDENTITY_P} พวกนี้ควรจะถูกประหารให้สิ้นซากไป,threat_norm_h,hateful,112,112a,0,0
3.0,,,3,women,ผู้หญิง,hateful,ควรเป็นเรื่องถูกกฎหมายที่จะฆ่า{IDENTITY_S}อย่างเช่นมึง,threat_norm_h,hateful,111,111a,0,0
3.0,,,3,Myanmar,คนพม่า,hateful,พวก{IDENTITY_P}ไปตายซะเถอะ,profanity_h,hateful,243,243,0,0
2.0,1.0,,2,labour workers,แรงงาน,hateful,งงว่าทำไมคนถึงสนใจไอพวก{IDENTITY_P},derog_impl_h,hateful,71,71,0,0
3.0,,,3,Chinese-Thai,คนไทยเชื้อสายจีน,hateful,พวก{IDENTITY_P}แม่งโคตรน่ารำคาญเลยว่ะ,derog_dehum_h,hateful,57,57,0,0
3.0,,,3,buddhism,คนพุทธ,hateful,{IDENTITY_P} พวกนี้ควรจะถูกประหารให้สิ้นซากไป,threat_norm_h,hateful,112,112a,0,0
3.0,,,3,Thai-Central,คนเมือง,hateful,พวกมันก็แค่{SLUR_P},slur_h,hateful,125,125,0,1
,3.0,,3,Thai-Central,คนกรุง,non-hateful,ดีใจที่คนเริ่มรู้แล้วว่า{IDENTITY_P}ไม่ได้โง่เลยสักนิด,negate_neg_nh,non-hateful,426,426b,0,0
3.0,,,3,disbabled,คนพิการ,hateful,{IDENTITY_P} ในประเทศนี้ทำกุหงุดหงิดชิบหายเลย,profanity_h,hateful,255,255,0,0
1.0,2.0,,2,Cambodians,คนเขมร,non-hateful,โรงเรียนกูแทบไม่มีพวก{IDENTITY_P},ident_neutral_nh,non-hateful,497,497a,0,0
3.0,,,3,Thai Isan,คนอีสาน,hateful,ไอ้พวก{IDENTITY_P}ที่กล้าเถียงกุ กุอยากจะฆ่ามันให้ตาย,ref_subs_clause_h,hateful,372,372,0,0
3.0,,,3,tomboy,ทอม,hateful,กำจัด{IDENTITY_P}ให้สิ้นซากไปเลยดีกว่า,threat_dir_h,hateful,95,95,0,0
3.0,,,3,disbabled,คนพิการ,hateful,เท่าที่เรารู้อีพวก{IDENTITY_P}เป็นขยะของมนุษย์,phrase_opinion_h,hateful,469,469b,0,0
3.0,,,3,Cambodians,คนเขมร,hateful,ก็แค่พวก{IDENTITY_P} ยิงแม่งทิ้งไปเลยดีกว่า,ref_subs_sent_h,hateful,396,396,0,0
3.0,,,3,women,ผู้หญิง,hateful,อยากเห็นอีพวก{IDENTITY_P}เจ็บปวด,threat_norm_h,hateful,103,103,0,0
,3.0,,3,boy,เด็กผู้ชาย,non-hateful,พวก{IDENTITY_P} ได้เป็นสมาชิกสภาฯ 3 คน,ident_neutral_nh,non-hateful,495,495,0,0
3.0,,,0,gay,เกย์,hateful,มันมีไอ{IDENTITY_S}ในทีมฟุตบอลของกู,ident_neutral_nh,non-hateful,491,491b,0,0
3.0,,,3,Cambodians,คนเขมร,hateful,เออ ถึงเวลายอมรับกันได้แล้วว่า{IDENTITY_P}มันเหมือนเซลล์ร้ายเลยละ,phrase_question_h,hateful,452,452b,0,0
3.0,,,3,tomboy,ทอม,hateful,มันเป็นสันดานของอีพวก{IDENTITY_P}ที่จะไม่มีวันเจริญ,derog_neg_attrib_h,hateful,32,32,0,0
,3.0,,3,girl,เด็กผู้หญิง,non-hateful,มีแต่{IDENTITY_P}เท่านั้นแหละ ที่ใจดีและเห็นอกเห็นใจแบบนี้,ident_pos_nh,non-hateful,511,511,0,0
3.0,,,3,Malay,คนมาเล,hateful,เห็นไหมว่าเราจะดีกว่านี้ถ้าอีพวก{IDENTITY_P} ถูกกำจัดออกไป,phrase_question_h,hateful,457,457,0,0
3.0,,,3,gay,เกย์,hateful,ไอ้ลิงนั้นฉลาดกว่าพวก{IDENTITY_P}รวมกันอีก,derog_impl_h,hateful,64,64,0,0
,3.0,,3,women,ผู้หญิง,non-hateful,เราควรเคารพ{IDENTITY_P} นะ,ident_pos_nh,non-hateful,525,525b,0,0
3.0,,,3,hinduism,คนฮินดู,hateful,น่าจะมีใครไปแทงพวก{IDENTITY_P}ให้ตายๆ ไปซะที,threat_norm_h,hateful,118,118,0,0
,3.0,,3,girl,เด็กผู้หญิง,non-hateful,มันทำงานกับพวก{IDENTITY_P}เยอะ,ident_neutral_nh,non-hateful,486,486,1,0
3.0,,,3,hinduism,คนฮินดู,hateful,อยากเห็นอีพวก{IDENTITY_P}เจ็บปวด,threat_norm_h,hateful,103,103,0,0
3.0,,,3,christianity,คนคริสต์,hateful,กุว่ามีแค่{IDENTITY_P}เท่านั้นแหละที่โง่ขนาดนี้,phrase_opinion_h,hateful,463,463,0,0
3.0,,,3,migrant workers,แรงงานต่างด้าว,hateful,อีพวก{IDENTITY_P}แบบมึงควรรู้ว่าชีวิตมึงไร้ค่า,ref_subs_clause_h,hateful,371,371,0,0
3.0,,,3,buddhism,คนพุทธ,hateful,พวก{IDENTITY_P}ต้องไสหัวออกไปจากประเทศของเราให้หมด,profanity_h,hateful,245,245,0,0
3.0,,,3,elderly,ผู้สูงอายุ,hateful,พวก{IDENTITY_P}มันเป็นพวกสัตว์ชั้นต่ำ,derog_dehum_h,hateful,59,59b,0,0
3.0,,,3,girl,เด็กผู้หญิง,hateful,ถ้าถามเราอ่ะนะ{IDENTITY_P}แบบมึงก็ไม่ต่างจากหนูหรอก,phrase_opinion_h,hateful,471,471,1,0
3.0,,,3,gay,เกย์,hateful,ไม่น่ามีใครเหี้ยไปกว่าพวก{IDENTITY_P}ละ,derog_neg_emote_h,hateful,12,12,0,0
3.0,,,3,girl,เด็กผู้หญิง,hateful,{IDENTITY_P} ในประเทศนี้ทำกุหงุดหงิดชิบหายเลย,profanity_h,hateful,255,255,1,0
,3.0,,3,Highland Indigenous People,คนกะเหรี่ยง,non-hateful,ถ้าจะไปด่า{IDENTITY_P}ให้ไปตาย อย่าหวังให้พวกเขาเคารพมึงเลย,counter_ref_nh,non-hateful,569,569,0,0
3.0,,,3,male,ผู้ชาย,hateful,เจอ{IDENTITY_P}มาหลายคน กุเกลียดหมดเลย,ref_subs_clause_h,hateful,362,362,0,0
,3.0,,3,Chinese-Thai,คนไทยเชื้อสายจีน,non-hateful,รัก{IDENTITY_P}จังเลยยย 💖💖💖,ident_pos_nh,non-hateful,502,502,0,0
3.0,,,3,Thai,คนไทย,hateful,จะทรมานพวก{IDENTITY_P}แบบไม่มีเมตตา,threat_dir_h,hateful,93,93,0,0
3.0,,,3,Cambodians,คนเขมร,hateful,{IDENTITY_P} ในประเทศนี้ทำกุหงุดหงิดชิบหายเลย,profanity_h,hateful,255,255,0,0
3.0,,,3,Malay,คนมาเล,hateful,กุจะทำให้พวก{IDENTITY_P}ทรมาณ,threat_dir_h,hateful,85,85,0,0
2.0,,1.0,2,tomboy,ทอม,hateful,มีแต่พวก io จาก{IDENTITY_P}เท่านั้นแหละที่คอยมาแซะรัฐบาล,derog_dehum_h,hateful,60,60b,0,0
3.0,,,3,trans/ladyboy,คนแปลงเพศ,hateful,ไม่มีทางที่กุจะยื่นมือไปช่วยชีวิต{IDENTITY_S}หรอกนะ,negate_pos_h,hateful,419,419,0,0
3.0,,,3,trans/ladyboy,คนแปลงเพศ,hateful,ไอ้พวก{IDENTITY_P}ที่กล้าเถียงกุ กุอยากจะฆ่ามันให้ตาย,ref_subs_clause_h,hateful,372,372,0,0
3.0,,,3,christianity,คนคริสต์,hateful,งงว่าทำไมคนถึงสนใจไอพวก{IDENTITY_P},derog_impl_h,hateful,71,71,0,0
3.0,,,3,migrant workers,แรงงานต่างด้าว,hateful,มันเป็นสันดานของไอพวก{IDENTITY_S}ที่น่ารำคาญและเหี้ย,profanity_h,hateful,259,259,0,0
2.0,1.0,,1,child,เด็ก,hateful,ชีวิตของ{IDENTITY_A}อาจจะไม่มีค่าอะไรสำหรับมึง แต่ความคิดของมึงมันไม่มีค่าอะไรเลย,counter_ref_nh,non-hateful,570,570,0,0
2.0,1.0,,1,,,hateful,พวกนี้มันชอบเปิดไซเรนทำเหี้ยไรวะ,target_obj_nh,non-hateful,626,626b,0,0
3.0,,,3,labour workers,แรงงาน,hateful,เป็นสันดานของ{SLUR_S}ที่มีมาตั้งแต่เกิดแล้วละ,slur_h,hateful,127,127,0,0
3.0,,,3,buddhism,คนพุทธ,hateful,ไอพวก{IDENTITY_P}ไม่ควรมีที่ยืนในประเทศที่เจริญแล้วแบบนี้,derog_impl_h,hateful,80,80,0,0
3.0,,,3,Malay,คนมาเล,hateful,งงว่าทำไมคนถึงสนใจไอพวก{IDENTITY_P},derog_impl_h,hateful,71,71,0,0
,3.0,,3,buddhism,คนพุทธ,non-hateful,มี{IDENTITY_P}ในคอร์สมึงป่ะ,ident_neutral_nh,non-hateful,488,488,0,1
3.0,,,3,male,ผู้ชาย,hateful,มันเป็นสันดานของไอพวก{IDENTITY_S}ที่น่ารำคาญและเหี้ย,profanity_h,hateful,259,259,0,0
3.0,,,3,Chinese-Thai,คนไทยเชื้อสายจีน,hateful,ทุก{IDENTITY_P}น่ารังเกียจ,derog_neg_attrib_h,hateful,22,22a,1,0
3.0,,,3,Malay,คนมาเล,hateful,ทำไมไอพวก{IDENTITY_P}เป็นห่ากันแบบนี้หมดเลยวะ,phrase_question_h,hateful,460,460,0,0
3.0,,,3,tomboy,ทอม,hateful,กูจะทำร้ายพวก{IDENTITY_P}แบบมึง,threat_dir_h,hateful,88,88,0,0
3.0,,,3,gay,เกย์,hateful,สำหรับกูแล้ว ไอ้พวก{IDENTITY_P}ก็ไปตายซะเถอะ,phrase_opinion_h,hateful,480,480,0,0
3.0,,,3,Thai,คนไทย,hateful,อีพวก{IDENTITY_P}แบบมึงควรรู้ว่าชีวิตมึงไร้ค่า,ref_subs_clause_h,hateful,371,371,0,0
2.0,1.0,,2,male,นาย,hateful,ชีวิตอีพวก{IDENTITY_A}ไม่มีค่าเลย,negate_pos_h,hateful,410,410,1,0
3.0,,,3,Highland Indigenous People,คนกะเหรี่ยง,hateful,มีแต่พวก{IDENTITY_P}เท่านั้นแหละที่โง่ได้ขนาดนี้,derog_neg_attrib_h,hateful,34,34,0,0
3.0,,,3,Thai,คนไทย,hateful,กุจะทำให้พวก{IDENTITY_P}ทรมาณ,threat_dir_h,hateful,85,85,0,0
,2.0,1.0,2,buddhism,คนพุทธ,non-hateful,มันไม่โอเคเลยที่จะเรียกคนว่า{SLUR_S},counter_ref_nh,non-hateful,566,566,1,0
3.0,,,3,migrant workers,แรงงานต่างด้าว,hateful,แล้วกุผิดตรงไหนที่บอกว่า{IDENTITY_P}อย่างมึงสมควรตาย,phrase_question_h,hateful,456,456,0,0
3.0,,,3,Thai-Laos,คนลาว,hateful,เราจะยิง{IDENTITY_S}ต่อไปที่เห็น,threat_dir_h,hateful,84,84a,1,0
3.0,,,3,islam,คนอิสลาม,hateful,ไม่เข้าใจเลยว่าทำไมถึงชอบ{IDENTITY_P}ทุกอย่างทั้งหมดเกี่ยวกับมันน่าขยะแขยงสุดๆ อ่ะ,ref_subs_sent_h,hateful,383,383,0,0
3.0,,,3,Cambodians,คนเขมร,hateful,มีแต่พวก{IDENTITY_P}เท่านั้นแหละที่โง่ได้ขนาดนี้,derog_neg_attrib_h,hateful,34,34,0,0
2.0,1.0,,2,male,ผู้ชาย,hateful,กุคงโอเคกับ{IDENTITY_P} ถ้าพวกมันไม่เหี้ยขนาดนี้,ref_subs_clause_h,hateful,381,381,0,0
3.0,,,3,elderly,ผู้สูงอายุ,hateful,พวก{IDENTITY_P}อย่างมึงเป็นเหี้ยไรมากปะ,profanity_h,hateful,242,242b,0,0
,3.0,,3,Thai,คนไทย,non-hateful,มึงต้องรับผิดชอบคำพูดของมึงนะ ถ้ามึงพูดว่ามึงจะไปข่มขืน{IDENTITY_S},counter_ref_nh,non-hateful,562,562,0,1
3.0,,,3,hinduism,คนฮินดู,hateful,พวก{IDENTITY_P}อย่างมึงเป็นเหี้ยไรมากปะ,profanity_h,hateful,242,242b,0,0
,3.0,,3,elderly,ผู้สูงอายุ,non-hateful,พรุ่งนี้กุจะไปกอด{IDENTITY_S},ident_pos_nh,non-hateful,520,520,0,0
3.0,,,3,Thai-Laos,คนลาว,hateful,ก็แค่พวก{IDENTITY_P} ยิงแม่งทิ้งไปเลยดีกว่า,ref_subs_sent_h,hateful,396,396,0,0
3.0,,,3,gay,เกย์,hateful,ไม่มีทางที่กุจะยื่นมือไปช่วยชีวิต{IDENTITY_S}หรอกนะ,negate_pos_h,hateful,419,419,0,0
3.0,,,3,Thai,คนไทย,hateful,ทุก{IDENTITY_P}น่ารังเกียจ,derog_neg_attrib_h,hateful,22,22a,2,0
,3.0,,3,Chinese-Thai,คนไทยเชื้อสายจีน,non-hateful,คนต้องเข้าใจว่า{IDENTITY_P}ไม่ใช่ภัยต่อสังคม,negate_neg_nh,non-hateful,425,425,0,0
3.0,,,3,christianity,คนคริสต์,hateful,เออ ถึงเวลายอมรับกันได้แล้วว่า{IDENTITY_P}มันเหมือนเซลล์ร้ายเลยละ,phrase_question_h,hateful,452,452b,0,0
3.0,,,3,islam,คนอิสลาม,hateful,ควรให้คนไปจัดการกับไอพวก{IDENTITY_P}ให้หมด,threat_norm_h,hateful,119,119,0,0
3.0,,,3,labour workers,แรงงาน,hateful,อีพวก{IDENTITY_P}แบบมึงควรรู้ว่าชีวิตมึงไร้ค่า,ref_subs_clause_h,hateful,371,371,0,0
3.0,,,3,Highland Indigenous People,คนกะเหรี่ยง,hateful,พวก{IDENTITY_P}มันรกโลก,derog_dehum_h,hateful,55,55,0,0
,3.0,,3,boy,เด็กผู้ชาย,non-hateful,อย่ายืนเฉยดิ พวก{IDENTITY_P}กำลังโดนฆ่าอยู่,negate_neg_nh,non-hateful,440,440,0,0
,3.0,,3,male,ผู้ชาย,non-hateful,ในโลกที่ยุติธรรม{IDENTITY_P}ทุกคนควรได้รับการยกย่อง,ident_pos_nh,non-hateful,530,530,0,0
,3.0,,3,elderly,ผู้สูงอายุ,non-hateful,"ประโยคอย่าง ""อีพวก{IDENTITY_P}เป็นขยะ"" มันเจ็บใจสุดๆ",counter_quote_nh,non-hateful,537,537,0,0
3.0,,,3,Highland Indigenous People,คนกะเหรี่ยง,hateful,เออ ถึงเวลายอมรับกันได้แล้วว่า{IDENTITY_P}มันเหมือนเซลล์ร้ายเลยละ,phrase_question_h,hateful,452,452b,0,0
3.0,,,3,hinduism,คนฮินดู,hateful,อย่าให้{IDENTITY_S}มีชีวิตอยู่ต่อไปเลย,negate_pos_h,hateful,417,417,0,0
3.0,,,3,male,ผู้ชาย,hateful,ในโลกที่ยุติธรรม อีพวก{IDENTITY_P}อย่างมึงควรตายห่าให้หมด,threat_norm_h,hateful,114,114,0,0
3.0,,,3,trans/ladyboy,ตุ๊ด,hateful,กุจะหักคอมึง ไอ{IDENTITY_A},threat_dir_h,hateful,91,91,0,0
3.0,,,3,disbabled,คนพิการ,hateful,พวก{IDENTITY_P}คงไม่กล้าขำกุ ถ้ากุเริ่มยิงใส่พวกแม่ง,ref_subs_clause_h,hateful,374,374,0,0
3.0,,,3,elderly,ผู้สูงอายุ,hateful,ไอเดียที่ออกจากปาก{IDENTITY_S}น่ะ ก็เป็นเพียงความคิดห่วยแตกอันนึง,profanity_h,hateful,253,253,0,0
3.0,,,3,disbabled,คนพิการ,hateful,พวก{IDENTITY_P}ต้องไสหัวออกไปจากประเทศของเราให้หมด,profanity_h,hateful,245,245,0,0
,3.0,,3,Cambodians,คนเขมร,non-hateful,มี{IDENTITY_P}ในคอร์สมึงป่ะ,ident_neutral_nh,non-hateful,488,488,0,1
3.0,,,3,christianity,คนคริสต์,hateful,ทุก{IDENTITY_P}น่ารังเกียจ,derog_neg_attrib_h,hateful,22,22a,1,0
3.0,,,3,women,ผู้หญิง,hateful,ก็แค่พวก{IDENTITY_P} ยิงแม่งทิ้งไปเลยดีกว่า,ref_subs_sent_h,hateful,396,396,0,0
,3.0,,3,Thai,คนไทย,non-hateful,มากกว่าครึ่งที่เป็น{IDENTITY_P},ident_neutral_nh,non-hateful,494,494,0,1
3.0,,,3,Thai Isan,คนอีสาน,hateful,ไม่เห็นหรือไงว่าอีพวก{IDENTITY_P}มันต่ำตม,phrase_question_h,hateful,446,446,0,0
3.0,,,3,tomboy,ทอม,hateful,เกลียดไอ{IDENTITY_S}ที่สุดในโลก,derog_impl_h,hateful,79,79,0,0
,3.0,,3,islam,คนอิสลาม,non-hateful,เราต้องไม่ให้{IDENTITY_P}โดนทำร้ายอีกต่อไป,negate_neg_nh,non-hateful,435,435b,0,0
,3.0,,3,Myanmar,คนพม่า,non-hateful,การที่มึงเกลียด{IDENTITY_P}นี่โคตรเข้าใจผิดเลย,counter_ref_nh,non-hateful,552,552,0,0
,3.0,,3,tomboy,ทอม,non-hateful,"ประโยคอย่าง ""อีพวก{IDENTITY_P}เป็นขยะ"" มันเจ็บใจสุดๆ",counter_quote_nh,non-hateful,537,537,0,0
3.0,,,3,christianity,คนคริสต์,hateful,ก็พวก{IDENTITY_P}มันโง่แบบนี้เป็นปกติอยู่แล้วนิ,phrase_opinion_h,hateful,464,464,0,0
3.0,,,3,buddhism,คนพุทธ,hateful,พวกมึงและ{IDENTITY_P}ในประเทศนี้ทำให้กุโคตรโกรธเลย,derog_neg_emote_h,hateful,18,18,0,0
3.0,,,3,male,ผู้ชาย,hateful,ไอ้พวก{IDENTITY_P}ที่กล้าเถียงกุ กุอยากจะฆ่ามันให้ตาย,ref_subs_clause_h,hateful,372,372,0,0
3.0,,,3,Thai-Central,คนกรุง,hateful,ให้ตายยังไงกุก็ไม่เดทกับ{IDENTITY_S}หรอก,derog_impl_h,hateful,76,76,0,0
2.0,1.0,,1,,,hateful,หวังว่าพวกเหยียดเพศอย่างมึงจะโดนปาดคอ,target_group_nh,non-hateful,754,754,0,0
,3.0,,3,islam,คนอิสลาม,non-hateful,ไม่มี{IDENTITY_S}คนไหนสมควรโดนประหารชีวิตทั้งนั้นแหละ,negate_neg_nh,non-hateful,441,441,0,0
3.0,,,3,elderly,ผู้สูงอายุ,hateful,ควรเป็นเรื่องถูกกฎหมายที่จะฆ่า{IDENTITY_S}อย่างเช่นมึง,threat_norm_h,hateful,111,111a,0,0
3.0,,,3,gay,เกย์,hateful,มึงก็แค่{SLUR_S}ในสายตากู,slur_h,hateful,122,122,0,1
,3.0,,3,migrant workers,แรงงานต่างด้าว,non-hateful,มันไม่โอเคเลยที่จะเรียกคนว่า{SLUR_S},counter_ref_nh,non-hateful,566,566,0,0
,3.0,,3,Thai,คนไทย,non-hateful,เราไม่ได้เกลียดพวก{IDENTITY_P},negate_neg_nh,non-hateful,423,423,0,0
,3.0,,3,migrant workers,แรงงานต่างด้าว,non-hateful,กุไม่มีทางทำร้าย{IDENTITY_S}เด็ดขาด,negate_neg_nh,non-hateful,434,434,0,0
3.0,,,3,Thai-Central,คนกรุง,hateful,พวก{IDENTITY_P}มันเป็นพวกสัตว์ชั้นต่ำ,derog_dehum_h,hateful,59,59b,0,0
3.0,,,3,Thai-Laos,คนลาว,hateful,จะทรมานพวก{IDENTITY_P}แบบไม่มีเมตตา,threat_dir_h,hateful,93,93,0,0
,3.0,,3,Highland Indigenous People,คนกะเหรี่ยง,non-hateful,พรุ่งนี้กุจะไปช่วย{IDENTITY_S},ident_pos_nh,non-hateful,523,523,0,0
3.0,,,3,Cambodians,คนเขมร,hateful,ไอสัด {IDENTITY_S}จะต้องตายด้วยความทรมาณจากมือของกุ,threat_dir_h,hateful,100,100,0,0
,3.0,,3,migrant workers,แรงงานต่างด้าว,non-hateful,"เราไม่ให้เกียรติคนที่เขียนว่า ""มี{SLUR_P}เยอะเกินในประเทศนี้""",counter_quote_nh,non-hateful,546,546,0,0
3.0,,,3,Thai-Central,คนเมือง,hateful,ผิดตรงไหนที่คิดว่าชีวิตของ{IDENTITY_A}ไม่มีค่า,phrase_question_h,hateful,459,459,0,0
3.0,,,3,Myanmar,คนพม่า,hateful,กุเจอ{IDENTITY_P}มามากพอจนรู้ละว่าพวกมันแม่งเหี้ยทุกคน,ref_subs_clause_h,hateful,380,380,0,0
3.0,,,3,boy,เด็กผู้ชาย,hateful,เห็นไหมว่าเราจะดีกว่านี้ถ้าอีพวก{IDENTITY_P} ถูกกำจัดออกไป,phrase_question_h,hateful,457,457,0,0
,3.0,,3,disbabled,คนพิการ,non-hateful,พรุ่งนี้กุจะไปกอด{IDENTITY_S},ident_pos_nh,non-hateful,520,520,0,0
3.0,,,3,Thai-Central,คนกรุง,hateful,ไม่มีทางที่กุจะยื่นมือไปช่วยชีวิต{IDENTITY_S}หรอกนะ,negate_pos_h,hateful,419,419,0,0
3.0,,,3,male,ผู้ชาย,hateful,เป็นธรรมดาของ{IDENTITY_S}ที่จะเหี้ยแบบนี้,profanity_h,hateful,252,252,0,0
3.0,,,3,Highland Indigenous People,คนกะเหรี่ยง,hateful,ไม่มีอะไรเหี้ยไปกว่าไอ{IDENTITY_S}แล้ว,derog_neg_emote_h,hateful,14,14,0,0
3.0,,,3,Myanmar,คนพม่า,hateful,ทน{IDENTITY_P}ไม่ไหวเลยวะ,derog_neg_emote_h,hateful,2,2a,0,0
3.0,,,3,gay,เกย์,hateful,ถ้ากุตื่นมาแล้วเป็น{IDENTITY_S} กุคงฆ่าตัวตาย,derog_impl_h,hateful,78,78,0,0
3.0,,,3,Thai,คนไทย,hateful,แล้วกุผิดตรงไหนที่บอกว่า{IDENTITY_P}อย่างมึงสมควรตาย,phrase_question_h,hateful,456,456,0,0
,3.0,,3,hinduism,คนฮินดู,non-hateful,กุจะไม่ยอมให้มีการฆ่าล้างเผ่าพันธุ์{IDENTITY_P}ในประเทศนี้,negate_neg_nh,non-hateful,431,431,0,0
1.0,2.0,,2,male,ชายแท้,non-hateful,ทำไมคิดว่ามันโอเคที่จะเรียกกุว่า{SLUR_S},counter_ref_nh,non-hateful,568,568,0,0
3.0,,,0,,,hateful,กุเกลียดพวกคนงานก่อสร้างชห,target_group_nh,non-hateful,704,704,0,0
3.0,,,3,women,ผู้หญิง,hateful,แล้วกุผิดตรงไหนที่บอกว่า{IDENTITY_P}อย่างมึงสมควรตาย,phrase_question_h,hateful,456,456,0,0
3.0,,,0,migrant workers,แรงงานต่างด้าว,hateful,มันมีไอ{IDENTITY_S}ในทีมฟุตบอลของกู,ident_neutral_nh,non-hateful,491,491b,0,0
,3.0,,3,christianity,คนคริสต์,non-hateful,อย่ายืนเฉยดิ พวก{IDENTITY_P}กำลังโดนฆ่าอยู่,negate_neg_nh,non-hateful,440,440,0,0
2.0,1.0,,2,gay,เกย์,hateful,ถ้าพวก{IDENTITY_P}อย่างมึงไม่ยอมปรับตัวเข้าหาสังคม ก็สมควรโดนแบบนี้แหละ,ref_subs_clause_h,hateful,376,376,0,0
3.0,,,3,trans/ladyboy,คนแปลงเพศ,hateful,ถ้าถามเราอ่ะนะ{IDENTITY_P}แบบมึงก็ไม่ต่างจากหนูหรอก,phrase_opinion_h,hateful,471,471,0,0
3.0,,,3,labour workers,แรงงาน,hateful,ทน{IDENTITY_P}ไม่ไหวเลยวะ,derog_neg_emote_h,hateful,2,2a,0,0
3.0,,,3,Thai-Central,คนกรุง,hateful,สำหรับกูแล้ว ไอ้พวก{IDENTITY_P}ก็ไปตายซะเถอะ,phrase_opinion_h,hateful,480,480,0,0
3.0,,,3,Malay,คนมาเล,hateful,พวก{IDENTITY_P}อย่างมึงนี่มันน่าสมเพชจริงๆ,derog_neg_attrib_h,hateful,29,29,0,0
,3.0,,3,Cambodians,คนเขมร,non-hateful,พรุ่งนี้กุจะไปกอด{IDENTITY_S},ident_pos_nh,non-hateful,520,520,0,0
2.0,,1.0,2,Cambodians,คนเขมร,hateful,มีแต่พวก io จาก{IDENTITY_P}เท่านั้นแหละที่คอยมาแซะรัฐบาล,derog_dehum_h,hateful,60,60b,0,0
3.0,,,3,Thai-Central,คนกรุง,hateful,กุว่ามีแค่{IDENTITY_P}เท่านั้นแหละที่โง่ขนาดนี้,phrase_opinion_h,hateful,463,463,0,0
,3.0,,3,hinduism,คนฮินดู,non-hateful,พรุ่งนี้กุจะไปกอด{IDENTITY_S},ident_pos_nh,non-hateful,520,520,0,0
3.0,,,3,male,ผู้ชาย,hateful,พวก{IDENTITY_P}เป็นสัตว์ชั้นต่ำของสังคม,derog_dehum_h,hateful,49,49,0,0
,3.0,,3,boy,เด็กผู้ชาย,non-hateful,มากกว่าครึ่งที่เป็น{IDENTITY_P},ident_neutral_nh,non-hateful,494,494,0,1
3.0,,,3,migrant workers,แรงงานต่างด้าว,hateful,พวก{IDENTITY_P}คงไม่กล้าขำกุ ถ้ากุเริ่มยิงใส่พวกแม่ง,ref_subs_clause_h,hateful,374,374,0,0
,3.0,,3,Myanmar,คนพม่า,non-hateful,มีแต่{IDENTITY_P}เท่านั้นแหละ ที่ใจดีและเห็นอกเห็นใจแบบนี้,ident_pos_nh,non-hateful,511,511,0,0
3.0,,,3,Cambodians,คนเขมร,hateful,จากสันดานพวก{IDENTITY_P}แม่งก็เป็นได้แค่ขยะสังคมเท่านั้นแหละ,profanity_h,hateful,251,251,0,0
2.0,,1.0,2,Thai Isan,คนอีสาน,hateful,พวก{IDENTITY_P}นี่แม่งไม่มีอะไรแย่กว่ามึงแล้วจริงๆ,ref_subs_sent_h,hateful,384,384,0,0
,3.0,,3,Thai,คนไทย,non-hateful,พรุ่งนี้กุจะไปช่วย{IDENTITY_S},ident_pos_nh,non-hateful,523,523,0,0
,3.0,,3,women,ผู้หญิง,non-hateful,โรงเรียนกูแทบไม่มีพวก{IDENTITY_P},ident_neutral_nh,non-hateful,497,497a,0,0
3.0,,,3,labour workers,แรงงาน,hateful,ไอ้พวก{IDENTITY_P}ที่กล้าเถียงกุ กุอยากจะฆ่ามันให้ตาย,ref_subs_clause_h,hateful,372,372,0,0
3.0,,,3,girl,เด็กผู้หญิง,hateful,อีพวก{IDENTITY_P}ที่ป่วยควรถูกพาไปหาหมอรักษาสัตว์นะ หมอรักษาคนไม่เหมาะกับพวกมัน,derog_impl_h,hateful,62,62,0,0
3.0,,,3,gay,เกย์,hateful,กุเชื่อแล้วว่าอีพวก{IDENTITY_P}ก็แค่พวกสัตว์ชั้นต่ำ,phrase_opinion_h,hateful,470,470,0,0
3.0,,,3,hinduism,คนฮินดู,hateful,ไอพวก{IDENTITY_P}ไม่ควรมีที่ยืนในประเทศที่เจริญแล้วแบบนี้,derog_impl_h,hateful,80,80,0,0
1.0,2.0,,2,labour workers,แรงงาน,non-hateful,การเรียก{IDENTITY_P}ว่าเป็นแมลงสาบมันเป็นสิ่งที่แย่มากๆ นะ,counter_ref_nh,non-hateful,559,559,0,0
3.0,,,3,elderly,ผู้สูงอายุ,hateful,{IDENTITY_P} แม่งเหี้ยกันทุกคนเลย,profanity_h,hateful,256,256,0,0
1.0,2.0,,2,labour workers,แรงงาน,non-hateful,มันไม่โอเคเลยที่จะเรียกคนว่า{SLUR_S},counter_ref_nh,non-hateful,566,566,0,0
3.0,,,3,trans/ladyboy,คนแปลงเพศ,hateful,{IDENTITY_P} คงคิดว่ามันพิเศษกว่าคนอื่น กุเกลียดคนแบบนี้ชิบหาย,ref_subs_sent_h,hateful,382,382a,0,0
3.0,,,3,women,ผู้หญิง,hateful,หมากุยังฉลาดกว่าพวก{IDENTITY_S}ทุกตัวเลย,derog_impl_h,hateful,63,63,0,0
,3.0,,3,boy,เด็กผู้ชาย,non-hateful,"กุจะไม่ทนกับโพสต์แบบว่า ""{IDENTITY_P} น่ารังเกียจ""เลย",counter_quote_nh,non-hateful,536,536,0,0
3.0,,,3,buddhism,คนพุทธ,hateful,ควรเป็นเรื่องถูกกฎหมายที่จะฆ่า{IDENTITY_S}อย่างเช่นมึง,threat_norm_h,hateful,111,111a,0,0
,3.0,,3,migrant workers,แรงงานต่างด้าว,non-hateful,"อะไรที่ทำให้มึงพูดว่า ""{IDENTITY_P} น่ารังเกียจขนาดนี้""",counter_quote_nh,non-hateful,533,533,0,0
,3.0,,3,Thai Isan,คนอีสาน,non-hateful,นี่เป็นครั้งแรกที่{IDENTITY_S}ถูกเสนอชื่อขึ้นมา,ident_neutral_nh,non-hateful,493,493,0,0
,3.0,,3,elderly,คนสูงวัย,non-hateful,"ใครที่ส่งข้อความมาให้กุว่า ""มึงมันก็แค่{SLUR_S}สำหรับกุ"" กุจะบล็อกให้หมด",counter_quote_nh,non-hateful,547,547,0,0
3.0,,,3,elderly,ผู้สูงอายุ,hateful,ควรให้คนไปจัดการกับไอพวก{IDENTITY_P}ให้หมด,threat_norm_h,hateful,119,119,0,0
,3.0,,3,trans/ladyboy,คนแปลงเพศ,non-hateful,กุรัก{IDENTITY_P}มากกกกก,ident_pos_nh,non-hateful,503,503,0,0
3.0,,,3,gay,เกย์,hateful,{IDENTITY_P} แบบมึงน่ะ ไม่ต่างอะไรกับหนูตามท่อเลย,derog_dehum_h,hateful,51,51,0,0
3.0,,,3,christianity,คนคริสต์,hateful,สำหรับกูแล้ว ไอ้พวก{IDENTITY_P}ก็ไปตายซะเถอะ,phrase_opinion_h,hateful,480,480,0,0
3.0,,,3,male,ผู้ชาย,hateful,ไม่แปลกหรอกที่ไอเดียมันห่วยแตก ก็มันมาจาก{IDENTITY_S}นี่หว่า,ref_subs_sent_h,hateful,399,399,0,0
,3.0,,3,women,ผู้หญิง,non-hateful,"อะไรที่ทำให้มึงพูดว่า ""{IDENTITY_P} น่ารังเกียจขนาดนี้""",counter_quote_nh,non-hateful,533,533,0,0
3.0,,,3,hinduism,คนฮินดู,hateful,กุหมั่นใส้{IDENTITY_P}ชห,derog_neg_emote_h,hateful,4,4,0,0
3.0,,,3,migrant workers,แรงงานต่างด้าว,hateful,ไอพวก{IDENTITY_P}ไม่ควรมีที่ยืนในประเทศที่เจริญแล้วแบบนี้,derog_impl_h,hateful,80,80,0,0
3.0,,,3,Thai-Central,คนกรุง,hateful,เราไม่กินอาหารที่กับอิพวก{IDENTITY_S}จับเด็ดขาด,derog_impl_h,hateful,66,66a,1,0
3.0,,,3,Thai Isan,คนอีสาน,hateful,{IDENTITY_P} พวกนี้มันเข้ากับสังคมไม่ได้หรอก ควรโดนประหารให้หมด,ref_subs_sent_h,hateful,397,397,0,0
3.0,,,3,boy,เด็กผู้ชาย,hateful,{IDENTITY_P} ในประเทศนี้ทำกุหงุดหงิดชิบหายเลย,profanity_h,hateful,255,255,0,0
1.0,2.0,,2,migrant workers,แรงงานต่างด้าว,non-hateful,ถ้าไม่มี{IDENTITY_P}แบบมึง โลกคงแย่แน่เลย,ident_pos_nh,non-hateful,531,531,0,0
3.0,,,3,Myanmar,คนพม่า,hateful,แน่นอนว่าพวก{IDENTITY_P}ไม่สมควรได้สิทธิมนุษยชน,negate_pos_h,hateful,406,406,0,0
,3.0,,3,elderly,ผู้สูงอายุ,non-hateful,เราไม่ได้เกลียดพวก{IDENTITY_P},negate_neg_nh,non-hateful,423,423,0,0
3.0,,,3,Thai,คนไทย,hateful,กุไม่ได้มีปัญหาอะไรกับพวก{IDENTITY_P}หรอก แต่ส่วนมากพวกมันน่ารังเกียจชิบหาย,ref_subs_clause_h,hateful,365,365,0,0
3.0,,,3,Malay,คนมาเล,hateful,{IDENTITY_P} คงคิดว่ามันพิเศษกว่าคนอื่น กุเกลียดคนแบบนี้ชิบหาย,ref_subs_sent_h,hateful,382,382a,0,0
3.0,,,3,Thai Isan,คนอีสาน,hateful,กุเจอ{IDENTITY_P}มามากพอจนรู้ละว่าพวกมันแม่งเหี้ยทุกคน,ref_subs_clause_h,hateful,380,380,0,0
3.0,,,3,Highland Indigenous People,คนกะเหรี่ยง,hateful,อีพวก{IDENTITY_P}ที่ป่วยควรถูกพาไปหาหมอรักษาสัตว์นะ หมอรักษาคนไม่เหมาะกับพวกมัน,derog_impl_h,hateful,62,62,0,0
2.0,1.0,,2,disbabled,คนพิการ,hateful,งงว่าทำไมคนถึงสนใจไอพวก{IDENTITY_P},derog_impl_h,hateful,71,71,0,0
3.0,,,3,labour workers,แรงงาน,hateful,มึงก็แค่{SLUR_S}ในสายตากู,slur_h,hateful,122,122,0,0
3.0,,,3,Myanmar,คนพม่า,hateful,มันเป็นสันดานของอีพวก{IDENTITY_P}ที่จะไม่มีวันเจริญ,derog_neg_attrib_h,hateful,32,32,0,0
3.0,,,3,Myanmar,คนพม่า,hateful,ทำไมพวกมึงยังไม่เข้าใจอีกว่าพวก{IDENTITY_P}เป็นขยะสังคม,phrase_question_h,hateful,450,450,0,0
,3.0,,3,tomboy,ทอม,non-hateful,"กุจะไม่ทนกับโพสต์แบบว่า ""{IDENTITY_P} น่ารังเกียจ""เลย",counter_quote_nh,non-hateful,536,536,0,0
3.0,,,3,tomboy,ทอม,hateful,มีแต่พวก{IDENTITY_P}เท่านั้นแหละที่โง่ได้ขนาดนี้,derog_neg_attrib_h,hateful,34,34,0,0
3.0,,,3,labour workers,แรงงาน,hateful,พวก{IDENTITY_P}ต้องไสหัวออกไปจากประเทศของเราให้หมด,profanity_h,hateful,245,245,0,0
3.0,,,3,Cambodians,คนเขมร,hateful,เกลียดไอ{IDENTITY_S}ที่สุดในโลก,derog_impl_h,hateful,79,79,0,0
,3.0,,3,girl,เด็กผู้หญิง,non-hateful,ตอนนี้เรากำลังเรียนรู้เกี่ยวกับ{IDENTITY_P}เยอะเลย,ident_neutral_nh,non-hateful,489,489,1,0
3.0,,,3,Thai-Central,คนกรุง,hateful,ไอ้ลิงนั้นฉลาดกว่าพวก{IDENTITY_P}รวมกันอีก,derog_impl_h,hateful,64,64,0,0
1.0,2.0,,2,male,ผู้ชาย,non-hateful,มันมีไอ{IDENTITY_S}ในทีมฟุตบอลของกู,ident_neutral_nh,non-hateful,491,491b,0,1
3.0,,,3,Cambodians,คนเขมร,hateful,เจอ{IDENTITY_P}มาหลายคน กุเกลียดหมดเลย,ref_subs_clause_h,hateful,362,362,0,0
,3.0,,3,Thai Isan,คนอีสาน,non-hateful,พวก{IDENTITY_P} ได้เป็นสมาชิกสภาฯ 3 คน,ident_neutral_nh,non-hateful,495,495,0,1
3.0,,,3,buddhism,คนพุทธ,hateful,ก็พวก{IDENTITY_P}มันโง่แบบนี้เป็นปกติอยู่แล้วนิ,phrase_opinion_h,hateful,464,464,0,0
,3.0,,3,girl,เด็กผู้หญิง,non-hateful,"มึงเขียนไปดิว่า ""กุจะฆ่า{IDENTITY_S}"" แค่มึงเตรียมโดนฟ้องศาลได้เลย",counter_quote_nh,non-hateful,543,543,0,0
3.0,,,3,migrant workers,แรงงานต่างด้าว,hateful,ขอให้{IDENTITY_P}ตายห่าให้หมด,threat_dir_h,hateful,98,98,0,0
3.0,,,3,migrant workers,แรงงานต่างด้าว,hateful,อีพวก{IDENTITY_P}มันโง่เง่ากันทุกคนเลย,derog_neg_attrib_h,hateful,40,40,0,0
3.0,,,3,women,ผู้หญิง,hateful,ทุก{IDENTITY_P}น่ารังเกียจ,derog_neg_attrib_h,hateful,22,22a,2,0
,3.0,,3,labour workers,แรงงาน,non-hateful,เราต้องไม่ให้{IDENTITY_P}โดนทำร้ายอีกต่อไป,negate_neg_nh,non-hateful,435,435b,0,0
3.0,,,3,trans/ladyboy,คนแปลงเพศ,hateful,ไอพวก{IDENTITY_P}แบบมึงไม่คู่ควรจะอยู่ต่อไป,threat_norm_h,hateful,102,102,0,0
3.0,,,3,male,ผู้ชาย,hateful,ขอให้{IDENTITY_P}ตายห่าให้หมด,threat_dir_h,hateful,98,98,0,0
,3.0,,3,Thai-Central,คนกรุง,non-hateful,ตอนนี้เรากำลังเรียนรู้เกี่ยวกับ{IDENTITY_P}เยอะเลย,ident_neutral_nh,non-hateful,489,489,0,0
,3.0,,3,Thai-Central,คนกรุง,non-hateful,"กุจะไม่ทนกับโพสต์แบบว่า ""{IDENTITY_P} น่ารังเกียจ""เลย",counter_quote_nh,non-hateful,536,536,0,0
,3.0,,0,buddhism,คนพุทธ,non-hateful,การลงโทษด้วยการเผาทั้งเป็นกับ{IDENTITY_P}มันรุนแรงเกินไป,threat_norm_h,hateful,120,120b,0,0
3.0,,,3,christianity,คนคริสต์,hateful,ถ้ากุตื่นมาแล้วเป็น{IDENTITY_S} กุคงฆ่าตัวตาย,derog_impl_h,hateful,78,78,0,0
3.0,,,3,Chinese-Thai,คนไทยเชื้อสายจีน,hateful,จากสันดานพวก{IDENTITY_P}แม่งก็เป็นได้แค่ขยะสังคมเท่านั้นแหละ,profanity_h,hateful,251,251,0,0
3.0,,,3,Thai-Laos,คนลาว,hateful,พวก{IDENTITY_P}มันรกโลก,derog_dehum_h,hateful,55,55,0,0
3.0,,,3,labour workers,แรงงาน,hateful,{IDENTITY_P} ในประเทศนี้ทำกุหงุดหงิดชิบหายเลย,profanity_h,hateful,255,255,0,0
3.0,,,3,hinduism,คนฮินดู,hateful,ควรให้คนไปจัดการกับไอพวก{IDENTITY_P}ให้หมด,threat_norm_h,hateful,119,119,0,0
3.0,,,3,Cambodians,คนเขมร,hateful,คนไม่รู้จริงๆ เหรอว่า{IDENTITY_P}น่ารังเกียจ,phrase_question_h,hateful,445,445,0,0
,3.0,,3,tomboy,ทอม,non-hateful,"อะไรที่ทำให้มึงพูดว่า ""{IDENTITY_P} น่ารังเกียจขนาดนี้""",counter_quote_nh,non-hateful,533,533,0,0
,3.0,,3,boy,เด็กผู้ชาย,non-hateful,นี่เป็นครั้งแรกที่{IDENTITY_S}ถูกเสนอชื่อขึ้นมา,ident_neutral_nh,non-hateful,493,493,0,0
3.0,,,3,Highland Indigenous People,คนกะเหรี่ยง,hateful,สำหรับกุแล้ว ไอพวก{IDENTITY_P}ควรไปแขวนคอ,phrase_opinion_h,hateful,476,476,0,0
3.0,,,3,Malay,คนมาเล,hateful,ขอให้{IDENTITY_P}ตายห่าให้หมด,threat_dir_h,hateful,98,98,0,0
3.0,,,3,trans/ladyboy,คนแปลงเพศ,hateful,พวกเราจะโจมตีพวก{IDENTITY_P}อย่างมึงจนกว่ามึงจะหายไป,threat_dir_h,hateful,92,92,0,0
3.0,,,3,Thai-Laos,คนลาว,hateful,พวก{IDENTITY_P}อย่างมึงเป็นเหี้ยไรมากปะ,profanity_h,hateful,242,242b,0,0
3.0,,,3,girl,เด็กผู้หญิง,hateful,กุไม่ได้มีปัญหาอะไรกับพวก{IDENTITY_P}หรอก แต่ส่วนมากพวกมันน่ารังเกียจชิบหาย,ref_subs_clause_h,hateful,365,365,0,0
3.0,,,3,Malay,คนมาเล,hateful,พวก{IDENTITY_P}คงไม่กล้าขำกุ ถ้ากุเริ่มยิงใส่พวกแม่ง,ref_subs_clause_h,hateful,374,374,0,0
3.0,,,3,Cambodians,คนเขมร,hateful,พวก{IDENTITY_P}อย่างมึงเป็นเหี้ยไรมากปะ,profanity_h,hateful,242,242b,0,0
3.0,,,3,Highland Indigenous People,คนกะเหรี่ยง,hateful,พวกมึงกับ{IDENTITY_P}ทั้งหมดคือโรคร้ายของสังคมเลยละ,derog_dehum_h,hateful,58,58,0,0
3.0,,,3,labour workers,แรงงาน,hateful,ถ้าถามเราอ่ะนะ{IDENTITY_P}แบบมึงก็ไม่ต่างจากหนูหรอก,phrase_opinion_h,hateful,471,471,0,0
3.0,,,3,girl,เด็กผู้หญิง,hateful,พวก{IDENTITY_P}แม่งโคตรน่ารำคาญเลยว่ะ,derog_dehum_h,hateful,57,57,0,0
3.0,,,3,buddhism,คนพุทธ,hateful,อีพวก{IDENTITY_P}แบบมึงควรรู้ว่าชีวิตมึงไร้ค่า,ref_subs_clause_h,hateful,371,371,0,0
3.0,,,3,disbabled,คนพิการ,hateful,อีพวก{IDENTITY_P}ไม่ควรอยู่บนโลกนี้,negate_pos_h,hateful,421,421a,0,0
,3.0,,3,tomboy,ทอม,non-hateful,"มึงเขียนไปดิว่า ""กุจะฆ่า{IDENTITY_S}"" แค่มึงเตรียมโดนฟ้องศาลได้เลย",counter_quote_nh,non-hateful,543,543,0,0
3.0,,,3,tomboy,ทอม,hateful,ทำไมไอพวก{IDENTITY_P}เป็นห่ากันแบบนี้หมดเลยวะ,phrase_question_h,hateful,460,460,0,0
,3.0,,3,christianity,คนคริสต์,non-hateful,การที่มึงเกลียด{IDENTITY_P}นี่โคตรเข้าใจผิดเลย,counter_ref_nh,non-hateful,552,552,0,0
,3.0,,3,christianity,คนคริสต์,non-hateful,เราต้องไม่ให้{IDENTITY_P}โดนทำร้ายอีกต่อไป,negate_neg_nh,non-hateful,435,435b,0,0
,3.0,,3,Malay,คนมาเล,non-hateful,พรุ่งนี้กุจะไปกอด{IDENTITY_S},ident_pos_nh,non-hateful,520,520,0,0
3.0,,,3,elderly,ผู้สูงอายุ,hateful,พวก{IDENTITY_P}ไปตายซะเถอะ,profanity_h,hateful,243,243,0,0
1.0,2.0,,2,tomboy,ทอม,non-hateful,การเรียก{IDENTITY_P}ว่าเป็นแมลงสาบมันเป็นสิ่งที่แย่มากๆ นะ,counter_ref_nh,non-hateful,559,559,0,0
,3.0,,0,girl,เด็กผู้หญิง,non-hateful,การลงโทษด้วยการเผาทั้งเป็นกับ{IDENTITY_P}มันรุนแรงเกินไป,threat_norm_h,hateful,120,120b,0,0
3.0,,,3,buddhism,คนพุทธ,hateful,กำจัด{IDENTITY_P}ให้สิ้นซากไปเลยดีกว่า,threat_dir_h,hateful,95,95,0,0
3.0,,,3,labour workers,แรงงาน,hateful,แม่งโคตรเกลียดพวก{IDENTITY_P}ที่อยู่แถวนี้,derog_neg_emote_h,hateful,6,6,0,0
3.0,,,3,migrant workers,แรงงานต่างด้าว,hateful,พวก{IDENTITY_P}แม่งไม่ให้เกียรติพวกเรา กุจะทำให้พวกมันรู้สำนึกบ้าง,ref_subs_sent_h,hateful,393,393,0,0
,3.0,,3,girl,เด็กผู้หญิง,non-hateful,พรุ่งนี้กุจะไปกอด{IDENTITY_S},ident_pos_nh,non-hateful,520,520,0,0
,3.0,,3,trans/ladyboy,คนแปลงเพศ,non-hateful,นี่เป็นครั้งแรกที่{IDENTITY_S}ถูกเสนอชื่อขึ้นมา,ident_neutral_nh,non-hateful,493,493,0,0
3.0,,,3,Thai,คนไทย,hateful,สำหรับกุแล้ว ไอพวก{IDENTITY_P}ควรไปแขวนคอ,phrase_opinion_h,hateful,476,476,0,0
3.0,,,3,Myanmar,คนพม่า,hateful,กุเชื่อแล้วว่าอีพวก{IDENTITY_P}ก็แค่พวกสัตว์ชั้นต่ำ,phrase_opinion_h,hateful,470,470,0,0
3.0,,,3,tomboy,ทอม,hateful,เจอ{IDENTITY_P}มาหลายคน กุเกลียดหมดเลย,ref_subs_clause_h,hateful,362,362,0,0
2.0,1.0,,1,male,ผู้ชาย,hateful,ถ้าจะไปด่า{IDENTITY_P}ให้ไปตาย อย่าหวังให้พวกเขาเคารพมึงเลย,counter_ref_nh,non-hateful,569,569,0,0
,3.0,,3,boy,เด็กผู้ชาย,non-hateful,ตอนนี้เรากำลังเรียนรู้เกี่ยวกับ{IDENTITY_P}เยอะเลย,ident_neutral_nh,non-hateful,489,489,0,0
3.0,,,3,Myanmar,คนพม่า,hateful,ไอ้ลิงนั้นฉลาดกว่าพวก{IDENTITY_P}รวมกันอีก,derog_impl_h,hateful,64,64,0,0
,3.0,,3,Myanmar,คนพม่า,non-hateful,ดีใจที่คนเริ่มรู้แล้วว่า{IDENTITY_P}ไม่ได้โง่เลยสักนิด,negate_neg_nh,non-hateful,426,426b,0,0
,3.0,,3,disbabled,คนพิการ,non-hateful,โรงเรียนกูแทบไม่มีพวก{IDENTITY_P},ident_neutral_nh,non-hateful,497,497a,0,0
3.0,,,3,disbabled,คนพิการ,hateful,เกลียดพวก{IDENTITY_P}จนไม่รู้จะพูดยังไงดี,derog_neg_emote_h,hateful,19,19,0,0
3.0,,,3,hinduism,คนฮินดู,hateful,ขอให้{IDENTITY_P}ตายห่าให้หมด,threat_dir_h,hateful,98,98,0,0
3.0,,,3,Thai-Laos,คนลาว,hateful,พวก{IDENTITY_P}เป็นสัตว์ชั้นต่ำของสังคม,derog_dehum_h,hateful,49,49,0,0
3.0,,,3,labour workers,แรงงาน,hateful,ไอพวก{SLUR_P} ทำอีกแล้ว,slur_h,hateful,128,128,0,0
3.0,,,3,buddhism,คนพุทธ,hateful,พวก{IDENTITY_P}ไปตายซะเถอะ,profanity_h,hateful,243,243,0,0
3.0,,,3,buddhism,คนพุทธ,hateful,กุจะทำให้พวก{IDENTITY_P}ทรมาณ,threat_dir_h,hateful,85,85,0,0
,3.0,,3,male,ผู้ชาย,non-hateful,เราต้องไม่ให้{IDENTITY_P}โดนทำร้ายอีกต่อไป,negate_neg_nh,non-hateful,435,435b,0,0
3.0,,,3,elderly,ผู้สูงอายุ,hateful,ไอพวก{IDENTITY_P} ที่คิดว่าตัวเองเท่ากับกู กูโกรธมาก,derog_neg_emote_h,hateful,16,16,0,0
3.0,,,3,islam,คนอิสลาม,hateful,อีพวก{IDENTITY_P}แบบนั้นแม่งน่ารังเกียจ,derog_neg_attrib_h,hateful,28,28,0,0
3.0,,,3,Highland Indigenous People,คนกะเหรี่ยง,hateful,ทำไมพวกมึงยังไม่เข้าใจอีกว่าพวก{IDENTITY_P}เป็นขยะสังคม,phrase_question_h,hateful,450,450,0,0
,3.0,,3,Myanmar,คนพม่า,non-hateful,เราไม่ควรปล่อยให้{IDENTITY_P}ต้องทนทุกข์,negate_neg_nh,non-hateful,439,439,0,0
3.0,,,3,disbabled,คนพิการ,hateful,พวก{IDENTITY_P}ไม่มีทางดูดีเลย,negate_pos_h,hateful,403,403,0,0
3.0,,,3,disbabled,คนพิการ,hateful,พวก{IDENTITY_P}แม่งโคตรน่ารำคาญเลยว่ะ,derog_dehum_h,hateful,57,57,0,0
2.0,1.0,,2,islam,คนอิสลาม,hateful,ถ้าพวก{IDENTITY_P}อย่างมึงไม่ยอมปรับตัวเข้าหาสังคม ก็สมควรโดนแบบนี้แหละ,ref_subs_clause_h,hateful,376,376,0,0
,3.0,,3,Chinese-Thai,คนไทยเชื้อสายจีน,non-hateful,กุอยู่กับพวก{IDENTITY_P}สองคน,ident_neutral_nh,non-hateful,483,483,0,0
1.0,2.0,,2,Malay,คนมาเล,non-hateful,ใครที่ไปแช่งว่า{IDENTITY_P}ควรตายๆ ไป สมควรโดนจับเข้าคุกให้หมด,counter_quote_nh,non-hateful,542,542,0,0
3.0,,,3,labour workers,แรงงาน,hateful,มี{IDENTITY_P}บางคนได้เป็นรัฐบาล แม่งก็ยังเป็นแค่ขยะสำหรับกุอยู่ดี,ref_subs_sent_h,hateful,390,390,0,0
1.0,2.0,,2,Myanmar,คนพม่า,non-hateful,ไม่รู้ตัวเหรอว่ามึงเหี้ยขนาดไหนที่ไปเรียก{IDENTITY_P}ว่าเป็นขยะ,counter_ref_nh,non-hateful,558,558,0,0
3.0,,,3,elderly,ผู้สูงอายุ,hateful,เราจะยิง{IDENTITY_S}ต่อไปที่เห็น,threat_dir_h,hateful,84,84a,1,0
3.0,,,3,disbabled,คนพิการ,hateful,อีพวก{IDENTITY_P}ที่ป่วยควรถูกพาไปหาหมอรักษาสัตว์นะ หมอรักษาคนไม่เหมาะกับพวกมัน,derog_impl_h,hateful,62,62,0,0
2.0,1.0,,2,buddhism,คนพุทธ,hateful,กุคงโอเคกับ{IDENTITY_P} ถ้าพวกมันไม่เหี้ยขนาดนี้,ref_subs_clause_h,hateful,381,381,0,0
3.0,,,3,women,ผู้หญิง,hateful,กุหมั่นใส้{IDENTITY_P}ชห,derog_neg_emote_h,hateful,4,4,0,1
3.0,,,3,male,ผู้ชาย,hateful,กุจะทำให้พวก{IDENTITY_P}ทรมาณ,threat_dir_h,hateful,85,85,0,0
3.0,,,3,trans/ladyboy,คนแปลงเพศ,hateful,พวกมึงกับ{IDENTITY_P}ทั้งหมดคือโรคร้ายของสังคมเลยละ,derog_dehum_h,hateful,58,58,0,0
3.0,,,3,Malay,คนมาเล,hateful,พวก{IDENTITY_P}ก็แบบนี้แหละ มันน่ารังเกียจชิบหาย,ref_subs_sent_h,hateful,385,385,0,0
3.0,,,3,christianity,คนคริสต์,hateful,กุเชื่อแล้วว่าอีพวก{IDENTITY_P}ก็แค่พวกสัตว์ชั้นต่ำ,phrase_opinion_h,hateful,470,470,0,0
,3.0,,3,Highland Indigenous People,คนกะเหรี่ยง,non-hateful,โรงเรียนกูแทบไม่มีพวก{IDENTITY_P},ident_neutral_nh,non-hateful,497,497a,0,0
3.0,,,3,buddhism,คนพุทธ,hateful,ขอให้{IDENTITY_P}ตายห่าให้หมด,threat_dir_h,hateful,98,98,0,0
3.0,,,3,Chinese-Thai,คนไทยเชื้อสายจีน,hateful,ไอสัด {IDENTITY_S}จะต้องตายด้วยความทรมาณจากมือของกุ,threat_dir_h,hateful,100,100,0,0
,3.0,,3,buddhism,คนพุทธ,non-hateful,"ใครที่ส่งข้อความมาให้กุว่า ""มึงมันก็แค่{SLUR_S}สำหรับกุ"" กุจะบล็อกให้หมด",counter_quote_nh,non-hateful,547,547,0,0
3.0,,,3,trans/ladyboy,คนแปลงเพศ,hateful,แม่งโคตรเกลียดพวก{IDENTITY_P}ที่อยู่แถวนี้,derog_neg_emote_h,hateful,6,6,0,0
3.0,,,3,trans/ladyboy,คนแปลงเพศ,hateful,พวก{IDENTITY_P}ต้องไสหัวออกไปจากประเทศของเราให้หมด,profanity_h,hateful,245,245,0,0
,3.0,,3,christianity,คนคริสต์,non-hateful,รัก{IDENTITY_P}จังเลยยย 💖💖💖,ident_pos_nh,non-hateful,502,502,0,0
3.0,,,3,elderly,ผู้สูงอายุ,hateful,เห็นไหมว่าเราจะดีกว่านี้ถ้าอีพวก{IDENTITY_P} ถูกกำจัดออกไป,phrase_question_h,hateful,457,457,0,0
1.0,2.0,,2,Thai-Central,คนกรุง,non-hateful,"ประโยคอย่าง ""อีพวก{IDENTITY_P}เป็นขยะ"" มันเจ็บใจสุดๆ",counter_quote_nh,non-hateful,537,537,0,0
,3.0,,3,male,ผู้ชาย,non-hateful,นี่เป็นครั้งแรกที่{IDENTITY_S}ถูกเสนอชื่อขึ้นมา,ident_neutral_nh,non-hateful,493,493,0,0
3.0,,,3,boy,เด็กผู้ชาย,hateful,อีพวก{IDENTITY_P}เป็นขยะสังคม,derog_dehum_h,hateful,48,48,0,0
3.0,,,3,buddhism,คนพุทธ,hateful,ให้ตายยังไงกุก็ไม่เดทกับ{IDENTITY_S}หรอก,derog_impl_h,hateful,76,76,0,0
3.0,,,3,hinduism,คนฮินดู,hateful,{IDENTITY_P} พวกนี้มันเข้ากับสังคมไม่ได้หรอก ควรโดนประหารให้หมด,ref_subs_sent_h,hateful,397,397,0,0
3.0,,,3,buddhism,คนพุทธ,hateful,แล้วกุผิดตรงไหนที่บอกว่า{IDENTITY_P}อย่างมึงสมควรตาย,phrase_question_h,hateful,456,456,0,0
3.0,,,3,christianity,คนคริสต์,hateful,เกลียดไอ{IDENTITY_S}ที่สุดในโลก,derog_impl_h,hateful,79,79,0,0
2.0,1.0,,2,Cambodians,คนเขมร,hateful,กุคงโอเคกับ{IDENTITY_P} ถ้าพวกมันไม่เหี้ยขนาดนี้,ref_subs_clause_h,hateful,381,381,0,0
3.0,,,3,tomboy,ทอม,hateful,พวกมึงกับ{IDENTITY_P}ทั้งหมดคือโรคร้ายของสังคมเลยละ,derog_dehum_h,hateful,58,58,0,0
3.0,,,3,trans/ladyboy,ตุ๊ด,hateful,มึงก็แค่{SLUR_S}ในสายตากู,slur_h,hateful,122,122,0,0
3.0,,,3,male,ผู้ชาย,hateful,เราจะยิง{IDENTITY_S}ต่อไปที่เห็น,threat_dir_h,hateful,84,84a,1,0
3.0,,,3,labour workers,แรงงาน,hateful,ไม่มีอะไรเหี้ยไปกว่าไอ{IDENTITY_S}แล้ว,derog_neg_emote_h,hateful,14,14,0,0
2.0,,1.0,2,disbabled,คนพิการ,hateful,พวก{IDENTITY_P}นี่แม่งไม่มีอะไรแย่กว่ามึงแล้วจริงๆ,ref_subs_sent_h,hateful,384,384,0,0
,3.0,,3,Thai Isan,คนอีสาน,non-hateful,มันทำงานกับพวก{IDENTITY_P}เยอะ,ident_neutral_nh,non-hateful,486,486,0,0
,3.0,,3,Thai-Laos,คนลาว,non-hateful,เราควรเคารพ{IDENTITY_P} นะ,ident_pos_nh,non-hateful,525,525b,0,0
,3.0,,3,trans/ladyboy,คนแปลงเพศ,non-hateful,ในโลกที่ยุติธรรม{IDENTITY_P}ทุกคนควรได้รับการยกย่อง,ident_pos_nh,non-hateful,530,530,0,0
,3.0,,3,migrant workers,แรงงานต่างด้าว,non-hateful,เค้าจะทำให้{IDENTITY_P}ยิ้มให้ได้,ident_pos_nh,non-hateful,522,522,0,0
,3.0,,3,girl,เด็กผู้หญิง,non-hateful,โรงเรียนกูแทบไม่มีพวก{IDENTITY_P},ident_neutral_nh,non-hateful,497,497a,0,0
3.0,,,3,male,ผู้ชาย,hateful,ทน{IDENTITY_P}ไม่ไหวเลยวะ,derog_neg_emote_h,hateful,2,2a,0,0
,3.0,,3,Chinese-Thai,คนไทยเชื้อสายจีน,non-hateful,"เราไม่ให้เกียรติคนที่เขียนว่า ""มี{SLUR_P}เยอะเกินในประเทศนี้""",counter_quote_nh,non-hateful,546,546,0,0
,3.0,,3,Malay,คนมาเล,non-hateful,กุจะไม่ยอมให้มีการฆ่าล้างเผ่าพันธุ์{IDENTITY_P}ในประเทศนี้,negate_neg_nh,non-hateful,431,431,0,0
3.0,,,3,labour workers,แรงงาน,hateful,กุหมั่นใส้{IDENTITY_P}ชห,derog_neg_emote_h,hateful,4,4,0,0
3.0,,,3,Thai,คนไทย,hateful,มันเป็นสันดานของไอพวก{IDENTITY_S}ที่น่ารำคาญและเหี้ย,profanity_h,hateful,259,259,0,0
3.0,,,3,trans/ladyboy,คนแปลงเพศ,hateful,อีพวก{IDENTITY_P}ไม่สมควรมีชีวิตเหมือนคนอื่น,negate_pos_h,hateful,408,408,0,0
,3.0,,3,elderly,ผู้สูงอายุ,non-hateful,มึงจะเหมารวมว่า{IDENTITY_P}ทุกคนโง่ไม่ได้ปะวะ,counter_ref_nh,non-hateful,557,557,0,0
,3.0,,3,Thai-Laos,คนลาว,non-hateful,"ประโยคอย่าง ""อีพวก{IDENTITY_P}เป็นขยะ"" มันเจ็บใจสุดๆ",counter_quote_nh,non-hateful,537,537,0,0
3.0,,,3,Malay,คนมาเลย์,hateful,ไอพวก{SLUR_P} ทำอีกแล้ว,slur_h,hateful,128,128,0,2
3.0,,,3,gay,เกย์,hateful,พวก{IDENTITY_P}แม่งโคตรน่ารำคาญเลยว่ะ,derog_dehum_h,hateful,57,57,0,0
,3.0,,3,buddhism,คนพุทธ,non-hateful,"มึงเขียนไปดิว่า ""กุจะฆ่า{IDENTITY_S}"" แค่มึงเตรียมโดนฟ้องศาลได้เลย",counter_quote_nh,non-hateful,543,543,0,0
3.0,,,3,male,ผู้ชาย,hateful,{IDENTITY_P} แม่งเหี้ยกันทุกคนเลย,profanity_h,hateful,256,256,0,0
3.0,,,3,boy,เด็กผู้ชาย,hateful,พวก{IDENTITY_P}นี่แม่งไม่มีอะไรแย่กว่ามึงแล้วจริงๆ,ref_subs_sent_h,hateful,384,384,0,0
,3.0,,3,Thai,คนไทย,non-hateful,"ใครที่ส่งข้อความมาให้กุว่า ""มึงมันก็แค่{SLUR_S}สำหรับกุ"" กุจะบล็อกให้หมด",counter_quote_nh,non-hateful,547,547,0,0
3.0,,,3,elderly,ผู้สูงอายุ,hateful,งงว่าทำไมคนถึงสนใจไอพวก{IDENTITY_P},derog_impl_h,hateful,71,71,0,0
,3.0,,3,elderly,ผู้สูงอายุ,non-hateful,"มึงเขียนไปดิว่า ""กุจะฆ่า{IDENTITY_S}"" แค่มึงเตรียมโดนฟ้องศาลได้เลย",counter_quote_nh,non-hateful,543,543,0,0
2.0,1.0,,2,male,ผู้ชาย,hateful,งงว่าทำไมคนถึงสนใจไอพวก{IDENTITY_P},derog_impl_h,hateful,71,71,0,1
3.0,,,3,labour workers,แรงงาน,hateful,พวก{IDENTITY_P}ไปตายซะเถอะ,profanity_h,hateful,243,243,0,0
3.0,,,3,Myanmar,คนพม่า,hateful,แม่งโคตรเกลียดพวก{IDENTITY_P}ที่อยู่แถวนี้,derog_neg_emote_h,hateful,6,6,0,0
3.0,,,3,Chinese-Thai,คนไทยเชื้อสายจีน,hateful,เกลียดพวก{IDENTITY_P}จนไม่รู้จะพูดยังไงดี,derog_neg_emote_h,hateful,19,19,0,0
3.0,,,3,trans/ladyboy,คนแปลงเพศ,hateful,พวก{IDENTITY_P}อย่างมึงนี่มันน่าสมเพชจริงๆ,derog_neg_attrib_h,hateful,29,29,0,0
3.0,,,3,buddhism,คนพุทธ,hateful,อยากเห็นอีพวก{IDENTITY_P}เจ็บปวด,threat_norm_h,hateful,103,103,0,0
,3.0,,3,Thai-Central,คนกรุง,non-hateful,พรุ่งนี้กุจะไปกอด{IDENTITY_S},ident_pos_nh,non-hateful,520,520,0,0
,3.0,,3,trans/ladyboy,คนแปลงเพศ,non-hateful,"อะไรที่ทำให้มึงพูดว่า ""{IDENTITY_P} น่ารังเกียจขนาดนี้""",counter_quote_nh,non-hateful,533,533,0,0
,3.0,,3,christianity,คนคริสต์,non-hateful,เราควรเคารพ{IDENTITY_P} นะ,ident_pos_nh,non-hateful,525,525b,0,0
3.0,,,3,migrant workers,แรงงานต่างด้าว,hateful,ทุก{IDENTITY_P}น่ารังเกียจ,derog_neg_attrib_h,hateful,22,22a,1,0
,3.0,,3,trans/ladyboy,คนแปลงเพศ,non-hateful,มันทำงานกับพวก{IDENTITY_P}เยอะ,ident_neutral_nh,non-hateful,486,486,0,0
,3.0,,3,women,แรด,non-hateful,มันไม่โอเคเลยที่จะเรียกคนว่า{SLUR_S},counter_ref_nh,non-hateful,566,566,0,0
3.0,,,3,Thai-Central,คนกรุง,hateful,ไม่น่ามีใครเหี้ยไปกว่าพวก{IDENTITY_P}ละ,derog_neg_emote_h,hateful,12,12,0,0
3.0,,,3,girl,เด็กผู้หญิง,hateful,กุต้องไปข่มขืน{IDENTITY_S}วันนี้,threat_dir_h,hateful,87,87,0,0
,3.0,,3,hinduism,คนฮินดู,non-hateful,มึงต้องรับผิดชอบคำพูดของมึงนะ ถ้ามึงพูดว่ามึงจะไปข่มขืน{IDENTITY_S},counter_ref_nh,non-hateful,562,562,0,0
,3.0,,3,Thai-Central,คนกรุง,non-hateful,ไม่มี{IDENTITY_S}คนไหนสมควรโดนประหารชีวิตทั้งนั้นแหละ,negate_neg_nh,non-hateful,441,441,0,0
3.0,,,3,Cambodians,คนเขมร,hateful,ไอพวก{IDENTITY_P}ไปตายซะเถอะ,profanity_h,hateful,246,246,0,0
,3.0,,3,women,แรด,non-hateful,"เราไม่ให้เกียรติคนที่เขียนว่า ""มี{SLUR_P}เยอะเกินในประเทศนี้""",counter_quote_nh,non-hateful,546,546,0,0
3.0,,,3,Chinese-Thai,คนไทยเชื้อสายจีน,hateful,มันเป็นสันดานของไอพวก{IDENTITY_S}ที่น่ารำคาญและเหี้ย,profanity_h,hateful,259,259,0,0
,3.0,,3,Highland Indigenous People,คนกะเหรี่ยง,non-hateful,ไม่รู้ตัวเหรอว่ามึงเหี้ยขนาดไหนที่ไปเรียก{IDENTITY_P}ว่าเป็นขยะ,counter_ref_nh,non-hateful,558,558,0,0
,3.0,,3,disbabled,คนพิการ,non-hateful,เราไม่ควรปล่อยให้{IDENTITY_P}ต้องทนทุกข์,negate_neg_nh,non-hateful,439,439,0,0
3.0,,,0,Cambodians,คนเขมร,hateful,มันมีไอ{IDENTITY_S}ในทีมฟุตบอลของกู,ident_neutral_nh,non-hateful,491,491b,0,1
,3.0,,3,Thai,คนไทย,non-hateful,ทำไมคิดว่ามันโอเคที่จะเรียกกุว่า{SLUR_S},counter_ref_nh,non-hateful,568,568,1,1
3.0,,,3,gay,เกย์,hateful,อย่าให้{IDENTITY_S}มีชีวิตอยู่ต่อไปเลย,negate_pos_h,hateful,417,417,0,0
3.0,,,3,elderly,ผู้สูงอายุ,hateful,กำจัด{IDENTITY_P}ให้สิ้นซากไปเลยดีกว่า,threat_dir_h,hateful,95,95,0,0
,3.0,,3,disbabled,คนพิการ,non-hateful,"เราไม่ให้เกียรติคนที่เขียนว่า ""มี{SLUR_P}เยอะเกินในประเทศนี้""",counter_quote_nh,non-hateful,546,546,0,0
,3.0,,3,Malay,คนมาเล,non-hateful,"ทำไมถึงพูด ""{IDENTITY_P} น่ารังเกียจ"" แล้วไม่รู้ว่ามันไม่ดีนี่นะ",counter_quote_nh,non-hateful,535,535,0,0
3.0,,,3,gay,เกย์,hateful,ไอพวก{SLUR_P} ทำอีกแล้ว,slur_h,hateful,128,128,0,0
3.0,,,3,Cambodians,คนเขมร,hateful,ไอ้พวก{IDENTITY_P}ที่กล้าเถียงกุ กุอยากจะฆ่ามันให้ตาย,ref_subs_clause_h,hateful,372,372,0,0
3.0,,,3,Chinese-Thai,คนไทยเชื้อสายจีน,hateful,ถ้าถามเราอ่ะนะ{IDENTITY_P}แบบมึงก็ไม่ต่างจากหนูหรอก,phrase_opinion_h,hateful,471,471,0,0
3.0,,,3,elderly,ผู้สูงอายุ,hateful,เท่าที่เรารู้อีพวก{IDENTITY_P}เป็นขยะของมนุษย์,phrase_opinion_h,hateful,469,469b,0,0
,3.0,,3,islam,คนอิสลาม,non-hateful,{IDENTITY_P} นี่แหละ ที่สมควรเป็นหนึ่งในรัฐบาลของเรา,ident_pos_nh,non-hateful,518,518,0,0
3.0,,,3,buddhism,คนพุทธ,hateful,จะทรมานพวก{IDENTITY_P}แบบไม่มีเมตตา,threat_dir_h,hateful,93,93,0,0
3.0,,,3,Thai Isan,คนอีสาน,hateful,อีพวก{IDENTITY_P}ไม่สมควรมีชีวิตเหมือนคนอื่น,negate_pos_h,hateful,408,408,0,0
3.0,,,3,gay,เกย์,hateful,มันเป็นสันดานของอีพวก{IDENTITY_P}ที่จะไม่มีวันเจริญ,derog_neg_attrib_h,hateful,32,32,0,0
3.0,,,3,Thai,คนไทย,hateful,ควรเป็นเรื่องถูกกฎหมายที่จะฆ่า{IDENTITY_S}อย่างเช่นมึง,threat_norm_h,hateful,111,111a,0,0
,3.0,,3,tomboy,ทอม,non-hateful,เค้าจะทำให้{IDENTITY_P}ยิ้มให้ได้,ident_pos_nh,non-hateful,522,522,0,0
3.0,,,3,migrant workers,แรงงานต่างด้าว,hateful,ไม่มีทางที่กุจะยื่นมือไปช่วยชีวิต{IDENTITY_S}หรอกนะ,negate_pos_h,hateful,419,419,0,0
3.0,,,3,women,นาง,hateful,ผิดตรงไหนที่คิดว่าชีวิตของ{IDENTITY_A}ไม่มีค่า,phrase_question_h,hateful,459,459,0,0
3.0,,,3,Thai Isan,คนอีสาน,hateful,ไอพวก{IDENTITY_P}ไม่ควรมีที่ยืนในประเทศที่เจริญแล้วแบบนี้,derog_impl_h,hateful,80,80,0,0
,3.0,,3,male,ผู้ชาย,non-hateful,มากกว่าครึ่งที่เป็น{IDENTITY_P},ident_neutral_nh,non-hateful,494,494,0,1
,3.0,,3,Highland Indigenous People,คนกะเหรี่ยง,non-hateful,ดีใจที่คนเริ่มรู้แล้วว่า{IDENTITY_P}ไม่ได้โง่เลยสักนิด,negate_neg_nh,non-hateful,426,426b,0,0
3.0,,,3,Malay,คนมาเลย์,hateful,เป็นสันดานของ{SLUR_S}ที่มีมาตั้งแต่เกิดแล้วละ,slur_h,hateful,127,127,0,0
3.0,,,3,trans/ladyboy,คนแปลงเพศ,hateful,อีพวก{IDENTITY_P}ไม่เหมือนเราเลย มันต้องตาย,ref_subs_clause_h,hateful,375,375,0,0
2.0,1.0,,2,elderly,ผู้สูงอายุ,hateful,กุคงโอเคกับ{IDENTITY_P} ถ้าพวกมันไม่เหี้ยขนาดนี้,ref_subs_clause_h,hateful,381,381,0,0
1.0,2.0,,2,Thai Isan,คนอีสาน,non-hateful,โรงเรียนกูแทบไม่มีพวก{IDENTITY_P},ident_neutral_nh,non-hateful,497,497a,0,1
3.0,,,3,Cambodians,คนเขมร,hateful,อีพวก{IDENTITY_P}มันโง่เง่ากันทุกคนเลย,derog_neg_attrib_h,hateful,40,40,0,0
3.0,,,3,christianity,คนคริสต์,hateful,ก็แค่พวก{IDENTITY_P} ยิงแม่งทิ้งไปเลยดีกว่า,ref_subs_sent_h,hateful,396,396,0,0
3.0,,,3,women,ผู้หญิง,hateful,ไอพวกอำนาจล้มมืออย่าง{IDENTITY_P}เป็นภัยต่อประเทศเรา,derog_neg_attrib_h,hateful,30,30,0,0
,3.0,,3,child,เด็ก,non-hateful,"ใครที่ส่งข้อความมาให้กุว่า ""มึงมันก็แค่{SLUR_S}สำหรับกุ"" กุจะบล็อกให้หมด",counter_quote_nh,non-hateful,547,547,0,0
,3.0,,3,women,ผู้หญิง,non-hateful,รัก{IDENTITY_P}จังเลยยย 💖💖💖,ident_pos_nh,non-hateful,502,502,0,0
,3.0,,3,disbabled,คนพิการ,non-hateful,ในโลกที่ยุติธรรม{IDENTITY_P}ทุกคนควรได้รับการยกย่อง,ident_pos_nh,non-hateful,530,530,0,0
3.0,,,3,Thai,คนไทย,hateful,สำหรับกูแล้ว ไอ้พวก{IDENTITY_P}ก็ไปตายซะเถอะ,phrase_opinion_h,hateful,480,480,0,0
3.0,,,3,trans/ladyboy,คนแปลงเพศ,hateful,กุเจอ{IDENTITY_P}มามากพอจนรู้ละว่าพวกมันแม่งเหี้ยทุกคน,ref_subs_clause_h,hateful,380,380,0,0
1.0,2.0,,2,Malay,คนมาเล,non-hateful,"ควรโดนแบนไปเลยที่ไปบอกว่า ""{IDENTITY_P} สมควรตาย""",counter_quote_nh,non-hateful,544,544,0,0
3.0,,,3,buddhism,คนพุทธ,hateful,อีพวก{IDENTITY_P}แบบนั้นแม่งน่ารังเกียจ,derog_neg_attrib_h,hateful,28,28,0,0
3.0,,,3,tomboy,ทอม,hateful,พวก{IDENTITY_P}ไปตายซะเถอะ,profanity_h,hateful,243,243,0,0
3.0,,,3,Chinese-Thai,คนไทยเชื้อสายจีน,hateful,{IDENTITY_P}สมควรจะอยู่ในสวนสัตว์เลย,derog_impl_h,hateful,61,61,0,0
,3.0,,3,Thai,คนไทย,non-hateful,เราต้องไม่ให้{IDENTITY_P}โดนทำร้ายอีกต่อไป,negate_neg_nh,non-hateful,435,435b,0,0
3.0,,,3,Thai,คนไทย,hateful,ไม่มีอะไรเหี้ยไปกว่าไอ{IDENTITY_S}แล้ว,derog_neg_emote_h,hateful,14,14,0,0
3.0,,,3,trans/ladyboy,ตุ๊ด,hateful,ทำไมคนไม่รู้สึกว่าชีวิตของพวก{IDENTITY_A}มันไม่มีค่าเลยวะ,phrase_question_h,hateful,451,451a,0,0
3.0,,,3,disbabled,คนพิการ,hateful,กุเจอ{IDENTITY_P}มามากพอจนรู้ละว่าพวกมันแม่งเหี้ยทุกคน,ref_subs_clause_h,hateful,380,380,0,0
3.0,,,3,trans/ladyboy,คนแปลงเพศ,hateful,งงว่าทำไมคนถึงสนใจไอพวก{IDENTITY_P},derog_impl_h,hateful,71,71,0,0
3.0,,,3,Myanmar,คนพม่า,hateful,เห็นไหมว่าเราจะดีกว่านี้ถ้าอีพวก{IDENTITY_P} ถูกกำจัดออกไป,phrase_question_h,hateful,457,457,0,0
3.0,,,3,male,ผู้ชาย,hateful,ไอสัด {IDENTITY_S}จะต้องตายด้วยความทรมาณจากมือของกุ,threat_dir_h,hateful,100,100,0,0
3.0,,,3,Thai-Central,คนเมือง,hateful,เป็นสันดานของ{SLUR_S}ที่มีมาตั้งแต่เกิดแล้วละ,slur_h,hateful,127,127,0,0
3.0,,,3,boy,เด็กผู้ชาย,hateful,เป็นสันดานของ{SLUR_S}ที่มีมาตั้งแต่เกิดแล้วละ,slur_h,hateful,127,127,0,0
3.0,,,3,male,ผู้ชาย,hateful,อีพวก{IDENTITY_P}มันน่ารำคาญจริงๆ,derog_dehum_h,hateful,50,50,0,0
,3.0,,3,christianity,คนคริสต์,non-hateful,มันไม่โอเคเลยที่จะเรียกคนว่า{SLUR_S},counter_ref_nh,non-hateful,566,566,1,0
,3.0,,3,boy,เด็กผู้ชาย,non-hateful,พรุ่งนี้กุจะไปช่วย{IDENTITY_S},ident_pos_nh,non-hateful,523,523,0,0
3.0,,,3,women,ผู้หญิง,hateful,มีแต่พวก{IDENTITY_P}เท่านั้นแหละที่โง่ได้ขนาดนี้,derog_neg_attrib_h,hateful,34,34,0,0
,3.0,,3,Cambodians,คนเขมร,non-hateful,กุไม่มีทางทำร้าย{IDENTITY_S}เด็ดขาด,negate_neg_nh,non-hateful,434,434,0,0
3.0,,,3,hinduism,คนฮินดู,hateful,อีพวก{IDENTITY_P}โง่กันทุกคน,negate_pos_h,hateful,404,404,0,0
3.0,,,3,Highland Indigenous People,คนกะเหรี่ยง,hateful,ถ้ากุตื่นมาแล้วเป็น{IDENTITY_S} กุคงฆ่าตัวตาย,derog_impl_h,hateful,78,78,0,0
3.0,,,3,Malay,คนมาเล,hateful,พวก{IDENTITY_P}ไม่มีทางดูดีเลย,negate_pos_h,hateful,403,403,0,0
,3.0,,3,boy,เด็กผู้ชาย,non-hateful,"ประโยคอย่าง ""อีพวก{IDENTITY_P}เป็นขยะ"" มันเจ็บใจสุดๆ",counter_quote_nh,non-hateful,537,537,0,0
3.0,,,3,hinduism,คนฮินดู,hateful,พวก{IDENTITY_P}แม่งไม่ให้เกียรติพวกเรา กุจะทำให้พวกมันรู้สำนึกบ้าง,ref_subs_sent_h,hateful,393,393,0,0
,3.0,,3,migrant workers,แรงงานต่างด้าว,non-hateful,กุจะไม่ยอมให้มีการฆ่าล้างเผ่าพันธุ์{IDENTITY_P}ในประเทศนี้,negate_neg_nh,non-hateful,431,431,0,0
3.0,,,3,gay,เกย์,hateful,มี{IDENTITY_P}บางคนได้เป็นรัฐบาล แม่งก็ยังเป็นแค่ขยะสำหรับกุอยู่ดี,ref_subs_sent_h,hateful,390,390,0,0
,3.0,,3,,,non-hateful,กูแม่งทำตัวเหี้ยเลยว่ะ,profanity_nh,non-hateful,354,354,0,0
,3.0,,3,migrant workers,แรงงานต่างด้าว,non-hateful,ไม่มี{IDENTITY_S}คนไหนสมควรโดนประหารชีวิตทั้งนั้นแหละ,negate_neg_nh,non-hateful,441,441,0,0
,3.0,,3,women,ผู้หญิง,non-hateful,กุจะไม่ยอมให้มีการฆ่าล้างเผ่าพันธุ์{IDENTITY_P}ในประเทศนี้,negate_neg_nh,non-hateful,431,431,0,0
3.0,,,3,girl,เด็กผู้หญิง,hateful,ไอสัด {IDENTITY_S}จะต้องตายด้วยความทรมาณจากมือของกุ,threat_dir_h,hateful,100,100,0,0
3.0,,,3,girl,เด็กผู้หญิง,hateful,เป็นธรรมดาของ{IDENTITY_S}ที่จะเหี้ยแบบนี้,profanity_h,hateful,252,252,0,0
3.0,,,3,hinduism,คนฮินดู,hateful,เออ ถึงเวลายอมรับกันได้แล้วว่า{IDENTITY_P}มันเหมือนเซลล์ร้ายเลยละ,phrase_question_h,hateful,452,452b,0,0
3.0,,,3,elderly,ผู้สูงอายุ,hateful,สำหรับกูแล้ว ไอ้พวก{IDENTITY_P}ก็ไปตายซะเถอะ,phrase_opinion_h,hateful,480,480,0,0
,3.0,,0,migrant workers,แรงงานต่างด้าว,non-hateful,การลงโทษด้วยการเผาทั้งเป็นกับ{IDENTITY_P}มันรุนแรงเกินไป,threat_norm_h,hateful,120,120b,0,0
3.0,,,3,Thai,คนไทย,hateful,ไอพวก{IDENTITY_P} ที่คิดว่าตัวเองเท่ากับกู กูโกรธมาก,derog_neg_emote_h,hateful,16,16,0,0
3.0,,,3,Thai-Central,คนกรุง,hateful,คนไม่รู้จริงๆ เหรอว่า{IDENTITY_P}น่ารังเกียจ,phrase_question_h,hateful,445,445,0,0
,3.0,,3,buddhism,คนพุทธ,non-hateful,มีแต่{IDENTITY_P}เท่านั้นแหละ ที่ใจดีและเห็นอกเห็นใจแบบนี้,ident_pos_nh,non-hateful,511,511,0,0
3.0,,,3,Highland Indigenous People,คนกะเหรี่ยง,hateful,อยากเห็นอีพวก{IDENTITY_P}เจ็บปวด,threat_norm_h,hateful,103,103,0,0
3.0,,,3,boy,เด็กผู้ชาย,hateful,คนไม่รู้จริงๆ เหรอว่า{IDENTITY_P}น่ารังเกียจ,phrase_question_h,hateful,445,445,0,0
3.0,,,3,Chinese-Thai,คนไทยเชื้อสายจีน,hateful,อีพวก{IDENTITY_P}มันโง่เง่ากันทุกคนเลย,derog_neg_attrib_h,hateful,40,40,0,0
3.0,,,3,women,ผู้หญิง,hateful,ไอสัด {IDENTITY_S}จะต้องตายด้วยความทรมาณจากมือของกุ,threat_dir_h,hateful,100,100,0,0
3.0,,,0,disbabled,คนพิการ,hateful,มันมีไอ{IDENTITY_S}ในทีมฟุตบอลของกู,ident_neutral_nh,non-hateful,491,491b,0,0
3.0,,,3,Thai-Central,คนกรุง,hateful,ควรให้คนไปจัดการกับไอพวก{IDENTITY_P}ให้หมด,threat_norm_h,hateful,119,119,0,0
,3.0,,0,hinduism,คนฮินดู,non-hateful,การลงโทษด้วยการเผาทั้งเป็นกับ{IDENTITY_P}มันรุนแรงเกินไป,threat_norm_h,hateful,120,120b,0,0
,3.0,,3,male,ผู้ชาย,non-hateful,เราไม่ควรปล่อยให้{IDENTITY_P}ต้องทนทุกข์,negate_neg_nh,non-hateful,439,439,0,0
1.0,2.0,,2,trans/ladyboy,คนแปลงเพศ,non-hateful,โรงเรียนกูแทบไม่มีพวก{IDENTITY_P},ident_neutral_nh,non-hateful,497,497a,0,0
3.0,,,3,girl,เด็กผู้หญิง,hateful,กุเกลียดพวก{IDENTITY_P}มากๆ,derog_neg_emote_h,hateful,8,8,0,0
3.0,,,3,girl,เด็กผู้หญิง,hateful,{IDENTITY_P} แบบมึงน่ะ ไม่ต่างอะไรกับหนูตามท่อเลย,derog_dehum_h,hateful,51,51,0,0
3.0,,,3,male,นาย,hateful,กุจะหักคอมึง ไอ{IDENTITY_A},threat_dir_h,hateful,91,91,2,0
3.0,,,3,Cambodians,คนเขมร,hateful,คงจะดีถ้ามีคนไปรัดคอพวก{IDENTITY_P}ให้ตายๆ ไป,threat_norm_h,hateful,113,113a,0,0
3.0,,,3,elderly,ผู้สูงอายุ,hateful,อีพวก{IDENTITY_P} เหี้ยทั้งนั้น,ref_subs_sent_h,hateful,400,400,0,0
3.0,,,3,christianity,คนคริสต์,hateful,ไอพวก{IDENTITY_P}ไม่ควรมีที่ยืนในประเทศที่เจริญแล้วแบบนี้,derog_impl_h,hateful,80,80,0,0
3.0,,,3,tomboy,ทอม,hateful,มึงก็แค่{SLUR_S}ในสายตากู,slur_h,hateful,122,122,0,1
,3.0,,3,Thai-Laos,คนลาว,non-hateful,มันไม่โอเคเลยที่จะเรียกคนว่า{SLUR_S},counter_ref_nh,non-hateful,566,566,0,0
3.0,,,3,Malay,คนมาเล,hateful,มันเป็นสันดานของอีพวก{IDENTITY_P}ที่จะไม่มีวันเจริญ,derog_neg_attrib_h,hateful,32,32,0,0
3.0,,,3,women,ผู้หญิง,hateful,พวก{IDENTITY_P}เป็นสัตว์ชั้นต่ำของสังคม,derog_dehum_h,hateful,49,49,0,0
3.0,,,3,Chinese-Thai,คนไทยเชื้อสายจีน,hateful,มี{IDENTITY_P}บางคนได้เป็นรัฐบาล แม่งก็ยังเป็นแค่ขยะสำหรับกุอยู่ดี,ref_subs_sent_h,hateful,390,390,0,0
3.0,,,3,christianity,คนคริสต์,hateful,ไอพวก{IDENTITY_P}ไปตายซะเถอะ,profanity_h,hateful,246,246,0,0
3.0,,,3,elderly,ผู้สูงอายุ,hateful,กุต้องไปข่มขืน{IDENTITY_S}วันนี้,threat_dir_h,hateful,87,87,0,0
,3.0,,3,Highland Indigenous People,คนกะเหรี่ยง,non-hateful,การเรียก{IDENTITY_P}ว่าเป็นแมลงสาบมันเป็นสิ่งที่แย่มากๆ นะ,counter_ref_nh,non-hateful,559,559,0,0
3.0,,,3,elderly,คนสูงวัย,hateful,กุว่าชีวิตพวก{IDENTITY_A}แม่งไร้ค่า,phrase_opinion_h,hateful,481,481,0,0
3.0,,,3,gay,เกย์,hateful,พวกเราจะโจมตีพวก{IDENTITY_P}อย่างมึงจนกว่ามึงจะหายไป,threat_dir_h,hateful,92,92,0,0
2.0,1.0,,2,christianity,คนคริสต์,hateful,กุคงโอเคกับ{IDENTITY_P} ถ้าพวกมันไม่เหี้ยขนาดนี้,ref_subs_clause_h,hateful,381,381,0,0
3.0,,,3,elderly,คนสูงวัย,hateful,ทำไมคนไม่รู้สึกว่าชีวิตของพวก{IDENTITY_A}มันไม่มีค่าเลยวะ,phrase_question_h,hateful,451,451a,0,0
3.0,,,3,boy,เด็กผู้ชาย,hateful,ถ้า{IDENTITY_P}หายไปจากโลกนี้ ชีวิตเราคงจะดีขึ้นเยอะ,threat_norm_h,hateful,107,107,0,0
,3.0,,0,Highland Indigenous People,คนกะเหรี่ยง,non-hateful,การลงโทษด้วยการเผาทั้งเป็นกับ{IDENTITY_P}มันรุนแรงเกินไป,threat_norm_h,hateful,120,120b,0,0
,3.0,,3,buddhism,คนพุทธ,non-hateful,นี่เป็นครั้งแรกที่{IDENTITY_S}ถูกเสนอชื่อขึ้นมา,ident_neutral_nh,non-hateful,493,493,0,0
,3.0,,3,Thai-Laos,คนลาว,non-hateful,การเรียก{IDENTITY_P}ว่าเป็นแมลงสาบมันเป็นสิ่งที่แย่มากๆ นะ,counter_ref_nh,non-hateful,559,559,0,0
3.0,,,3,male,ผู้ชาย,hateful,ถ้า{IDENTITY_P}หายไปจากโลกนี้ ชีวิตเราคงจะดีขึ้นเยอะ,threat_norm_h,hateful,107,107,0,0
3.0,,,3,Thai,คนไทย,hateful,{IDENTITY_P}สมควรจะอยู่ในสวนสัตว์เลย,derog_impl_h,hateful,61,61,0,0
3.0,,,0,women,ผู้หญิง,hateful,มันมีไอ{IDENTITY_S}ในทีมฟุตบอลของกู,ident_neutral_nh,non-hateful,491,491b,0,0
3.0,,,3,Cambodians,คนเขมร,hateful,ไม่แปลกหรอกที่ไอเดียมันห่วยแตก ก็มันมาจาก{IDENTITY_S}นี่หว่า,ref_subs_sent_h,hateful,399,399,0,0
,3.0,,3,elderly,ผู้สูงอายุ,non-hateful,ดีใจที่คนเริ่มรู้แล้วว่า{IDENTITY_P}ไม่ได้โง่เลยสักนิด,negate_neg_nh,non-hateful,426,426b,0,0
,3.0,,3,Thai,คนไทย,non-hateful,"ทำไมถึงพูด ""{IDENTITY_P} น่ารังเกียจ"" แล้วไม่รู้ว่ามันไม่ดีนี่นะ",counter_quote_nh,non-hateful,535,535,0,0
3.0,,,3,women,แรด,hateful,มึงก็แค่{SLUR_S}ในสายตากู,slur_h,hateful,122,122,1,0
3.0,,,3,migrant workers,แรงงานต่างด้าว,hateful,แม่งโคตรเกลียดพวก{IDENTITY_P}ที่อยู่แถวนี้,derog_neg_emote_h,hateful,6,6,0,0
3.0,,,3,Chinese-Thai,คนไทยเชื้อสายจีน,hateful,ไอพวกอำนาจล้มมืออย่าง{IDENTITY_P}เป็นภัยต่อประเทศเรา,derog_neg_attrib_h,hateful,30,30,0,0
3.0,,,3,Myanmar,คนพม่า,hateful,อีพวก{IDENTITY_P}ไม่เหมือนเราเลย มันต้องตาย,ref_subs_clause_h,hateful,375,375,0,0
3.0,,,3,hinduism,คนฮินดู,hateful,ไม่แปลกหรอกที่ไอเดียมันห่วยแตก ก็มันมาจาก{IDENTITY_S}นี่หว่า,ref_subs_sent_h,hateful,399,399,0,0
1.0,2.0,,2,christianity,คนคริสต์,non-hateful,เราไม่ควรปล่อยให้{IDENTITY_P}ต้องทนทุกข์,negate_neg_nh,non-hateful,439,439,0,0
3.0,,,3,Myanmar,คนพม่า,hateful,อย่าให้{IDENTITY_S}มีชีวิตอยู่ต่อไปเลย,negate_pos_h,hateful,417,417,0,0
,3.0,,3,hinduism,คนฮินดู,non-hateful,ถ้าไม่มี{IDENTITY_P}แบบมึง โลกคงแย่แน่เลย,ident_pos_nh,non-hateful,531,531,0,0
3.0,,,3,Chinese-Thai,คนไทยเชื้อสายจีน,hateful,ทำไมพวกมึงยังไม่เข้าใจอีกว่าพวก{IDENTITY_P}เป็นขยะสังคม,phrase_question_h,hateful,450,450,0,0
3.0,,,3,elderly,ผู้สูงอายุ,hateful,มี{IDENTITY_P}บางคนได้เป็นรัฐบาล แม่งก็ยังเป็นแค่ขยะสำหรับกุอยู่ดี,ref_subs_sent_h,hateful,390,390,0,0
3.0,,,3,Highland Indigenous People,คนกะเหรี่ยง,hateful,ไม่แปลกหรอกที่ไอเดียมันห่วยแตก ก็มันมาจาก{IDENTITY_S}นี่หว่า,ref_subs_sent_h,hateful,399,399,0,0
,3.0,,3,girl,เด็กผู้หญิง,non-hateful,มี{IDENTITY_P}ในคอร์สมึงป่ะ,ident_neutral_nh,non-hateful,488,488,0,1
3.0,,,3,Thai-Central,คนกรุง,hateful,ทำไมไอพวก{IDENTITY_P}เป็นห่ากันแบบนี้หมดเลยวะ,phrase_question_h,hateful,460,460,0,0
,3.0,,3,Myanmar,คนพม่า,non-hateful,"มึงเขียนไปดิว่า ""กุจะฆ่า{IDENTITY_S}"" แค่มึงเตรียมโดนฟ้องศาลได้เลย",counter_quote_nh,non-hateful,543,543,0,0
3.0,,,3,girl,เด็กผู้หญิง,hateful,{IDENTITY_P} คงคิดว่ามันพิเศษกว่าคนอื่น กุเกลียดคนแบบนี้ชิบหาย,ref_subs_sent_h,hateful,382,382a,0,0
1.0,2.0,,2,Chinese-Thai,คนไทยเชื้อสายจีน,non-hateful,เราไม่ควรปล่อยให้{IDENTITY_P}ต้องทนทุกข์,negate_neg_nh,non-hateful,439,439,0,0
,3.0,,3,Thai-Laos,คนลาว,non-hateful,กุไม่มีทางทำร้าย{IDENTITY_S}เด็ดขาด,negate_neg_nh,non-hateful,434,434,0,0
3.0,,,3,Chinese-Thai,คนไทยเชื้อสายจีน,hateful,คนไม่รู้จริงๆ เหรอว่า{IDENTITY_P}น่ารังเกียจ,phrase_question_h,hateful,445,445,0,0
,3.0,,3,christianity,คนคริสต์,non-hateful,ทำไมคิดว่ามันโอเคที่จะเรียกกุว่า{SLUR_S},counter_ref_nh,non-hateful,568,568,1,0
3.0,,,3,tomboy,ทอม,hateful,อีพวก{IDENTITY_P}ที่ป่วยควรถูกพาไปหาหมอรักษาสัตว์นะ หมอรักษาคนไม่เหมาะกับพวกมัน,derog_impl_h,hateful,62,62,0,0
3.0,,,3,christianity,คนคริสต์,hateful,พวก{IDENTITY_P}มันรกโลก,derog_dehum_h,hateful,55,55,0,0
3.0,,,3,disbabled,คนพิการ,hateful,ไอพวกอำนาจล้มมืออย่าง{IDENTITY_P}เป็นภัยต่อประเทศเรา,derog_neg_attrib_h,hateful,30,30,0,0
,3.0,,3,Thai-Central,คนกรุง,non-hateful,เค้าจะทำให้{IDENTITY_P}ยิ้มให้ได้,ident_pos_nh,non-hateful,522,522,0,0
3.0,,,3,Thai-Central,คนกรุง,hateful,ไอพวก{IDENTITY_P}ไม่ควรมีที่ยืนในประเทศที่เจริญแล้วแบบนี้,derog_impl_h,hateful,80,80,0,0
,3.0,,3,trans/ladyboy,คนแปลงเพศ,non-hateful,"ทำไมถึงพูด ""{IDENTITY_P} น่ารังเกียจ"" แล้วไม่รู้ว่ามันไม่ดีนี่นะ",counter_quote_nh,non-hateful,535,535,0,0
,3.0,,3,Myanmar,คนพม่า,non-hateful,นี่เป็นครั้งแรกที่{IDENTITY_S}ถูกเสนอชื่อขึ้นมา,ident_neutral_nh,non-hateful,493,493,0,0
3.0,,,3,Myanmar,คนพม่า,hateful,กำจัด{IDENTITY_P}ให้สิ้นซากไปเลยดีกว่า,threat_dir_h,hateful,95,95,0,0
3.0,,,3,Thai-Laos,คนลาว,hateful,ไอพวก{IDENTITY_P}แบบมึงไม่คู่ควรจะอยู่ต่อไป,threat_norm_h,hateful,102,102,0,0
3.0,,,3,tomboy,ทอม,hateful,อีพวก{IDENTITY_P} เหี้ยทั้งนั้น,ref_subs_sent_h,hateful,400,400,0,0
3.0,,,3,Myanmar,คนพม่า,hateful,{IDENTITY_P} พวกนี้มันเข้ากับสังคมไม่ได้หรอก ควรโดนประหารให้หมด,ref_subs_sent_h,hateful,397,397,0,0
,3.0,,3,Myanmar,คนพม่า,non-hateful,มึงต้องรับผิดชอบคำพูดของมึงนะ ถ้ามึงพูดว่ามึงจะไปข่มขืน{IDENTITY_S},counter_ref_nh,non-hateful,562,562,0,0
1.0,2.0,,2,disbabled,คนพิการ,non-hateful,กุอยู่กับพวก{IDENTITY_P}สองคน,ident_neutral_nh,non-hateful,483,483,0,0
3.0,,,3,boy,เด็กผู้ชาย,hateful,ทุก{IDENTITY_P}น่ารังเกียจ,derog_neg_attrib_h,hateful,22,22a,2,0
3.0,,,3,islam,คนอิสลาม,hateful,พวก{IDENTITY_P}เป็นสัตว์ชั้นต่ำของสังคม,derog_dehum_h,hateful,49,49,0,0
,3.0,,3,women,ผู้หญิง,non-hateful,เราไม่ได้เกลียดพวก{IDENTITY_P},negate_neg_nh,non-hateful,423,423,0,0
3.0,,,3,boy,เด็กผู้ชาย,hateful,อีพวก{IDENTITY_P}แบบนั้นแม่งน่ารังเกียจ,derog_neg_attrib_h,hateful,28,28,0,0
,3.0,,3,Thai-Central,คนกรุง,non-hateful,"อะไรที่ทำให้มึงพูดว่า ""{IDENTITY_P} น่ารังเกียจขนาดนี้""",counter_quote_nh,non-hateful,533,533,0,0
3.0,,,3,migrant workers,แรงงานต่างด้าว,hateful,ถ้ากุตื่นมาแล้วเป็น{IDENTITY_S} กุคงฆ่าตัวตาย,derog_impl_h,hateful,78,78,0,0
,3.0,,3,buddhism,คนพุทธ,non-hateful,เราต้องไม่ให้{IDENTITY_P}โดนทำร้ายอีกต่อไป,negate_neg_nh,non-hateful,435,435b,0,0
,3.0,,3,Thai,คนไทย,non-hateful,ไม่มี{IDENTITY_S}คนไหนสมควรโดนประหารชีวิตทั้งนั้นแหละ,negate_neg_nh,non-hateful,441,441,0,0
3.0,,,3,Malay,คนมาเล,hateful,ทุก{IDENTITY_P}น่ารังเกียจ,derog_neg_attrib_h,hateful,22,22a,2,0
2.0,1.0,,2,trans/ladyboy,คนแปลงเพศ,hateful,ถ้าพวก{IDENTITY_P}อย่างมึงไม่ยอมปรับตัวเข้าหาสังคม ก็สมควรโดนแบบนี้แหละ,ref_subs_clause_h,hateful,376,376,0,0
3.0,,,3,tomboy,ทอม,hateful,ไอเดียที่ออกจากปาก{IDENTITY_S}น่ะ ก็เป็นเพียงความคิดห่วยแตกอันนึง,profanity_h,hateful,253,253,0,0
3.0,,,3,islam,คนอิสลาม,hateful,ทน{IDENTITY_P}ไม่ไหวเลยวะ,derog_neg_emote_h,hateful,2,2a,0,0
,3.0,,3,Thai-Central,คนกรุง,non-hateful,มีแต่{IDENTITY_P}เท่านั้นแหละ ที่ใจดีและเห็นอกเห็นใจแบบนี้,ident_pos_nh,non-hateful,511,511,0,0
3.0,,,3,buddhism,คนพุทธ,hateful,เป็นธรรมดาของ{IDENTITY_S}ที่จะเหี้ยแบบนี้,profanity_h,hateful,252,252,0,0
3.0,,,3,labour workers,แรงงาน,hateful,ถ้ากุตื่นมาแล้วเป็น{IDENTITY_S} กุคงฆ่าตัวตาย,derog_impl_h,hateful,78,78,0,0
,3.0,,3,,,non-hateful,เสียงเตือนพวกนี้ในมือถือควรจะเงียบไปซะทีเถอะ,target_obj_nh,non-hateful,629,629b,0,0
3.0,,,3,elderly,คนสูงวัย,hateful,มึงก็แค่{SLUR_S}ในสายตากู,slur_h,hateful,122,122,0,0
,3.0,,3,Myanmar,คนพม่า,non-hateful,ถ้าไม่มี{IDENTITY_P}แบบมึง โลกคงแย่แน่เลย,ident_pos_nh,non-hateful,531,531,0,0
3.0,,,3,migrant workers,แรงงานต่างด้าว,hateful,กุจะทำให้พวก{IDENTITY_P}ทรมาณ,threat_dir_h,hateful,85,85,0,0
3.0,,,3,buddhism,คนพุทธ,hateful,ถ้า{IDENTITY_P}หายไปจากโลกนี้ ชีวิตเราคงจะดีขึ้นเยอะ,threat_norm_h,hateful,107,107,0,0
3.0,,,3,disbabled,คนพิการ,hateful,ควรให้คนไปจัดการกับไอพวก{IDENTITY_P}ให้หมด,threat_norm_h,hateful,119,119,0,0
,3.0,,3,disbabled,คนพิการ,non-hateful,มากกว่าครึ่งที่เป็น{IDENTITY_P},ident_neutral_nh,non-hateful,494,494,0,1
3.0,,,3,Myanmar,คนพม่า,hateful,กุไม่ได้มีปัญหาอะไรกับพวก{IDENTITY_P}หรอก แต่ส่วนมากพวกมันน่ารังเกียจชิบหาย,ref_subs_clause_h,hateful,365,365,0,0
3.0,,,3,hinduism,คนฮินดู,hateful,{IDENTITY_P} ในประเทศนี้ทำกุหงุดหงิดชิบหายเลย,profanity_h,hateful,255,255,0,0
3.0,,,3,trans/ladyboy,คนแปลงเพศ,hateful,{IDENTITY_P} แม่งเหี้ยกันทุกคนเลย,profanity_h,hateful,256,256,0,0
,3.0,,3,hinduism,คนฮินดู,non-hateful,ใครที่ไปแช่งว่า{IDENTITY_P}ควรตายๆ ไป สมควรโดนจับเข้าคุกให้หมด,counter_quote_nh,non-hateful,542,542,0,0
3.0,,,3,hinduism,คนฮินดู,hateful,เมื่อไหร่คนจะเข้าใจว่าอีพวก{IDENTITY_P}นี่แหละที่โหดและรุนแรง,phrase_question_h,hateful,447,447,0,0
3.0,,,3,women,ผู้หญิง,hateful,อีพวก{IDENTITY_P}เป็นขยะสังคม,derog_dehum_h,hateful,48,48,0,0
3.0,,,3,disbabled,คนพิการ,hateful,ไม่มีทางที่กุจะยื่นมือไปช่วยชีวิต{IDENTITY_S}หรอกนะ,negate_pos_h,hateful,419,419,0,0
,3.0,,3,labour workers,แรงงาน,non-hateful,พรุ่งนี้กุจะไปกอด{IDENTITY_S},ident_pos_nh,non-hateful,520,520,0,0
3.0,,,3,hinduism,คนฮินดู,hateful,พวก{IDENTITY_P}มันเป็นพวกสัตว์ชั้นต่ำ,derog_dehum_h,hateful,59,59b,0,0
,3.0,,3,Thai,คนไทย,non-hateful,"อะไรที่ทำให้มึงพูดว่า ""{IDENTITY_P} น่ารังเกียจขนาดนี้""",counter_quote_nh,non-hateful,533,533,0,0
3.0,,,3,elderly,ผู้สูงอายุ,hateful,ในโลกที่ยุติธรรม อีพวก{IDENTITY_P}อย่างมึงควรตายห่าให้หมด,threat_norm_h,hateful,114,114,0,0
3.0,,,3,christianity,คนคริสต์,hateful,ควรให้คนไปจัดการกับไอพวก{IDENTITY_P}ให้หมด,threat_norm_h,hateful,119,119,0,0
3.0,,,3,Cambodians,คนเขมร,hateful,ไอพวก{IDENTITY_P} ที่คิดว่าตัวเองเท่ากับกู กูโกรธมาก,derog_neg_emote_h,hateful,16,16,0,0
3.0,,,3,Thai-Central,คนกรุง,hateful,พวก{IDENTITY_P}อย่างมึงนี่มันน่าสมเพชจริงๆ,derog_neg_attrib_h,hateful,29,29,0,0
3.0,,,3,Highland Indigenous People,คนกะเหรี่ยง,hateful,ไอพวก{IDENTITY_P}ไปตายซะเถอะ,profanity_h,hateful,246,246,0,0
,3.0,,3,Thai-Laos,คนลาว,non-hateful,นี่เป็นครั้งแรกที่{IDENTITY_S}ถูกเสนอชื่อขึ้นมา,ident_neutral_nh,non-hateful,493,493,0,0
,3.0,,3,elderly,ผู้สูงอายุ,non-hateful,ถ้าไม่มี{IDENTITY_P}แบบมึง โลกคงแย่แน่เลย,ident_pos_nh,non-hateful,531,531,0,0
3.0,,,3,boy,เด็กผู้ชาย,hateful,อีพวก{IDENTITY_P}ไม่เหมือนเราเลย มันต้องตาย,ref_subs_clause_h,hateful,375,375,0,0
3.0,,,3,Thai,คนไทย,hateful,ไอพวก{IDENTITY_P}แบบมึงไม่คู่ควรจะอยู่ต่อไป,threat_norm_h,hateful,102,102,0,0
3.0,,,3,women,ผู้หญิง,hateful,{IDENTITY_P} แบบมึงน่ะ ไม่ต่างอะไรกับหนูตามท่อเลย,derog_dehum_h,hateful,51,51,0,0
3.0,,,3,Highland Indigenous People,คนกะเหรี่ยง,hateful,เห็นไหมว่าเราจะดีกว่านี้ถ้าอีพวก{IDENTITY_P} ถูกกำจัดออกไป,phrase_question_h,hateful,457,457,0,0
3.0,,,3,girl,เด็กผู้หญิง,hateful,สำหรับกุแล้ว ไอพวก{IDENTITY_P}ควรไปแขวนคอ,phrase_opinion_h,hateful,476,476,0,0
1.0,2.0,,2,Thai-Laos,คนลาว,non-hateful,โรงเรียนกูแทบไม่มีพวก{IDENTITY_P},ident_neutral_nh,non-hateful,497,497a,0,0
3.0,,,3,Thai,คนไทย,hateful,อีพวก{IDENTITY_P}เป็นขยะสังคม,derog_dehum_h,hateful,48,48,0,0
,3.0,,3,Thai,คนไทย,non-hateful,เราไม่ควรปล่อยให้{IDENTITY_P}ต้องทนทุกข์,negate_neg_nh,non-hateful,439,439,0,0
,3.0,,3,labour workers,แรงงาน,non-hateful,กุรัก{IDENTITY_P}มากกกกก,ident_pos_nh,non-hateful,503,503,0,0
3.0,,,3,islam,คนอิสลาม,hateful,ก็พวก{IDENTITY_P}มันโง่แบบนี้เป็นปกติอยู่แล้วนิ,phrase_opinion_h,hateful,464,464,0,0
1.0,2.0,,2,elderly,ผู้สูงอายุ,non-hateful,ไม่รู้ตัวเหรอว่ามึงเหี้ยขนาดไหนที่ไปเรียก{IDENTITY_P}ว่าเป็นขยะ,counter_ref_nh,non-hateful,558,558,0,0
3.0,,,3,Thai-Laos,คนลาว,hateful,ทำไมพวกมึงยังไม่เข้าใจอีกว่าพวก{IDENTITY_P}เป็นขยะสังคม,phrase_question_h,hateful,450,450,0,0
3.0,,,3,Highland Indigenous People,คนกะเหรี่ยง,hateful,ไอพวก{IDENTITY_P}แบบมึงไม่คู่ควรจะอยู่ต่อไป,threat_norm_h,hateful,102,102,0,0
3.0,,,3,buddhism,คนพุทธ,hateful,ไอพวก{IDENTITY_P}แบบมึงไม่คู่ควรจะอยู่ต่อไป,threat_norm_h,hateful,102,102,0,0
3.0,,,3,male,ผู้ชาย,hateful,กุหมั่นใส้{IDENTITY_P}ชห,derog_neg_emote_h,hateful,4,4,0,0
3.0,,,3,boy,เด็กผู้ชาย,hateful,แม่งโคตรเกลียดพวก{IDENTITY_P}ที่อยู่แถวนี้,derog_neg_emote_h,hateful,6,6,0,0
3.0,,,3,tomboy,ทอม,hateful,ไอพวก{IDENTITY_P}แบบมึงไม่คู่ควรจะอยู่ต่อไป,threat_norm_h,hateful,102,102,0,0
,3.0,,3,christianity,คนคริสต์,non-hateful,มี{IDENTITY_P}ในคอร์สมึงป่ะ,ident_neutral_nh,non-hateful,488,488,0,0
1.0,2.0,,2,Thai-Central,คนเมือง,non-hateful,รู้สึกไม่ดีที่เห็นคนพวกนั้นไปด้อยค่าชีวิต{IDENTITY_A},counter_ref_nh,non-hateful,560,560,0,0
3.0,,,3,women,ผู้หญิง,hateful,กุไม่ได้มีปัญหาอะไรกับพวก{IDENTITY_P}หรอก แต่ส่วนมากพวกมันน่ารังเกียจชิบหาย,ref_subs_clause_h,hateful,365,365,0,0
3.0,,,3,gay,เกย์,hateful,พวก{IDENTITY_P}แม่งไม่ให้เกียรติพวกเรา กุจะทำให้พวกมันรู้สำนึกบ้าง,ref_subs_sent_h,hateful,393,393,0,0
3.0,,,3,disbabled,คนพิการ,hateful,เราไม่กินอาหารที่กับอิพวก{IDENTITY_S}จับเด็ดขาด,derog_impl_h,hateful,66,66a,1,0
3.0,,,3,disbabled,คนพิการ,hateful,กุเกลียดพวก{IDENTITY_P}มากๆ,derog_neg_emote_h,hateful,8,8,0,0
3.0,,,3,disbabled,คนพิการ,hateful,พวก{IDENTITY_P}มันเป็นพวกสัตว์ชั้นต่ำ,derog_dehum_h,hateful,59,59b,0,0
3.0,,,3,Thai-Central,คนกรุง,hateful,อีพวก{IDENTITY_P}ไม่เหมือนเราเลย มันต้องตาย,ref_subs_clause_h,hateful,375,375,0,0
3.0,,,3,disbabled,คนพิการ,hateful,อีพวก{IDENTITY_P}โง่กันทุกคน,negate_pos_h,hateful,404,404,0,0
3.0,,,3,Myanmar,คนพม่า,hateful,ไม่เข้าใจเลยว่าทำไมถึงชอบ{IDENTITY_P}ทุกอย่างทั้งหมดเกี่ยวกับมันน่าขยะแขยงสุดๆ อ่ะ,ref_subs_sent_h,hateful,383,383,0,0
3.0,,,3,women,ผู้หญิง,hateful,พวก{IDENTITY_P}ก็แบบนี้แหละ มันน่ารังเกียจชิบหาย,ref_subs_sent_h,hateful,385,385,0,0
3.0,,,3,Myanmar,คนพม่า,hateful,พวกมึงและ{IDENTITY_P}ในประเทศนี้ทำให้กุโคตรโกรธเลย,derog_neg_emote_h,hateful,18,18,0,0
1.0,2.0,,2,Thai-Central,คนกรุง,non-hateful,ในโลกที่ยุติธรรม{IDENTITY_P}ทุกคนควรได้รับการยกย่อง,ident_pos_nh,non-hateful,530,530,0,0
1.0,2.0,,2,trans/ladyboy,คนแปลงเพศ,non-hateful,ถ้าจะไปด่า{IDENTITY_P}ให้ไปตาย อย่าหวังให้พวกเขาเคารพมึงเลย,counter_ref_nh,non-hateful,569,569,0,0
3.0,,,3,women,ผู้หญิง,hateful,อีพวก{IDENTITY_P}ไม่สมควรมีชีวิตเหมือนคนอื่น,negate_pos_h,hateful,408,408,0,0
,3.0,,3,buddhism,คนพุทธ,non-hateful,พวก{IDENTITY_P} ได้เป็นสมาชิกสภาฯ 3 คน,ident_neutral_nh,non-hateful,495,495,0,0
3.0,,,3,Chinese-Thai,คนไทยเชื้อสายจีน,hateful,อีพวก{IDENTITY_P}แบบนั้นแม่งน่ารังเกียจ,derog_neg_attrib_h,hateful,28,28,0,0
2.0,1.0,,1,,,hateful,กุโคตรเกลียดนักการเมืองแบบมึงชิบหาย,target_group_nh,non-hateful,703,703a,0,0
,3.0,,3,Thai-Central,คนกรุง,non-hateful,มากกว่าครึ่งที่เป็น{IDENTITY_P},ident_neutral_nh,non-hateful,494,494,0,1
3.0,,,0,buddhism,คนพุทธ,hateful,มันมีไอ{IDENTITY_S}ในทีมฟุตบอลของกู,ident_neutral_nh,non-hateful,491,491b,0,1
,3.0,,3,Thai,คนไทย,non-hateful,เราควรเคารพ{IDENTITY_P} นะ,ident_pos_nh,non-hateful,525,525b,0,0
,3.0,,3,Thai Isan,คนอีสาน,non-hateful,มากกว่าครึ่งที่เป็น{IDENTITY_P},ident_neutral_nh,non-hateful,494,494,0,1
3.0,,,3,Malay,คนมาเล,hateful,พวก{IDENTITY_P}แม่งไม่ให้เกียรติพวกเรา กุจะทำให้พวกมันรู้สำนึกบ้าง,ref_subs_sent_h,hateful,393,393,0,0
3.0,,,3,women,ผู้หญิง,hateful,เกลียดไอ{IDENTITY_S}ที่สุดในโลก,derog_impl_h,hateful,79,79,0,0
3.0,,,3,Highland Indigenous People,คนกะเหรี่ยง,hateful,ก็แค่พวก{IDENTITY_P} ยิงแม่งทิ้งไปเลยดีกว่า,ref_subs_sent_h,hateful,396,396,0,0
,3.0,,3,Thai-Central,คนกรุง,non-hateful,มันทำงานกับพวก{IDENTITY_P}เยอะ,ident_neutral_nh,non-hateful,486,486,0,0
3.0,,,3,Thai-Laos,คนลาว,hateful,ไอ้พวก{IDENTITY_P}ที่กล้าเถียงกุ กุอยากจะฆ่ามันให้ตาย,ref_subs_clause_h,hateful,372,372,0,0
3.0,,,3,gay,เกย์,hateful,พวก{IDENTITY_P}มันเป็นพวกสัตว์ชั้นต่ำ,derog_dehum_h,hateful,59,59b,0,0
3.0,,,3,christianity,คนคริสต์,hateful,อยากให้มีคนไปหักคอไอ้พวก{IDENTITY_P}จริงๆ,phrase_opinion_h,hateful,478,478,0,0
3.0,,,3,Thai,คนไทย,hateful,ไอพวก{SLUR_P} ทำอีกแล้ว,slur_h,hateful,128,128,0,1
3.0,,,3,Thai-Central,คนกรุง,hateful,มันเป็นสันดานของอีพวก{IDENTITY_P}ที่จะไม่มีวันเจริญ,derog_neg_attrib_h,hateful,32,32,0,0
,3.0,,3,trans/ladyboy,คนแปลงเพศ,non-hateful,อย่ายืนเฉยดิ พวก{IDENTITY_P}กำลังโดนฆ่าอยู่,negate_neg_nh,non-hateful,440,440,0,0
1.0,2.0,,2,girl,เด็กผู้หญิง,non-hateful,มึงจะเหมารวมว่า{IDENTITY_P}ทุกคนโง่ไม่ได้ปะวะ,counter_ref_nh,non-hateful,557,557,1,0
3.0,,,3,elderly,ผู้สูงอายุ,hateful,จากสันดานพวก{IDENTITY_P}แม่งก็เป็นได้แค่ขยะสังคมเท่านั้นแหละ,profanity_h,hateful,251,251,0,0
3.0,,,3,boy,เด็กผู้ชาย,hateful,ไอสัด {IDENTITY_S}จะต้องตายด้วยความทรมาณจากมือของกุ,threat_dir_h,hateful,100,100,0,0
3.0,,,3,gay,เกย์,hateful,ไอพวกอำนาจล้มมืออย่าง{IDENTITY_P}เป็นภัยต่อประเทศเรา,derog_neg_attrib_h,hateful,30,30,0,0
3.0,,,3,girl,เด็กผู้หญิง,hateful,พวกมันก็แค่{SLUR_P},slur_h,hateful,125,125,0,1
,3.0,,3,elderly,ผู้สูงอายุ,non-hateful,ถ้าจะไปด่า{IDENTITY_P}ให้ไปตาย อย่าหวังให้พวกเขาเคารพมึงเลย,counter_ref_nh,non-hateful,569,569,0,0
3.0,,,3,male,ผู้ชาย,hateful,ถ้ากุตื่นมาแล้วเป็น{IDENTITY_S} กุคงฆ่าตัวตาย,derog_impl_h,hateful,78,78,0,0
,3.0,,3,Cambodians,คนเขมร,non-hateful,เราต้องไม่ให้{IDENTITY_P}โดนทำร้ายอีกต่อไป,negate_neg_nh,non-hateful,435,435b,0,0
3.0,,,3,hinduism,คนฮินดู,hateful,ไอพวกอำนาจล้มมืออย่าง{IDENTITY_P}เป็นภัยต่อประเทศเรา,derog_neg_attrib_h,hateful,30,30,0,0
3.0,,,3,male,ผู้ชาย,hateful,พวก{IDENTITY_P}มันรกโลก,derog_dehum_h,hateful,55,55,0,0
3.0,,,3,migrant workers,แรงงานต่างด้าว,hateful,พวก{IDENTITY_P}เป็นสัตว์ชั้นต่ำของสังคม,derog_dehum_h,hateful,49,49,0,0
3.0,,,3,Chinese-Thai,คนไทยเชื้อสายจีน,hateful,มึงก็แค่{SLUR_S}ในสายตากู,slur_h,hateful,122,122,0,1
3.0,,,3,Chinese-Thai,คนไทยเชื้อสายจีน,hateful,เป็นสันดานของ{SLUR_S}ที่มีมาตั้งแต่เกิดแล้วละ,slur_h,hateful,127,127,0,0
3.0,,,3,Thai-Central,คนกรุง,hateful,พวก{IDENTITY_P}คงไม่กล้าขำกุ ถ้ากุเริ่มยิงใส่พวกแม่ง,ref_subs_clause_h,hateful,374,374,0,0
2.0,1.0,,2,boy,เด็กผู้ชาย,hateful,มีแต่พวก io จาก{IDENTITY_P}เท่านั้นแหละที่คอยมาแซะรัฐบาล,derog_dehum_h,hateful,60,60b,0,0
3.0,,,3,women,ผู้หญิง,hateful,ทน{IDENTITY_P}ไม่ไหวเลยวะ,derog_neg_emote_h,hateful,2,2a,0,0
3.0,,,0,christianity,คนคริสต์,hateful,มันมีไอ{IDENTITY_S}ในทีมฟุตบอลของกู,ident_neutral_nh,non-hateful,491,491b,0,1
,3.0,,3,christianity,คนคริสต์,non-hateful,กุอยู่กับพวก{IDENTITY_P}สองคน,ident_neutral_nh,non-hateful,483,483,0,0
3.0,,,3,hinduism,คนฮินดู,hateful,ถ้าถามเราอ่ะนะ{IDENTITY_P}แบบมึงก็ไม่ต่างจากหนูหรอก,phrase_opinion_h,hateful,471,471,0,0
3.0,,,3,gay,เกย์,hateful,ไม่มีอะไรเหี้ยไปกว่าไอ{IDENTITY_S}แล้ว,derog_neg_emote_h,hateful,14,14,1,0
,3.0,,3,Cambodians,คนเขมร,non-hateful,รัก{IDENTITY_P}จังเลยยย 💖💖💖,ident_pos_nh,non-hateful,502,502,0,0
3.0,,,3,labour workers,แรงงาน,hateful,ไม่น่ามีใครเหี้ยไปกว่าพวก{IDENTITY_P}ละ,derog_neg_emote_h,hateful,12,12,0,0
3.0,,,3,Chinese-Thai,คนไทยเชื้อสายจีน,hateful,ให้ตายยังไงกุก็ไม่เดทกับ{IDENTITY_S}หรอก,derog_impl_h,hateful,76,76,0,0
3.0,,,3,Malay,คนมาเล,hateful,ไม่มีอะไรเหี้ยไปกว่าไอ{IDENTITY_S}แล้ว,derog_neg_emote_h,hateful,14,14,0,0
,3.0,,3,women,ผู้หญิง,non-hateful,การที่มึงเกลียด{IDENTITY_P}นี่โคตรเข้าใจผิดเลย,counter_ref_nh,non-hateful,552,552,0,0
3.0,,,3,islam,คนอิสลาม,hateful,จะทรมานพวก{IDENTITY_P}แบบไม่มีเมตตา,threat_dir_h,hateful,93,93,0,0
3.0,,,3,elderly,ผู้สูงอายุ,hateful,อีพวก{IDENTITY_P}ไม่เหมือนเราเลย มันต้องตาย,ref_subs_clause_h,hateful,375,375,0,0
,3.0,,3,migrant workers,แรงงานต่างด้าว,non-hateful,การที่มึงเกลียด{IDENTITY_P}นี่โคตรเข้าใจผิดเลย,counter_ref_nh,non-hateful,552,552,0,0
3.0,,,3,male,ผู้ชาย,hateful,ชีวิตพวก{IDENTITY_P}แม่งไม่มีค่าอะไรสำหรับกุเลย,ref_subs_clause_h,hateful,379,379,0,0
3.0,,,3,Thai Isan,คนอีสาน,hateful,อย่าให้{IDENTITY_S}มีชีวิตอยู่ต่อไปเลย,negate_pos_h,hateful,417,417,0,0
3.0,,,3,women,ผู้หญิง,hateful,ไอ้พวก{IDENTITY_P}ที่กล้าเถียงกุ กุอยากจะฆ่ามันให้ตาย,ref_subs_clause_h,hateful,372,372,0,0
3.0,,,3,islam,คนอิสลาม,hateful,อีพวก{IDENTITY_P}ที่ป่วยควรถูกพาไปหาหมอรักษาสัตว์นะ หมอรักษาคนไม่เหมาะกับพวกมัน,derog_impl_h,hateful,62,62,0,0
3.0,,,3,christianity,คนคริสต์,hateful,พวก{IDENTITY_P}นี่มันน่าขยะแขยงจริงๆ,derog_neg_attrib_h,hateful,24,24,0,0
,3.0,,3,Thai-Laos,คนลาว,non-hateful,กุรัก{IDENTITY_P}มากกกกก,ident_pos_nh,non-hateful,503,503,0,0
2.0,1.0,,2,Chinese-Thai,คนไทยเชื้อสายจีน,hateful,อยากเห็นอีพวก{IDENTITY_P}เจ็บปวด,threat_norm_h,hateful,103,103,0,0
3.0,,,3,tomboy,ทอม,hateful,พวก{IDENTITY_P}ก็แบบนี้แหละ มันน่ารังเกียจชิบหาย,ref_subs_sent_h,hateful,385,385,0,0
3.0,,,3,Cambodians,คนเขมร,hateful,อีพวก{IDENTITY_P}ไม่ควรอยู่บนโลกนี้,negate_pos_h,hateful,421,421a,0,0
,3.0,,3,disbabled,คนพิการ,non-hateful,การที่มึงเกลียด{IDENTITY_P}นี่โคตรเข้าใจผิดเลย,counter_ref_nh,non-hateful,552,552,0,0
,3.0,,3,christianity,คนคริสต์,non-hateful,"เราไม่ให้เกียรติคนที่เขียนว่า ""มี{SLUR_P}เยอะเกินในประเทศนี้""",counter_quote_nh,non-hateful,546,546,0,0
3.0,,,3,elderly,ผู้สูงอายุ,hateful,มันเป็นสันดานของไอพวก{IDENTITY_S}ที่น่ารำคาญและเหี้ย,profanity_h,hateful,259,259,0,0
,3.0,,3,gay,เกย์,non-hateful,เราไม่ได้เกลียดพวก{IDENTITY_P},negate_neg_nh,non-hateful,423,423,0,0
3.0,,,3,islam,คนอิสลาม,hateful,พวก{IDENTITY_P}ไม่มีทางดูดีเลย,negate_pos_h,hateful,403,403,0,0
3.0,,,3,male,ผู้ชาย,hateful,พวก{IDENTITY_P}อย่างมึงเป็นเหี้ยไรมากปะ,profanity_h,hateful,242,242b,0,0
1.0,2.0,,2,migrant workers,แรงงานต่างด้าว,non-hateful,มันทำงานกับพวก{IDENTITY_P}เยอะ,ident_neutral_nh,non-hateful,486,486,0,0
3.0,,,3,Thai-Laos,คนลาว,hateful,{IDENTITY_P} แม่งเหี้ยกันทุกคนเลย,profanity_h,hateful,256,256,0,0
3.0,,,3,elderly,ผู้สูงอายุ,hateful,ไอพวกอำนาจล้มมืออย่าง{IDENTITY_P}เป็นภัยต่อประเทศเรา,derog_neg_attrib_h,hateful,30,30,0,0
3.0,,,3,islam,คนอิสลาม,hateful,ไอเดียที่ออกจากปาก{IDENTITY_S}น่ะ ก็เป็นเพียงความคิดห่วยแตกอันนึง,profanity_h,hateful,253,253,0,0
,3.0,,3,tomboy,ทอม,non-hateful,การที่มึงเกลียด{IDENTITY_P}นี่โคตรเข้าใจผิดเลย,counter_ref_nh,non-hateful,552,552,0,0
,3.0,,3,tomboy,ทอม,non-hateful,เราควรเคารพ{IDENTITY_P} นะ,ident_pos_nh,non-hateful,525,525b,0,0
,3.0,,3,Chinese-Thai,คนไทยเชื้อสายจีน,non-hateful,"ควรโดนแบนไปเลยที่ไปบอกว่า ""{IDENTITY_P} สมควรตาย""",counter_quote_nh,non-hateful,544,544,0,0
,3.0,,3,gay,เกย์,non-hateful,อย่ายืนเฉยดิ พวก{IDENTITY_P}กำลังโดนฆ่าอยู่,negate_neg_nh,non-hateful,440,440,0,0
3.0,,,3,male,ผู้ชาย,hateful,อีพวก{IDENTITY_P}เป็นขยะสังคม,derog_dehum_h,hateful,48,48,0,0
3.0,,,3,disbabled,คนพิการ,hateful,อยากให้มีคนไปหักคอไอ้พวก{IDENTITY_P}จริงๆ,phrase_opinion_h,hateful,478,478,0,0
1.0,2.0,,2,women,ผู้หญิง,non-hateful,ไม่รู้ตัวเหรอว่ามึงเหี้ยขนาดไหนที่ไปเรียก{IDENTITY_P}ว่าเป็นขยะ,counter_ref_nh,non-hateful,558,558,0,0
,3.0,,3,migrant workers,แรงงานต่างด้าว,non-hateful,เราต้องไม่ให้{IDENTITY_P}โดนทำร้ายอีกต่อไป,negate_neg_nh,non-hateful,435,435b,0,0
,3.0,,3,Cambodians,คนเขมร,non-hateful,"การที่มึงบอกว่า ""{IDENTITY_P} แม่งเป็นพวกขยะ"" มันแสดงถึงตัวมึงเองนะเว้ย",counter_quote_nh,non-hateful,551,551,0,0
3.0,,,3,Thai,คนไทย,hateful,พวก{IDENTITY_P}เป็นสัตว์ชั้นต่ำของสังคม,derog_dehum_h,hateful,49,49,0,0
3.0,,,3,labour workers,แรงงาน,hateful,พวกมันก็แค่{SLUR_P},slur_h,hateful,125,125,0,1
3.0,,,3,migrant workers,แรงงานต่างด้าว,hateful,อยากเห็นอีพวก{IDENTITY_P}เจ็บปวด,threat_norm_h,hateful,103,103,0,0
3.0,,,3,islam,คนอิสลาม,hateful,มึงก็แค่{SLUR_S}ในสายตากู,slur_h,hateful,122,122,0,1
3.0,,,3,Thai Isan,คนอีสาน,hateful,{IDENTITY_P} คงคิดว่ามันพิเศษกว่าคนอื่น กุเกลียดคนแบบนี้ชิบหาย,ref_subs_sent_h,hateful,382,382a,0,0
,3.0,,3,tomboy,ทอม,non-hateful,มากกว่าครึ่งที่เป็น{IDENTITY_P},ident_neutral_nh,non-hateful,494,494,0,1
1.0,2.0,,2,elderly,ผู้สูงอายุ,non-hateful,"การที่มึงบอกว่า ""{IDENTITY_P} แม่งเป็นพวกขยะ"" มันแสดงถึงตัวมึงเองนะเว้ย",counter_quote_nh,non-hateful,551,551,0,0
3.0,,,3,hinduism,คนฮินดู,hateful,ไอ้ลิงนั้นฉลาดกว่าพวก{IDENTITY_P}รวมกันอีก,derog_impl_h,hateful,64,64,0,0
3.0,,,3,Myanmar,คนพม่า,hateful,พวก{IDENTITY_P}นี่มันน่าขยะแขยงจริงๆ,derog_neg_attrib_h,hateful,24,24,0,0
3.0,,,3,Malay,คนมาเล,hateful,เมื่อไหร่คนจะเข้าใจว่าอีพวก{IDENTITY_P}นี่แหละที่โหดและรุนแรง,phrase_question_h,hateful,447,447,0,0
3.0,,,3,child,เด็ก,hateful,ชีวิตพวก{IDENTITY_A}มันไร้ค่า,derog_dehum_h,hateful,53,53,0,0
3.0,,,3,boy,เด็กผู้ชาย,hateful,{IDENTITY_P} แม่งเหี้ยกันทุกคนเลย,profanity_h,hateful,256,256,0,0
3.0,,,3,disbabled,คนพิการ,hateful,ทน{IDENTITY_P}ไม่ไหวเลยวะ,derog_neg_emote_h,hateful,2,2a,0,0
2.0,1.0,,2,Thai-Central,คนกรุง,hateful,กุคงโอเคกับ{IDENTITY_P} ถ้าพวกมันไม่เหี้ยขนาดนี้,ref_subs_clause_h,hateful,381,381,0,0
3.0,,,3,islam,คนอิสลาม,hateful,เป็นสันดานของ{SLUR_S}ที่มีมาตั้งแต่เกิดแล้วละ,slur_h,hateful,127,127,0,0
3.0,,,3,trans/ladyboy,คนแปลงเพศ,hateful,ไอพวกอำนาจล้มมืออย่าง{IDENTITY_P}เป็นภัยต่อประเทศเรา,derog_neg_attrib_h,hateful,30,30,0,0
3.0,,,3,Highland Indigenous People,คนกะเหรี่ยง,hateful,{IDENTITY_P} พวกนี้ควรจะถูกประหารให้สิ้นซากไป,threat_norm_h,hateful,112,112a,0,0
,3.0,,3,Chinese-Thai,คนไทยเชื้อสายจีน,non-hateful,เราไม่ได้เกลียดพวก{IDENTITY_P},negate_neg_nh,non-hateful,423,423,0,0
3.0,,,3,disbabled,คนพิการ,hateful,กำจัด{IDENTITY_P}ให้สิ้นซากไปเลยดีกว่า,threat_dir_h,hateful,95,95,0,0
1.0,2.0,,2,Cambodians,คนเขมร,non-hateful,ดีใจที่คนเริ่มรู้แล้วว่า{IDENTITY_P}ไม่ได้โง่เลยสักนิด,negate_neg_nh,non-hateful,426,426b,0,0
3.0,,,3,disbabled,คนพิการ,hateful,มีแต่พวก{IDENTITY_P}เท่านั้นแหละที่โง่ได้ขนาดนี้,derog_neg_attrib_h,hateful,34,34,0,0
3.0,,,3,boy,เด็กผู้ชาย,hateful,ก็พวก{IDENTITY_P}มันโง่แบบนี้เป็นปกติอยู่แล้วนิ,phrase_opinion_h,hateful,464,464,0,0
,3.0,,3,buddhism,คนพุทธ,non-hateful,พรุ่งนี้กุจะไปกอด{IDENTITY_S},ident_pos_nh,non-hateful,520,520,0,0
3.0,,,3,male,ผู้ชาย,hateful,อีพวก{IDENTITY_P} เหี้ยทั้งนั้น,ref_subs_sent_h,hateful,400,400,0,0
3.0,,,3,Cambodians,คนเขมร,hateful,พวก{IDENTITY_P}ไม่มีทางดูดีเลย,negate_pos_h,hateful,403,403,0,0
,3.0,,3,trans/ladyboy,คนแปลงเพศ,non-hateful,"มึงเขียนไปดิว่า ""กุจะฆ่า{IDENTITY_S}"" แค่มึงเตรียมโดนฟ้องศาลได้เลย",counter_quote_nh,non-hateful,543,543,0,0
,3.0,,3,islam,คนอิสลาม,non-hateful,การที่มึงเกลียด{IDENTITY_P}นี่โคตรเข้าใจผิดเลย,counter_ref_nh,non-hateful,552,552,0,0
3.0,,,3,girl,เด็กผู้หญิง,hateful,เห็นไหมว่าเราจะดีกว่านี้ถ้าอีพวก{IDENTITY_P} ถูกกำจัดออกไป,phrase_question_h,hateful,457,457,0,0
1.0,2.0,,2,Thai-Laos,คนลาว,non-hateful,{IDENTITY_P} นี่แหละ ที่สมควรเป็นหนึ่งในรัฐบาลของเรา,ident_pos_nh,non-hateful,518,518,0,0
3.0,,,3,boy,เด็กผู้ชาย,hateful,กุเชื่อแล้วว่าอีพวก{IDENTITY_P}ก็แค่พวกสัตว์ชั้นต่ำ,phrase_opinion_h,hateful,470,470,0,0
3.0,,,3,boy,เด็กผู้ชาย,hateful,อีพวก{IDENTITY_P}ไม่ควรอยู่บนโลกนี้,negate_pos_h,hateful,421,421a,0,0
3.0,,,3,buddhism,คนพุทธ,hateful,ทำไมพวกมึงยังไม่เข้าใจอีกว่าพวก{IDENTITY_P}เป็นขยะสังคม,phrase_question_h,hateful,450,450,0,0
3.0,,,3,Thai Isan,คนอีสาน,hateful,เกลียดพวก{IDENTITY_P}จนไม่รู้จะพูดยังไงดี,derog_neg_emote_h,hateful,19,19,0,0
3.0,,,3,tomboy,ทอม,hateful,ไอพวก{IDENTITY_P}ไปตายซะเถอะ,profanity_h,hateful,246,246,0,0
3.0,,,3,labour workers,แรงงาน,hateful,น่าจะมีใครไปแทงพวก{IDENTITY_P}ให้ตายๆ ไปซะที,threat_norm_h,hateful,118,118,0,0
3.0,,,3,islam,คนอิสลาม,hateful,ไอสัด {IDENTITY_S}จะต้องตายด้วยความทรมาณจากมือของกุ,threat_dir_h,hateful,100,100,0,0
3.0,,,3,Thai-Central,คนกรุง,hateful,พวก{IDENTITY_P}ไม่มีทางดูดีเลย,negate_pos_h,hateful,403,403,0,0
1.0,2.0,,2,islam,คนอิสลาม,non-hateful,มากกว่าครึ่งที่เป็น{IDENTITY_P},ident_neutral_nh,non-hateful,494,494,0,1
3.0,,,3,buddhism,คนพุทธ,hateful,ทำไมไอพวก{IDENTITY_P}เป็นห่ากันแบบนี้หมดเลยวะ,phrase_question_h,hateful,460,460,0,0
,3.0,,3,migrant workers,แรงงานต่างด้าว,non-hateful,มึงต้องรับผิดชอบคำพูดของมึงนะ ถ้ามึงพูดว่ามึงจะไปข่มขืน{IDENTITY_S},counter_ref_nh,non-hateful,562,562,0,0
3.0,,,3,male,ผู้ชาย,hateful,เราไม่กินอาหารที่กับอิพวก{IDENTITY_S}จับเด็ดขาด,derog_impl_h,hateful,66,66a,0,0
3.0,,,3,hinduism,คนฮินดู,hateful,ไม่น่ามีใครเหี้ยไปกว่าพวก{IDENTITY_P}ละ,derog_neg_emote_h,hateful,12,12,0,0
3.0,,,3,Cambodians,คนเขมร,hateful,ไอเดียที่ออกจากปาก{IDENTITY_S}น่ะ ก็เป็นเพียงความคิดห่วยแตกอันนึง,profanity_h,hateful,253,253,0,0
,3.0,,3,christianity,คนคริสต์,non-hateful,"การที่มึงบอกว่า ""{IDENTITY_P} แม่งเป็นพวกขยะ"" มันแสดงถึงตัวมึงเองนะเว้ย",counter_quote_nh,non-hateful,551,551,0,0
3.0,,,3,tomboy,ทอม,hateful,เป็นธรรมดาของ{IDENTITY_S}ที่จะเหี้ยแบบนี้,profanity_h,hateful,252,252,0,0
3.0,,,3,hinduism,คนฮินดู,hateful,ไม่เห็นหรือไงว่าอีพวก{IDENTITY_P}มันต่ำตม,phrase_question_h,hateful,446,446,0,0
3.0,,,3,Thai-Laos,คนลาว,hateful,ถ้า{IDENTITY_P}หายไปจากโลกนี้ ชีวิตเราคงจะดีขึ้นเยอะ,threat_norm_h,hateful,107,107,0,0
3.0,,,3,gay,เกย์,hateful,อีพวก{IDENTITY_P}โง่กันทุกคน,negate_pos_h,hateful,404,404,0,0
3.0,,,3,tomboy,ทอม,hateful,พวก{IDENTITY_P}คงไม่กล้าขำกุ ถ้ากุเริ่มยิงใส่พวกแม่ง,ref_subs_clause_h,hateful,374,374,0,0
3.0,,,3,trans/ladyboy,คนแปลงเพศ,hateful,เจอ{IDENTITY_P}มาหลายคน กุเกลียดหมดเลย,ref_subs_clause_h,hateful,362,362,0,0
3.0,,,3,gay,เกย์,hateful,ควรให้คนไปจัดการกับไอพวก{IDENTITY_P}ให้หมด,threat_norm_h,hateful,119,119,0,0
3.0,,,3,tomboy,ทอม,hateful,ถ้ากุตื่นมาแล้วเป็น{IDENTITY_S} กุคงฆ่าตัวตาย,derog_impl_h,hateful,78,78,0,0
,3.0,,3,tomboy,ทอม,non-hateful,กุไม่มีทางทำร้าย{IDENTITY_S}เด็ดขาด,negate_neg_nh,non-hateful,434,434,0,0
3.0,,,3,hinduism,คนฮินดู,hateful,ไอพวก{IDENTITY_P}ไปตายซะเถอะ,profanity_h,hateful,246,246,0,0
3.0,,,3,labour workers,แรงงาน,hateful,ชีวิตพวก{IDENTITY_P}แม่งไม่มีค่าอะไรสำหรับกุเลย,ref_subs_clause_h,hateful,379,379,0,0
3.0,,,3,Thai-Central,คนเมือง,hateful,ชีวิตอีพวก{IDENTITY_A}ไม่มีค่าอะไรเลย,negate_pos_h,hateful,413,413,0,0
,3.0,,3,christianity,คนคริสต์,non-hateful,"กุจะไม่ทนกับโพสต์แบบว่า ""{IDENTITY_P} น่ารังเกียจ""เลย",counter_quote_nh,non-hateful,536,536,0,0
,3.0,,3,Malay,คนมาเล,non-hateful,เราไม่ได้เกลียดพวก{IDENTITY_P},negate_neg_nh,non-hateful,423,423,0,0
,3.0,,3,trans/ladyboy,ตุ๊ด,non-hateful,มันไม่โอเคเลยที่จะเรียกคนว่า{SLUR_S},counter_ref_nh,non-hateful,566,566,0,0
3.0,,,3,girl,เด็กผู้หญิง,hateful,พวก{IDENTITY_P}มันรกโลก,derog_dehum_h,hateful,55,55,0,0
,3.0,,3,elderly,ผู้สูงอายุ,non-hateful,กุไม่มีทางทำร้าย{IDENTITY_S}เด็ดขาด,negate_neg_nh,non-hateful,434,434,0,0
3.0,,,3,migrant workers,แรงงานต่างด้าว,hateful,อีพวก{IDENTITY_P}สกปรกในสายตาเรา,phrase_opinion_h,hateful,466,466,0,0
3.0,,,3,islam,คนอิสลาม,hateful,กุว่ามีแค่{IDENTITY_P}เท่านั้นแหละที่โง่ขนาดนี้,phrase_opinion_h,hateful,463,463,0,0
1.0,2.0,,1,Chinese-Thai,คนไทยเชื้อสายจีน,non-hateful,การลงโทษด้วยการเผาทั้งเป็นกับ{IDENTITY_P}มันรุนแรงเกินไป,threat_norm_h,hateful,120,120b,0,0
,3.0,,3,elderly,ผู้สูงอายุ,non-hateful,กุรัก{IDENTITY_P}มากกกกก,ident_pos_nh,non-hateful,503,503,0,0
3.0,,,3,Thai Isan,คนอีสาน,hateful,กุว่ามีแค่{IDENTITY_P}เท่านั้นแหละที่โง่ขนาดนี้,phrase_opinion_h,hateful,463,463,0,0
3.0,,,3,christianity,คนคริสต์,hateful,เห็นไหมว่าเราจะดีกว่านี้ถ้าอีพวก{IDENTITY_P} ถูกกำจัดออกไป,phrase_question_h,hateful,457,457,0,0
3.0,,,3,boy,เด็กผู้ชาย,hateful,ไอเดียที่ออกจากปาก{IDENTITY_S}น่ะ ก็เป็นเพียงความคิดห่วยแตกอันนึง,profanity_h,hateful,253,253,0,0
3.0,,,3,disbabled,คนพิการ,hateful,อีพวก{IDENTITY_P}แบบมึงควรรู้ว่าชีวิตมึงไร้ค่า,ref_subs_clause_h,hateful,371,371,0,0
3.0,,,3,Highland Indigenous People,คนกะเหรี่ยง,hateful,ไม่เห็นหรือไงว่าอีพวก{IDENTITY_P}มันต่ำตม,phrase_question_h,hateful,446,446,0,0
3.0,,,3,Malay,คนมาเล,hateful,ชีวิตพวก{IDENTITY_P}แม่งไม่มีค่าอะไรสำหรับกุเลย,ref_subs_clause_h,hateful,379,379,0,0
3.0,,,3,Thai-Laos,คนลาว,hateful,จากสันดานพวก{IDENTITY_P}แม่งก็เป็นได้แค่ขยะสังคมเท่านั้นแหละ,profanity_h,hateful,251,251,0,0
3.0,,,3,gay,เกย์,hateful,กำจัด{IDENTITY_P}ให้สิ้นซากไปเลยดีกว่า,threat_dir_h,hateful,95,95,0,0
1.0,2.0,,2,Chinese-Thai,คนไทยเชื้อสายจีน,non-hateful,มันทำงานกับพวก{IDENTITY_P}เยอะ,ident_neutral_nh,non-hateful,486,486,0,0
,3.0,,3,trans/ladyboy,คนแปลงเพศ,non-hateful,เราต้องไม่ให้{IDENTITY_P}โดนทำร้ายอีกต่อไป,negate_neg_nh,non-hateful,435,435b,0,0
,3.0,,3,disbabled,คนพิการ,non-hateful,"อะไรที่ทำให้มึงพูดว่า ""{IDENTITY_P} น่ารังเกียจขนาดนี้""",counter_quote_nh,non-hateful,533,533,0,0
,3.0,,3,hinduism,คนฮินดู,non-hateful,{IDENTITY_P} นี่แหละ ที่สมควรเป็นหนึ่งในรัฐบาลของเรา,ident_pos_nh,non-hateful,518,518,0,0
3.0,,,3,tomboy,ทอม,hateful,พวกมึงและ{IDENTITY_P}ในประเทศนี้ทำให้กุโคตรโกรธเลย,derog_neg_emote_h,hateful,18,18,0,0
3.0,,,3,girl,เด็กผู้หญิง,hateful,มี{IDENTITY_P}บางคนได้เป็นรัฐบาล แม่งก็ยังเป็นแค่ขยะสำหรับกุอยู่ดี,ref_subs_sent_h,hateful,390,390,0,0
1.0,2.0,,2,christianity,คนคริสต์,non-hateful,การเรียก{IDENTITY_P}ว่าเป็นแมลงสาบมันเป็นสิ่งที่แย่มากๆ นะ,counter_ref_nh,non-hateful,559,559,0,0
,3.0,,3,islam,คนอิสลาม,non-hateful,"ทำไมถึงพูด ""{IDENTITY_P} น่ารังเกียจ"" แล้วไม่รู้ว่ามันไม่ดีนี่นะ",counter_quote_nh,non-hateful,535,535,0,0
3.0,,,3,migrant workers,แรงงานต่างด้าว,hateful,{IDENTITY_P} แม่งเหี้ยกันทุกคนเลย,profanity_h,hateful,256,256,0,0
,3.0,,0,tomboy,ทอม,non-hateful,การลงโทษด้วยการเผาทั้งเป็นกับ{IDENTITY_P}มันรุนแรงเกินไป,threat_norm_h,hateful,120,120b,0,0
1.0,2.0,,2,,,non-hateful,ไม่มีอะไรสกปรกมากกว่าผ้าปูที่นอนนี้,target_obj_nh,non-hateful,596,596b,0,0
,3.0,,3,boy,เด็กผู้ชาย,non-hateful,ถ้าจะไปด่า{IDENTITY_P}ให้ไปตาย อย่าหวังให้พวกเขาเคารพมึงเลย,counter_ref_nh,non-hateful,569,569,0,0
3.0,,,3,buddhism,คนพุทธ,hateful,พวก{IDENTITY_P}นี่มันน่าขยะแขยงจริงๆ,derog_neg_attrib_h,hateful,24,24,0,0
,3.0,,3,disbabled,คนพิการ,non-hateful,พรุ่งนี้กุจะไปช่วย{IDENTITY_S},ident_pos_nh,non-hateful,523,523,0,0
3.0,,,3,tomboy,ทอม,hateful,ทน{IDENTITY_P}ไม่ไหวเลยวะ,derog_neg_emote_h,hateful,2,2a,0,0
3.0,,,3,male,ผู้ชาย,hateful,พวก{IDENTITY_P}ไปตายซะเถอะ,profanity_h,hateful,243,243,0,0
3.0,,,3,Chinese-Thai,คนไทยเชื้อสายจีน,hateful,{IDENTITY_P} พวกนี้ควรจะถูกประหารให้สิ้นซากไป,threat_norm_h,hateful,112,112a,0,0
3.0,,,3,islam,คนอิสลาม,hateful,กุต้องไปข่มขืน{IDENTITY_S}วันนี้,threat_dir_h,hateful,87,87,0,0
3.0,,,3,Highland Indigenous People,คนกะเหรี่ยง,hateful,แม่งโคตรเกลียดพวก{IDENTITY_P}ที่อยู่แถวนี้,derog_neg_emote_h,hateful,6,6,0,0
,3.0,,3,girl,เด็กผู้หญิง,non-hateful,รัก{IDENTITY_P}จังเลยยย 💖💖💖,ident_pos_nh,non-hateful,502,502,0,0
3.0,,,3,buddhism,คนพุทธ,hateful,ไอพวก{IDENTITY_P}ไปตายซะเถอะ,profanity_h,hateful,246,246,0,0
3.0,,,0,Malay,คนมาเล,hateful,มันมีไอ{IDENTITY_S}ในทีมฟุตบอลของกู,ident_neutral_nh,non-hateful,491,491b,0,0
3.0,,,3,labour workers,แรงงาน,hateful,กุเชื่อแล้วว่าอีพวก{IDENTITY_P}ก็แค่พวกสัตว์ชั้นต่ำ,phrase_opinion_h,hateful,470,470,0,0
3.0,,,3,christianity,คนคริสต์,hateful,คงจะดีถ้ามีคนไปรัดคอพวก{IDENTITY_P}ให้ตายๆ ไป,threat_norm_h,hateful,113,113a,0,0
3.0,,,3,Highland Indigenous People,คนกะเหรี่ยง,hateful,มันเป็นสันดานของอีพวก{IDENTITY_P}ที่จะไม่มีวันเจริญ,derog_neg_attrib_h,hateful,32,32,0,0
3.0,,,3,islam,คนอิสลาม,hateful,ไอ้พวก{IDENTITY_P}ที่กล้าเถียงกุ กุอยากจะฆ่ามันให้ตาย,ref_subs_clause_h,hateful,372,372,0,0
,3.0,,3,islam,คนอิสลาม,non-hateful,"มึงเขียนไปดิว่า ""กุจะฆ่า{IDENTITY_S}"" แค่มึงเตรียมโดนฟ้องศาลได้เลย",counter_quote_nh,non-hateful,543,543,0,0
3.0,,,3,migrant workers,แรงงานต่างด้าว,hateful,มึงก็แค่{SLUR_S}ในสายตากู,slur_h,hateful,122,122,0,0
3.0,,,3,gay,เกย์,hateful,พวก{IDENTITY_P}ต้องไสหัวออกไปจากประเทศของเราให้หมด,profanity_h,hateful,245,245,0,0
,3.0,,3,Thai-Central,คนกรุง,non-hateful,กุรัก{IDENTITY_P}มากกกกก,ident_pos_nh,non-hateful,503,503,0,0
3.0,,,3,Thai-Laos,คนลาว,hateful,ทำไมไอพวก{IDENTITY_P}เป็นห่ากันแบบนี้หมดเลยวะ,phrase_question_h,hateful,460,460,0,0
3.0,,,3,Thai-Laos,คนลาว,hateful,กุต้องไปข่มขืน{IDENTITY_S}วันนี้,threat_dir_h,hateful,87,87,0,0
2.0,1.0,,2,Highland Indigenous People,คนกะเหรี่ยง,hateful,ถ้าพวก{IDENTITY_P}อย่างมึงไม่ยอมปรับตัวเข้าหาสังคม ก็สมควรโดนแบบนี้แหละ,ref_subs_clause_h,hateful,376,376,0,0
1.0,2.0,,2,disbabled,คนพิการ,non-hateful,{IDENTITY_P} นี่แหละ ที่สมควรเป็นหนึ่งในรัฐบาลของเรา,ident_pos_nh,non-hateful,518,518,0,0
3.0,,,3,Highland Indigenous People,คนกะเหรี่ยง,hateful,ไอเดียที่ออกจากปาก{IDENTITY_S}น่ะ ก็เป็นเพียงความคิดห่วยแตกอันนึง,profanity_h,hateful,253,253,0,0
3.0,,,3,tomboy,ทอม,hateful,{IDENTITY_P} พวกนี้ควรจะถูกประหารให้สิ้นซากไป,threat_norm_h,hateful,112,112a,0,0
3.0,,,3,elderly,ผู้สูงอายุ,hateful,อีพวก{IDENTITY_P}สกปรกในสายตาเรา,phrase_opinion_h,hateful,466,466,0,0
3.0,,,3,migrant workers,แรงงานต่างด้าว,hateful,ไอพวก{IDENTITY_P}ไปตายซะเถอะ,profanity_h,hateful,246,246,0,0
3.0,,,3,Thai-Laos,คนลาว,hateful,เราไม่กินอาหารที่กับอิพวก{IDENTITY_S}จับเด็ดขาด,derog_impl_h,hateful,66,66a,1,0
3.0,,,3,Malay,คนมาเลย์,hateful,กุจะหักคอมึง ไอ{IDENTITY_A},threat_dir_h,hateful,91,91,0,0
3.0,,,3,disbabled,คนพิการ,hateful,พวก{IDENTITY_P}นี่มันน่าขยะแขยงจริงๆ,derog_neg_attrib_h,hateful,24,24,0,0
3.0,,,3,christianity,คนคริสต์,hateful,เจอ{IDENTITY_P}มาหลายคน กุเกลียดหมดเลย,ref_subs_clause_h,hateful,362,362,0,0
3.0,,,3,migrant workers,แรงงานต่างด้าว,hateful,มี{IDENTITY_P}บางคนได้เป็นรัฐบาล แม่งก็ยังเป็นแค่ขยะสำหรับกุอยู่ดี,ref_subs_sent_h,hateful,390,390,0,0
3.0,,,3,Cambodians,คนเขมร,hateful,อีพวก{IDENTITY_P}ที่ป่วยควรถูกพาไปหาหมอรักษาสัตว์นะ หมอรักษาคนไม่เหมาะกับพวกมัน,derog_impl_h,hateful,62,62,0,0
3.0,,,3,male,ผู้ชาย,hateful,เออ ถึงเวลายอมรับกันได้แล้วว่า{IDENTITY_P}มันเหมือนเซลล์ร้ายเลยละ,phrase_question_h,hateful,452,452b,0,0
3.0,,,3,Thai Isan,คนอีสาน,hateful,ควรเป็นเรื่องถูกกฎหมายที่จะฆ่า{IDENTITY_S}อย่างเช่นมึง,threat_norm_h,hateful,111,111a,0,0
3.0,,,3,hinduism,คนฮินดู,hateful,ไอสัด {IDENTITY_S}จะต้องตายด้วยความทรมาณจากมือของกุ,threat_dir_h,hateful,100,100,0,0
,3.0,,3,Thai-Laos,คนลาว,non-hateful,"ทำไมถึงพูด ""{IDENTITY_P} น่ารังเกียจ"" แล้วไม่รู้ว่ามันไม่ดีนี่นะ",counter_quote_nh,non-hateful,535,535,0,0
3.0,,,3,christianity,คนคริสต์,hateful,พวกมึงกับ{IDENTITY_P}ทั้งหมดคือโรคร้ายของสังคมเลยละ,derog_dehum_h,hateful,58,58,0,0
1.0,2.0,,2,Thai-Central,คนกรุง,non-hateful,กุไม่มีทางทำร้าย{IDENTITY_S}เด็ดขาด,negate_neg_nh,non-hateful,434,434,0,0
,3.0,,3,,,non-hateful,กูเคยเป็นไอ้เลว,profanity_nh,non-hateful,347,347b,0,0
3.0,,,3,hinduism,คนฮินดู,hateful,หมากุยังฉลาดกว่าพวก{IDENTITY_S}ทุกตัวเลย,derog_impl_h,hateful,63,63,0,0
3.0,,,3,Malay,คนมาเลย์,hateful,ทำไมคนไม่รู้สึกว่าชีวิตของพวก{IDENTITY_A}มันไม่มีค่าเลยวะ,phrase_question_h,hateful,451,451a,0,0
3.0,,,3,christianity,คนคริสต์,hateful,กุเจอ{IDENTITY_P}มามากพอจนรู้ละว่าพวกมันแม่งเหี้ยทุกคน,ref_subs_clause_h,hateful,380,380,0,0
3.0,,,3,gay,เกย์,hateful,อยากเห็นอีพวก{IDENTITY_P}เจ็บปวด,threat_norm_h,hateful,103,103,0,0
3.0,,,3,disbabled,คนพิการ,hateful,กุไม่ได้มีปัญหาอะไรกับพวก{IDENTITY_P}หรอก แต่ส่วนมากพวกมันน่ารังเกียจชิบหาย,ref_subs_clause_h,hateful,365,365,0,0
3.0,,,3,Thai-Central,คนกรุง,hateful,กุเกลียดพวก{IDENTITY_P}มากๆ,derog_neg_emote_h,hateful,8,8,0,0
3.0,,,3,labour workers,แรงงาน,hateful,อีพวก{IDENTITY_P}ไม่สมควรมีชีวิตเหมือนคนอื่น,negate_pos_h,hateful,408,408,0,0
1.0,2.0,,2,Malay,คนมาเล,non-hateful,ในโลกที่ยุติธรรม{IDENTITY_P}ทุกคนควรได้รับการยกย่อง,ident_pos_nh,non-hateful,530,530,0,0
3.0,,,3,Myanmar,คนพม่า,hateful,เมื่อไหร่คนจะเข้าใจว่าอีพวก{IDENTITY_P}นี่แหละที่โหดและรุนแรง,phrase_question_h,hateful,447,447,0,0
,3.0,,3,child,เด็ก,non-hateful,รู้สึกไม่ดีที่เห็นคนพวกนั้นไปด้อยค่าชีวิต{IDENTITY_A},counter_ref_nh,non-hateful,560,560,0,0
3.0,,,3,Chinese-Thai,คนไทยเชื้อสายจีน,hateful,เป็นธรรมดาของ{IDENTITY_S}ที่จะเหี้ยแบบนี้,profanity_h,hateful,252,252,0,0
,3.0,,3,Thai Isan,คนอีสาน,non-hateful,ในโลกที่ยุติธรรม{IDENTITY_P}ทุกคนควรได้รับการยกย่อง,ident_pos_nh,non-hateful,530,530,0,0
,3.0,,3,Thai,คนไทย,non-hateful,มีแต่{IDENTITY_P}เท่านั้นแหละ ที่ใจดีและเห็นอกเห็นใจแบบนี้,ident_pos_nh,non-hateful,511,511,0,0
3.0,,,3,Thai Isan,คนอีสาน,hateful,พวก{IDENTITY_P}ก็แบบนี้แหละ มันน่ารังเกียจชิบหาย,ref_subs_sent_h,hateful,385,385,0,0
3.0,,,3,women,ผู้หญิง,hateful,อีพวก{IDENTITY_P}แบบมึงควรรู้ว่าชีวิตมึงไร้ค่า,ref_subs_clause_h,hateful,371,371,0,0
,3.0,,3,Cambodians,คนเขมร,non-hateful,มีแต่{IDENTITY_P}เท่านั้นแหละ ที่ใจดีและเห็นอกเห็นใจแบบนี้,ident_pos_nh,non-hateful,511,511,0,0
3.0,,,3,Thai-Central,คนกรุง,hateful,ในโลกที่ยุติธรรม อีพวก{IDENTITY_P}อย่างมึงควรตายห่าให้หมด,threat_norm_h,hateful,114,114,0,0
3.0,,,3,hinduism,คนฮินดู,hateful,กุไม่ได้มีปัญหาอะไรกับพวก{IDENTITY_P}หรอก แต่ส่วนมากพวกมันน่ารังเกียจชิบหาย,ref_subs_clause_h,hateful,365,365,0,0
1.0,2.0,,2,disbabled,คนพิการ,non-hateful,มีแต่{IDENTITY_P}เท่านั้นแหละ ที่ใจดีและเห็นอกเห็นใจแบบนี้,ident_pos_nh,non-hateful,511,511,0,0
3.0,,,3,Thai-Laos,คนลาว,hateful,เกลียดพวก{IDENTITY_P}จนไม่รู้จะพูดยังไงดี,derog_neg_emote_h,hateful,19,19,0,0
3.0,,,3,Chinese-Thai,คนไทยเชื้อสายจีน,hateful,ขอให้{IDENTITY_P}ตายห่าให้หมด,threat_dir_h,hateful,98,98,0,0
3.0,,,3,labour workers,แรงงาน,hateful,เกลียดพวก{IDENTITY_P}จนไม่รู้จะพูดยังไงดี,derog_neg_emote_h,hateful,19,19,0,0
3.0,,,3,male,ผู้ชาย,hateful,{IDENTITY_P} คงคิดว่ามันพิเศษกว่าคนอื่น กุเกลียดคนแบบนี้ชิบหาย,ref_subs_sent_h,hateful,382,382a,1,0
3.0,,,3,male,ผู้ชาย,hateful,{IDENTITY_P} แบบมึงน่ะ ไม่ต่างอะไรกับหนูตามท่อเลย,derog_dehum_h,hateful,51,51,0,1
3.0,,,3,Malay,คนมาเล,hateful,อีพวก{IDENTITY_P}แบบนั้นแม่งน่ารังเกียจ,derog_neg_attrib_h,hateful,28,28,0,0
3.0,,,3,christianity,คนคริสต์,hateful,ควรเป็นเรื่องถูกกฎหมายที่จะฆ่า{IDENTITY_S}อย่างเช่นมึง,threat_norm_h,hateful,111,111a,0,0
2.0,,1.0,2,Chinese-Thai,คนไทยเชื้อสายจีน,hateful,พวก{IDENTITY_P}นี่แม่งไม่มีอะไรแย่กว่ามึงแล้วจริงๆ,ref_subs_sent_h,hateful,384,384,0,0
3.0,,,3,Malay,คนมาเล,hateful,กุไม่ได้มีปัญหาอะไรกับพวก{IDENTITY_P}หรอก แต่ส่วนมากพวกมันน่ารังเกียจชิบหาย,ref_subs_clause_h,hateful,365,365,0,0
3.0,,,3,migrant workers,แรงงานต่างด้าว,hateful,เป็นธรรมดาของ{IDENTITY_S}ที่จะเหี้ยแบบนี้,profanity_h,hateful,252,252,0,0
3.0,,,3,Thai Isan,คนอีสาน,hateful,มี{IDENTITY_P}บางคนได้เป็นรัฐบาล แม่งก็ยังเป็นแค่ขยะสำหรับกุอยู่ดี,ref_subs_sent_h,hateful,390,390,0,0
,3.0,,3,boy,เด็กผู้ชาย,non-hateful,"อะไรที่ทำให้มึงพูดว่า ""{IDENTITY_P} น่ารังเกียจขนาดนี้""",counter_quote_nh,non-hateful,533,533,0,0
3.0,,,3,women,ผู้หญิง,hateful,เราไม่กินอาหารที่กับอิพวก{IDENTITY_S}จับเด็ดขาด,derog_impl_h,hateful,66,66a,1,0
3.0,,,3,Malay,คนมาเลย์,hateful,มึงก็แค่{SLUR_S}ในสายตากู,slur_h,hateful,122,122,0,1
,3.0,,3,Highland Indigenous People,คนกะเหรี่ยง,non-hateful,การที่มึงเกลียด{IDENTITY_P}นี่โคตรเข้าใจผิดเลย,counter_ref_nh,non-hateful,552,552,0,0
3.0,,,3,Thai-Central,คนกรุง,hateful,ไอพวก{IDENTITY_P}แบบมึงไม่คู่ควรจะอยู่ต่อไป,threat_norm_h,hateful,102,102,0,0
3.0,,,0,Thai-Central,คนกรุง,hateful,มันมีไอ{IDENTITY_S}ในทีมฟุตบอลของกู,ident_neutral_nh,non-hateful,491,491b,0,1
3.0,,,3,women,ผู้หญิง,hateful,พวกมึงและ{IDENTITY_P}ในประเทศนี้ทำให้กุโคตรโกรธเลย,derog_neg_emote_h,hateful,18,18,0,0
,3.0,,3,boy,เด็กผู้ชาย,non-hateful,กุไม่มีทางทำร้าย{IDENTITY_S}เด็ดขาด,negate_neg_nh,non-hateful,434,434,0,0
3.0,,,3,male,ผู้ชาย,hateful,กุเกลียดพวก{IDENTITY_P}มากๆ,derog_neg_emote_h,hateful,8,8,0,0
3.0,,,3,buddhism,คนพุทธ,hateful,อีพวก{IDENTITY_P}ไม่ควรอยู่บนโลกนี้,negate_pos_h,hateful,421,421a,0,0
3.0,,,3,elderly,ผู้สูงอายุ,hateful,น่าจะมีใครไปแทงพวก{IDENTITY_P}ให้ตายๆ ไปซะที,threat_norm_h,hateful,118,118,0,0
3.0,,,3,Malay,คนมาเล,hateful,กุคงโอเคกับ{IDENTITY_P} ถ้าพวกมันไม่เหี้ยขนาดนี้,ref_subs_clause_h,hateful,381,381,0,0
3.0,,,3,labour workers,แรงงาน,hateful,สำหรับกุแล้ว ไอพวก{IDENTITY_P}ควรไปแขวนคอ,phrase_opinion_h,hateful,476,476,0,0
3.0,,,3,women,ผู้หญิง,hateful,พวก{IDENTITY_P}แม่งไม่ให้เกียรติพวกเรา กุจะทำให้พวกมันรู้สำนึกบ้าง,ref_subs_sent_h,hateful,393,393,0,0
3.0,,,3,Thai-Central,คนกรุง,hateful,{IDENTITY_P} คงคิดว่ามันพิเศษกว่าคนอื่น กุเกลียดคนแบบนี้ชิบหาย,ref_subs_sent_h,hateful,382,382a,0,0
1.0,2.0,,2,elderly,คนสูงวัย,non-hateful,ทำไมคิดว่ามันโอเคที่จะเรียกกุว่า{SLUR_S},counter_ref_nh,non-hateful,568,568,0,0
3.0,,,3,Myanmar,คนพม่า,hateful,ถ้า{IDENTITY_P}หายไปจากโลกนี้ ชีวิตเราคงจะดีขึ้นเยอะ,threat_norm_h,hateful,107,107,0,0
3.0,,,3,Thai,คนไทย,hateful,พวก{IDENTITY_P}แม่งไม่ให้เกียรติพวกเรา กุจะทำให้พวกมันรู้สำนึกบ้าง,ref_subs_sent_h,hateful,393,393,0,0
,3.0,,3,Thai-Laos,คนลาว,non-hateful,อย่ายืนเฉยดิ พวก{IDENTITY_P}กำลังโดนฆ่าอยู่,negate_neg_nh,non-hateful,440,440,0,0
3.0,,,3,buddhism,คนพุทธ,hateful,ไอพวก{SLUR_P} ทำอีกแล้ว,slur_h,hateful,128,128,0,1
1.0,2.0,,2,Chinese-Thai,คนไทยเชื้อสายจีน,non-hateful,ทำไมคิดว่ามันโอเคที่จะเรียกกุว่า{SLUR_S},counter_ref_nh,non-hateful,568,568,0,0
3.0,,,3,Thai Isan,คนอีสาน,hateful,มันเป็นสันดานของอีพวก{IDENTITY_P}ที่จะไม่มีวันเจริญ,derog_neg_attrib_h,hateful,32,32,0,0
2.0,1.0,,2,girl,เด็กผู้หญิง,hateful,กุคงโอเคกับ{IDENTITY_P} ถ้าพวกมันไม่เหี้ยขนาดนี้,ref_subs_clause_h,hateful,381,381,0,0
3.0,,,3,women,ผู้หญิง,hateful,กุว่ามีแค่{IDENTITY_P}เท่านั้นแหละที่โง่ขนาดนี้,phrase_opinion_h,hateful,463,463,0,0
,3.0,,3,Highland Indigenous People,คนกะเหรี่ยง,non-hateful,กุจะไม่ยอมให้มีการฆ่าล้างเผ่าพันธุ์{IDENTITY_P}ในประเทศนี้,negate_neg_nh,non-hateful,431,431,0,0
3.0,,,3,islam,คนอิสลาม,hateful,อีพวก{IDENTITY_P}ไม่ควรอยู่บนโลกนี้,negate_pos_h,hateful,421,421a,0,0
3.0,,,3,elderly,ผู้สูงอายุ,hateful,ก็แค่พวก{IDENTITY_P} ยิงแม่งทิ้งไปเลยดีกว่า,ref_subs_sent_h,hateful,396,396,0,0
3.0,,,3,women,ผู้หญิง,hateful,พวก{IDENTITY_P}ต้องไสหัวออกไปจากประเทศของเราให้หมด,profanity_h,hateful,245,245,0,0
,3.0,,3,Cambodians,คนเขมร,non-hateful,คนต้องเข้าใจว่า{IDENTITY_P}ไม่ใช่ภัยต่อสังคม,negate_neg_nh,non-hateful,425,425,0,0
3.0,,,3,tomboy,ทอม,hateful,ไอพวก{SLUR_P} ทำอีกแล้ว,slur_h,hateful,128,128,0,1
,3.0,,3,migrant workers,แรงงานต่างด้าว,non-hateful,"ประโยคอย่าง ""อีพวก{IDENTITY_P}เป็นขยะ"" มันเจ็บใจสุดๆ",counter_quote_nh,non-hateful,537,537,0,0
3.0,,,3,Chinese-Thai,คนไทยเชื้อสายจีน,hateful,เท่าที่เรารู้อีพวก{IDENTITY_P}เป็นขยะของมนุษย์,phrase_opinion_h,hateful,469,469b,0,0
3.0,,,3,women,ผู้หญิง,hateful,เมื่อไหร่คนจะเข้าใจว่าอีพวก{IDENTITY_P}นี่แหละที่โหดและรุนแรง,phrase_question_h,hateful,447,447,0,0
3.0,,,3,Thai Isan,คนอีสาน,hateful,{IDENTITY_P} ในประเทศนี้ทำกุหงุดหงิดชิบหายเลย,profanity_h,hateful,255,255,0,0
3.0,,,3,christianity,คนคริสต์,hateful,พวก{IDENTITY_P}ก็แบบนี้แหละ มันน่ารังเกียจชิบหาย,ref_subs_sent_h,hateful,385,385,0,0
3.0,,,3,Thai Isan,คนอีสาน,hateful,ถ้ากุตื่นมาแล้วเป็น{IDENTITY_S} กุคงฆ่าตัวตาย,derog_impl_h,hateful,78,78,0,0
,3.0,,3,Thai-Laos,คนลาว,non-hateful,รัก{IDENTITY_P}จังเลยยย 💖💖💖,ident_pos_nh,non-hateful,502,502,0,0
,3.0,,3,boy,เด็กผู้ชาย,non-hateful,ไม่รู้ตัวเหรอว่ามึงเหี้ยขนาดไหนที่ไปเรียก{IDENTITY_P}ว่าเป็นขยะ,counter_ref_nh,non-hateful,558,558,0,0
3.0,,,3,migrant workers,แรงงานต่างด้าว,hateful,อีพวก{IDENTITY_P}มันน่ารำคาญจริงๆ,derog_dehum_h,hateful,50,50,0,0
3.0,,,3,girl,เด็กผู้หญิง,hateful,ไอพวก{IDENTITY_P}ไม่ควรมีที่ยืนในประเทศที่เจริญแล้วแบบนี้,derog_impl_h,hateful,80,80,0,0
3.0,,,3,disbabled,คนพิการ,hateful,อีพวก{IDENTITY_P}ไม่สมควรมีชีวิตเหมือนคนอื่น,negate_pos_h,hateful,408,408,0,0
3.0,,,3,islam,คนอิสลาม,hateful,กุหมั่นใส้{IDENTITY_P}ชห,derog_neg_emote_h,hateful,4,4,0,0
3.0,,,3,tomboy,ทอม,hateful,กุเจอ{IDENTITY_P}มามากพอจนรู้ละว่าพวกมันแม่งเหี้ยทุกคน,ref_subs_clause_h,hateful,380,380,0,0
3.0,,,3,boy,เด็กผู้ชาย,hateful,อยากให้มีคนไปหักคอไอ้พวก{IDENTITY_P}จริงๆ,phrase_opinion_h,hateful,478,478,0,0
3.0,,,3,Thai-Laos,คนลาว,hateful,หมากุยังฉลาดกว่าพวก{IDENTITY_S}ทุกตัวเลย,derog_impl_h,hateful,63,63,0,0
,3.0,,3,labour workers,แรงงาน,non-hateful,มี{IDENTITY_P}ในคอร์สมึงป่ะ,ident_neutral_nh,non-hateful,488,488,0,1
3.0,,,3,gay,เกย์,hateful,จะทรมานพวก{IDENTITY_P}แบบไม่มีเมตตา,threat_dir_h,hateful,93,93,0,0
,3.0,,3,elderly,ผู้สูงอายุ,non-hateful,"ทำไมถึงพูด ""{IDENTITY_P} น่ารังเกียจ"" แล้วไม่รู้ว่ามันไม่ดีนี่นะ",counter_quote_nh,non-hateful,535,535,0,0
3.0,,,3,Thai-Laos,คนลาว,hateful,กุเจอ{IDENTITY_P}มามากพอจนรู้ละว่าพวกมันแม่งเหี้ยทุกคน,ref_subs_clause_h,hateful,380,380,0,0
3.0,,,3,Thai-Laos,คนลาว,hateful,ขอให้{IDENTITY_P}ตายห่าให้หมด,threat_dir_h,hateful,98,98,0,0
,3.0,,3,male,ผู้ชาย,non-hateful,มึงต้องรับผิดชอบคำพูดของมึงนะ ถ้ามึงพูดว่ามึงจะไปข่มขืน{IDENTITY_S},counter_ref_nh,non-hateful,562,562,0,1
3.0,,,3,girl,เด็กผู้หญิง,hateful,กุเจอ{IDENTITY_P}มามากพอจนรู้ละว่าพวกมันแม่งเหี้ยทุกคน,ref_subs_clause_h,hateful,380,380,0,0
3.0,,,3,elderly,ผู้สูงอายุ,hateful,แล้วกุผิดตรงไหนที่บอกว่า{IDENTITY_P}อย่างมึงสมควรตาย,phrase_question_h,hateful,456,456,0,0
3.0,,,3,gay,เกย์,hateful,คนไม่รู้จริงๆ เหรอว่า{IDENTITY_P}น่ารังเกียจ,phrase_question_h,hateful,445,445,0,0
3.0,,,3,islam,คนอิสลาม,hateful,{IDENTITY_P} แม่งเหี้ยกันทุกคนเลย,profanity_h,hateful,256,256,0,0
3.0,,,3,Malay,คนมาเล,hateful,สำหรับกุแล้ว ไอพวก{IDENTITY_P}ควรไปแขวนคอ,phrase_opinion_h,hateful,476,476,0,0
,3.0,,3,hinduism,คนฮินดู,non-hateful,อย่ายืนเฉยดิ พวก{IDENTITY_P}กำลังโดนฆ่าอยู่,negate_neg_nh,non-hateful,440,440,0,0
1.0,2.0,,2,Highland Indigenous People,คนกะเหรี่ยง,non-hateful,ถ้าไม่มี{IDENTITY_P}แบบมึง โลกคงแย่แน่เลย,ident_pos_nh,non-hateful,531,531,0,0
,3.0,,3,elderly,ผู้สูงอายุ,non-hateful,คนต้องเข้าใจว่า{IDENTITY_P}ไม่ใช่ภัยต่อสังคม,negate_neg_nh,non-hateful,425,425,0,0
3.0,,,3,girl,เด็กผู้หญิง,hateful,อีพวก{IDENTITY_P}โง่กันทุกคน,negate_pos_h,hateful,404,404,0,0
,3.0,,3,Thai-Laos,คนลาว,non-hateful,มึงจะเหมารวมว่า{IDENTITY_P}ทุกคนโง่ไม่ได้ปะวะ,counter_ref_nh,non-hateful,557,557,0,0
3.0,,,3,women,ผู้หญิง,hateful,อีพวก{IDENTITY_P}แบบนั้นแม่งน่ารังเกียจ,derog_neg_attrib_h,hateful,28,28,0,0
3.0,,,3,Malay,คนมาเล,hateful,เราจะยิง{IDENTITY_S}ต่อไปที่เห็น,threat_dir_h,hateful,84,84a,1,0
3.0,,,3,Thai Isan,คนอีสาน,hateful,ไอพวกอำนาจล้มมืออย่าง{IDENTITY_P}เป็นภัยต่อประเทศเรา,derog_neg_attrib_h,hateful,30,30,0,0
3.0,,,3,girl,เด็กผู้หญิง,hateful,อีพวก{IDENTITY_P}มันโง่เง่ากันทุกคนเลย,derog_neg_attrib_h,hateful,40,40,0,0
,3.0,,3,boy,เด็กผู้ชาย,non-hateful,ไม่มี{IDENTITY_S}คนไหนสมควรโดนประหารชีวิตทั้งนั้นแหละ,negate_neg_nh,non-hateful,441,441,0,0
,3.0,,3,Thai,คนไทย,non-hateful,ในโลกที่ยุติธรรม{IDENTITY_P}ทุกคนควรได้รับการยกย่อง,ident_pos_nh,non-hateful,530,530,0,0
3.0,,,3,Thai-Laos,คนลาว,hateful,มึงก็แค่{SLUR_S}ในสายตากู,slur_h,hateful,122,122,0,1
3.0,,,3,disbabled,คนพิการ,hateful,{IDENTITY_P} แบบมึงน่ะ ไม่ต่างอะไรกับหนูตามท่อเลย,derog_dehum_h,hateful,51,51,0,0
3.0,,,3,male,ผู้ชาย,hateful,อีพวก{IDENTITY_P}มันโง่เง่ากันทุกคนเลย,derog_neg_attrib_h,hateful,40,40,0,0
2.0,,1.0,2,Highland Indigenous People,คนกะเหรี่ยง,hateful,พวก{IDENTITY_P}นี่แม่งไม่มีอะไรแย่กว่ามึงแล้วจริงๆ,ref_subs_sent_h,hateful,384,384,0,0
3.0,,,3,Thai-Central,คนกรุง,hateful,จากสันดานพวก{IDENTITY_P}แม่งก็เป็นได้แค่ขยะสังคมเท่านั้นแหละ,profanity_h,hateful,251,251,0,0
,3.0,,3,disbabled,คนพิการ,non-hateful,"ใครที่ส่งข้อความมาให้กุว่า ""มึงมันก็แค่{SLUR_S}สำหรับกุ"" กุจะบล็อกให้หมด",counter_quote_nh,non-hateful,547,547,0,0
,3.0,,3,gay,เกย์,non-hateful,ดีใจที่คนเริ่มรู้แล้วว่า{IDENTITY_P}ไม่ได้โง่เลยสักนิด,negate_neg_nh,non-hateful,426,426b,0,0
,3.0,,3,elderly,ผู้สูงอายุ,non-hateful,{IDENTITY_P} นี่แหละ ที่สมควรเป็นหนึ่งในรัฐบาลของเรา,ident_pos_nh,non-hateful,518,518,0,0
3.0,,,3,male,ผู้ชาย,hateful,เกลียดไอ{IDENTITY_S}ที่สุดในโลก,derog_impl_h,hateful,79,79,0,0
,3.0,,3,gay,เกย์,non-hateful,"มึงเขียนไปดิว่า ""กุจะฆ่า{IDENTITY_S}"" แค่มึงเตรียมโดนฟ้องศาลได้เลย",counter_quote_nh,non-hateful,543,543,0,0
2.0,,1.0,2,hinduism,คนฮินดู,hateful,มีแต่พวก io จาก{IDENTITY_P}เท่านั้นแหละที่คอยมาแซะรัฐบาล,derog_dehum_h,hateful,60,60b,0,0
3.0,,,3,disbabled,คนพิการ,hateful,กุหมั่นใส้{IDENTITY_P}ชห,derog_neg_emote_h,hateful,4,4,0,0
3.0,,,3,trans/ladyboy,ตุ๊ด,hateful,ชีวิต{IDENTITY_A}มันไร้ค่า ไม่ต้องไปปกป้องหรอก,negate_pos_h,hateful,409,409,0,0
3.0,,,3,Malay,คนมาเลย์,hateful,ชีวิตอีพวก{IDENTITY_A}ไม่มีค่าเลย,negate_pos_h,hateful,410,410,0,0
3.0,,,3,buddhism,คนพุทธ,hateful,ไม่น่ามีใครเหี้ยไปกว่าพวก{IDENTITY_P}ละ,derog_neg_emote_h,hateful,12,12,0,0
1.0,2.0,,1,Thai Isan,คนอีสาน,non-hateful,การลงโทษด้วยการเผาทั้งเป็นกับ{IDENTITY_P}มันรุนแรงเกินไป,threat_norm_h,hateful,120,120b,0,0
3.0,,,0,elderly,ผู้สูงอายุ,hateful,มันมีไอ{IDENTITY_S}ในทีมฟุตบอลของกู,ident_neutral_nh,non-hateful,491,491b,0,0
3.0,,,3,Cambodians,คนเขมร,hateful,ไอพวก{IDENTITY_P}ไม่ควรมีที่ยืนในประเทศที่เจริญแล้วแบบนี้,derog_impl_h,hateful,80,80,0,0
3.0,,,3,disbabled,คนพิการ,hateful,ควรเป็นเรื่องถูกกฎหมายที่จะฆ่า{IDENTITY_S}อย่างเช่นมึง,threat_norm_h,hateful,111,111a,0,0
3.0,,,3,girl,เด็กผู้หญิง,hateful,ทำไมพวกมึงยังไม่เข้าใจอีกว่าพวก{IDENTITY_P}เป็นขยะสังคม,phrase_question_h,hateful,450,450,0,0
,3.0,,3,Myanmar,คนพม่า,non-hateful,ในโลกที่ยุติธรรม{IDENTITY_P}ทุกคนควรได้รับการยกย่อง,ident_pos_nh,non-hateful,530,530,0,0
3.0,,,3,male,ผู้ชาย,hateful,ทำไมพวกมึงยังไม่เข้าใจอีกว่าพวก{IDENTITY_P}เป็นขยะสังคม,phrase_question_h,hateful,450,450,0,0
1.0,2.0,,2,Malay,คนมาเล,non-hateful,มันทำงานกับพวก{IDENTITY_P}เยอะ,ident_neutral_nh,non-hateful,486,486,0,0
,3.0,,3,gay,เกย์,non-hateful,พรุ่งนี้กุจะไปช่วย{IDENTITY_S},ident_pos_nh,non-hateful,523,523,0,0
3.0,,,3,gay,เกย์,hateful,แน่นอนว่าพวก{IDENTITY_P}ไม่สมควรได้สิทธิมนุษยชน,negate_pos_h,hateful,406,406,0,0
,3.0,,3,Thai Isan,คนอีสาน,non-hateful,มี{IDENTITY_P}ในคอร์สมึงป่ะ,ident_neutral_nh,non-hateful,488,488,0,0
3.0,,,3,disbabled,คนพิการ,hateful,เจอ{IDENTITY_P}มาหลายคน กุเกลียดหมดเลย,ref_subs_clause_h,hateful,362,362,0,0
,3.0,,3,Thai-Central,คนกรุง,non-hateful,ใครที่ไปแช่งว่า{IDENTITY_P}ควรตายๆ ไป สมควรโดนจับเข้าคุกให้หมด,counter_quote_nh,non-hateful,542,542,0,0
3.0,,,3,labour workers,แรงงาน,hateful,คงจะดีถ้ามีคนไปรัดคอพวก{IDENTITY_P}ให้ตายๆ ไป,threat_norm_h,hateful,113,113a,0,0
,3.0,,3,gay,เกย์,non-hateful,มันทำงานกับพวก{IDENTITY_P}เยอะ,ident_neutral_nh,non-hateful,486,486,0,0
3.0,,,3,labour workers,แรงงาน,hateful,พวก{IDENTITY_P}ก็แบบนี้แหละ มันน่ารังเกียจชิบหาย,ref_subs_sent_h,hateful,385,385,0,0
3.0,,,3,gay,เกย์,hateful,ไอสัด {IDENTITY_S}จะต้องตายด้วยความทรมาณจากมือของกุ,threat_dir_h,hateful,100,100,0,0
3.0,,,3,Highland Indigenous People,คนกะเหรี่ยง,hateful,อีพวก{IDENTITY_P}แบบมึงควรรู้ว่าชีวิตมึงไร้ค่า,ref_subs_clause_h,hateful,371,371,0,0
3.0,,,3,Thai Isan,คนอีสาน,hateful,ไอพวก{IDENTITY_P} ที่คิดว่าตัวเองเท่ากับกู กูโกรธมาก,derog_neg_emote_h,hateful,16,16,0,0
3.0,,,3,Thai Isan,คนอีสาน,hateful,กุหมั่นใส้{IDENTITY_P}ชห,derog_neg_emote_h,hateful,4,4,0,0
,3.0,,3,Chinese-Thai,คนไทยเชื้อสายจีน,non-hateful,ในโลกที่ยุติธรรม{IDENTITY_P}ทุกคนควรได้รับการยกย่อง,ident_pos_nh,non-hateful,530,530,0,0
3.0,,,3,Malay,คนมาเล,hateful,กำจัด{IDENTITY_P}ให้สิ้นซากไปเลยดีกว่า,threat_dir_h,hateful,95,95,0,0
3.0,,,3,Cambodians,คนเขมร,hateful,แน่นอนว่าพวก{IDENTITY_P}ไม่สมควรได้สิทธิมนุษยชน,negate_pos_h,hateful,406,406,0,0
2.0,1.0,,2,boy,เด็กผู้ชาย,hateful,ถ้าพวก{IDENTITY_P}อย่างมึงไม่ยอมปรับตัวเข้าหาสังคม ก็สมควรโดนแบบนี้แหละ,ref_subs_clause_h,hateful,376,376,0,0
3.0,,,3,Thai Isan,คนอีสาน,hateful,แล้วกุผิดตรงไหนที่บอกว่า{IDENTITY_P}อย่างมึงสมควรตาย,phrase_question_h,hateful,456,456,0,0
,3.0,,3,girl,เด็กผู้หญิง,non-hateful,"อะไรที่ทำให้มึงพูดว่า ""{IDENTITY_P} น่ารังเกียจขนาดนี้""",counter_quote_nh,non-hateful,533,533,0,0
,3.0,,3,Myanmar,คนพม่า,non-hateful,อย่ายืนเฉยดิ พวก{IDENTITY_P}กำลังโดนฆ่าอยู่,negate_neg_nh,non-hateful,440,440,0,0
2.0,,1.0,2,Thai-Central,คนกรุง,hateful,พวก{IDENTITY_P}นี่แม่งไม่มีอะไรแย่กว่ามึงแล้วจริงๆ,ref_subs_sent_h,hateful,384,384,0,0
,3.0,,3,Malay,คนมาเล,non-hateful,กุรัก{IDENTITY_P}มากกกกก,ident_pos_nh,non-hateful,503,503,0,0
3.0,,,3,hinduism,คนฮินดู,hateful,{IDENTITY_P} แม่งเหี้ยกันทุกคนเลย,profanity_h,hateful,256,256,0,0
3.0,,,3,elderly,คนสูงวัย,hateful,ชีวิต{IDENTITY_A}มันไร้ค่า ไม่ต้องไปปกป้องหรอก,negate_pos_h,hateful,409,409,0,0
,3.0,,3,women,ผู้หญิง,non-hateful,มี{IDENTITY_P}ในคอร์สมึงป่ะ,ident_neutral_nh,non-hateful,488,488,0,1
3.0,,,3,disbabled,คนพิการ,hateful,แน่นอนว่าพวก{IDENTITY_P}ไม่สมควรได้สิทธิมนุษยชน,negate_pos_h,hateful,406,406,0,0
3.0,,,3,labour workers,แรงงาน,hateful,อีพวก{IDENTITY_P}โง่กันทุกคน,negate_pos_h,hateful,404,404,0,0
3.0,,,3,disbabled,คนพิการ,hateful,ทุก{IDENTITY_P}น่ารังเกียจ,derog_neg_attrib_h,hateful,22,22a,2,0
3.0,,,3,christianity,คนคริสต์,hateful,เท่าที่เรารู้อีพวก{IDENTITY_P}เป็นขยะของมนุษย์,phrase_opinion_h,hateful,469,469b,0,0
3.0,,,3,Chinese-Thai,คนไทยเชื้อสายจีน,hateful,เกลียดไอ{IDENTITY_S}ที่สุดในโลก,derog_impl_h,hateful,79,79,0,0
3.0,,,3,buddhism,คนพุทธ,hateful,เออ ถึงเวลายอมรับกันได้แล้วว่า{IDENTITY_P}มันเหมือนเซลล์ร้ายเลยละ,phrase_question_h,hateful,452,452b,0,0
3.0,,,3,islam,คนอิสลาม,hateful,{IDENTITY_P} ในประเทศนี้ทำกุหงุดหงิดชิบหายเลย,profanity_h,hateful,255,255,0,0
,3.0,,3,girl,เด็กผู้หญิง,non-hateful,"ใครที่ส่งข้อความมาให้กุว่า ""มึงมันก็แค่{SLUR_S}สำหรับกุ"" กุจะบล็อกให้หมด",counter_quote_nh,non-hateful,547,547,0,0
3.0,,,3,Thai-Central,คนกรุง,hateful,จะทรมานพวก{IDENTITY_P}แบบไม่มีเมตตา,threat_dir_h,hateful,93,93,0,0
3.0,,,3,islam,คนอิสลาม,hateful,มันเป็นสันดานของไอพวก{IDENTITY_S}ที่น่ารำคาญและเหี้ย,profanity_h,hateful,259,259,0,0
1.0,2.0,,2,Thai-Central,คนกรุง,non-hateful,ถ้าจะไปด่า{IDENTITY_P}ให้ไปตาย อย่าหวังให้พวกเขาเคารพมึงเลย,counter_ref_nh,non-hateful,569,569,0,0
3.0,,,3,Chinese-Thai,คนไทยเชื้อสายจีน,hateful,{IDENTITY_P} แบบมึงน่ะ ไม่ต่างอะไรกับหนูตามท่อเลย,derog_dehum_h,hateful,51,51,0,0
3.0,,,3,christianity,คนคริสต์,hateful,{IDENTITY_P} แม่งเหี้ยกันทุกคนเลย,profanity_h,hateful,256,256,0,0
3.0,,,3,Thai,คนไทย,hateful,ไม่น่ามีใครเหี้ยไปกว่าพวก{IDENTITY_P}ละ,derog_neg_emote_h,hateful,12,12,0,0
,3.0,,3,boy,เด็กผู้ชาย,non-hateful,"ควรโดนแบนไปเลยที่ไปบอกว่า ""{IDENTITY_P} สมควรตาย""",counter_quote_nh,non-hateful,544,544,0,0
3.0,,,3,labour workers,แรงงาน,hateful,ไอพวก{IDENTITY_P}แบบมึงไม่คู่ควรจะอยู่ต่อไป,threat_norm_h,hateful,102,102,0,0
,3.0,,3,Thai Isan,คนอีสาน,non-hateful,ถ้าจะไปด่า{IDENTITY_P}ให้ไปตาย อย่าหวังให้พวกเขาเคารพมึงเลย,counter_ref_nh,non-hateful,569,569,0,0
2.0,,1.0,2,Thai-Laos,คนลาว,hateful,มีแต่พวก io จาก{IDENTITY_P}เท่านั้นแหละที่คอยมาแซะรัฐบาล,derog_dehum_h,hateful,60,60b,0,0
3.0,,,3,buddhism,คนพุทธ,hateful,พวก{IDENTITY_P}มันรกโลก,derog_dehum_h,hateful,55,55,0,0
3.0,,,3,elderly,ผู้สูงอายุ,hateful,เมื่อไหร่คนจะเข้าใจว่าอีพวก{IDENTITY_P}นี่แหละที่โหดและรุนแรง,phrase_question_h,hateful,447,447,0,0
3.0,,,3,christianity,คนคริสต์,hateful,กุจะทำให้พวก{IDENTITY_P}ทรมาณ,threat_dir_h,hateful,85,85,0,0
3.0,,,3,disbabled,คนพิการ,hateful,อีพวก{IDENTITY_P}ไม่เหมือนเราเลย มันต้องตาย,ref_subs_clause_h,hateful,375,375,0,0
3.0,,,3,Thai-Central,คนกรุง,hateful,อีพวก{IDENTITY_P}มันน่ารำคาญจริงๆ,derog_dehum_h,hateful,50,50,0,0
3.0,,,3,hinduism,คนฮินดู,hateful,เราจะยิง{IDENTITY_S}ต่อไปที่เห็น,threat_dir_h,hateful,84,84a,1,0
3.0,,,3,Chinese-Thai,คนไทยเชื้อสายจีน,hateful,พวก{IDENTITY_P}มันรกโลก,derog_dehum_h,hateful,55,55,0,0
3.0,,,3,Thai-Central,คนกรุง,hateful,ถ้ากุตื่นมาแล้วเป็น{IDENTITY_S} กุคงฆ่าตัวตาย,derog_impl_h,hateful,78,78,0,0
1.0,1.0,1.0,1,Thai,คนไทย,unique,มีแต่พวก io จาก{IDENTITY_P}เท่านั้นแหละที่คอยมาแซะรัฐบาล,derog_dehum_h,hateful,60,60b,0,1
,3.0,,3,Thai-Laos,คนลาว,non-hateful,"เราไม่ให้เกียรติคนที่เขียนว่า ""มี{SLUR_P}เยอะเกินในประเทศนี้""",counter_quote_nh,non-hateful,546,546,0,0
3.0,,,3,tomboy,ทอม,hateful,ไอพวกอำนาจล้มมืออย่าง{IDENTITY_P}เป็นภัยต่อประเทศเรา,derog_neg_attrib_h,hateful,30,30,0,0
3.0,,,3,Thai Isan,คนอีสาน,hateful,พวกมึงกับ{IDENTITY_P}ทั้งหมดคือโรคร้ายของสังคมเลยละ,derog_dehum_h,hateful,58,58,0,0
3.0,,,3,Highland Indigenous People,คนกะเหรี่ยง,hateful,กุเชื่อแล้วว่าอีพวก{IDENTITY_P}ก็แค่พวกสัตว์ชั้นต่ำ,phrase_opinion_h,hateful,470,470,0,0
3.0,,,3,disbabled,คนพิการ,hateful,เกลียดไอ{IDENTITY_S}ที่สุดในโลก,derog_impl_h,hateful,79,79,0,0
3.0,,,3,labour workers,แรงงาน,hateful,พวก{IDENTITY_P}อย่างมึงนี่มันน่าสมเพชจริงๆ,derog_neg_attrib_h,hateful,29,29,0,0
3.0,,,3,Myanmar,คนพม่า,hateful,ขอให้{IDENTITY_P}ตายห่าให้หมด,threat_dir_h,hateful,98,98,0,0
3.0,,,3,disbabled,คนพิการ,hateful,อีพวก{IDENTITY_P}มันโง่เง่ากันทุกคนเลย,derog_neg_attrib_h,hateful,40,40,0,0
3.0,,,3,Malay,คนมาเล,hateful,อีพวก{IDENTITY_P}โง่กันทุกคน,negate_pos_h,hateful,404,404,0,0
3.0,,,3,boy,เด็กผู้ชาย,hateful,หมากุยังฉลาดกว่าพวก{IDENTITY_S}ทุกตัวเลย,derog_impl_h,hateful,63,63,0,0
,3.0,,3,christianity,คนคริสต์,non-hateful,ในโลกที่ยุติธรรม{IDENTITY_P}ทุกคนควรได้รับการยกย่อง,ident_pos_nh,non-hateful,530,530,0,0
3.0,,,3,trans/ladyboy,คนแปลงเพศ,hateful,ก็พวก{IDENTITY_P}มันโง่แบบนี้เป็นปกติอยู่แล้วนิ,phrase_opinion_h,hateful,464,464,0,0
2.0,1.0,,1,trans/ladyboy,คนแปลงเพศ,hateful,ไม่รู้ตัวเหรอว่ามึงเหี้ยขนาดไหนที่ไปเรียก{IDENTITY_P}ว่าเป็นขยะ,counter_ref_nh,non-hateful,558,558,0,0
3.0,,,3,Thai-Central,คนกรุง,hateful,ทุก{IDENTITY_P}น่ารังเกียจ,derog_neg_attrib_h,hateful,22,22a,1,0
3.0,,,3,women,ผู้หญิง,hateful,อีพวก{IDENTITY_P}ไม่เหมือนเราเลย มันต้องตาย,ref_subs_clause_h,hateful,375,375,0,0
,3.0,,3,hinduism,คนฮินดู,non-hateful,มากกว่าครึ่งที่เป็น{IDENTITY_P},ident_neutral_nh,non-hateful,494,494,0,1
,3.0,,3,migrant workers,แรงงานต่างด้าว,non-hateful,ทำไมคิดว่ามันโอเคที่จะเรียกกุว่า{SLUR_S},counter_ref_nh,non-hateful,568,568,1,0
3.0,,,3,male,ผู้ชาย,hateful,แม่งโคตรเกลียดพวก{IDENTITY_P}ที่อยู่แถวนี้,derog_neg_emote_h,hateful,6,6,0,1
3.0,,,3,women,ผู้หญิง,hateful,อีพวก{IDENTITY_P}มันโง่เง่ากันทุกคนเลย,derog_neg_attrib_h,hateful,40,40,0,0
,3.0,,3,tomboy,ทอม,non-hateful,มันไม่โอเคเลยที่จะเรียกคนว่า{SLUR_S},counter_ref_nh,non-hateful,566,566,0,0
,3.0,,3,disbabled,คนพิการ,non-hateful,ไม่มี{IDENTITY_S}คนไหนสมควรโดนประหารชีวิตทั้งนั้นแหละ,negate_neg_nh,non-hateful,441,441,0,0
3.0,,,3,Thai,คนไทย,hateful,พวกเราจะโจมตีพวก{IDENTITY_P}อย่างมึงจนกว่ามึงจะหายไป,threat_dir_h,hateful,92,92,0,0
3.0,,,3,buddhism,คนพุทธ,hateful,{IDENTITY_P} แบบมึงน่ะ ไม่ต่างอะไรกับหนูตามท่อเลย,derog_dehum_h,hateful,51,51,0,0
3.0,,,3,elderly,ผู้สูงอายุ,hateful,{IDENTITY_P} พวกนี้ควรจะถูกประหารให้สิ้นซากไป,threat_norm_h,hateful,112,112a,0,0
,3.0,,3,elderly,ผู้สูงอายุ,non-hateful,พรุ่งนี้กุจะไปช่วย{IDENTITY_S},ident_pos_nh,non-hateful,523,523,0,0
,3.0,,3,Malay,คนมาเล,non-hateful,"อะไรที่ทำให้มึงพูดว่า ""{IDENTITY_P} น่ารังเกียจขนาดนี้""",counter_quote_nh,non-hateful,533,533,0,0
3.0,,,3,islam,คนอิสลาม,hateful,อยากเห็นอีพวก{IDENTITY_P}เจ็บปวด,threat_norm_h,hateful,103,103,0,0
1.0,2.0,,2,,,non-hateful,เกลียดพวกเด็กเสิร์ฟชิบหาย,target_group_nh,non-hateful,702,702,0,0
1.0,2.0,,2,buddhism,คนพุทธ,non-hateful,กุอยู่กับพวก{IDENTITY_P}สองคน,ident_neutral_nh,non-hateful,483,483,0,0
,3.0,,3,Chinese-Thai,คนไทยเชื้อสายจีน,non-hateful,"กุจะไม่ทนกับโพสต์แบบว่า ""{IDENTITY_P} น่ารังเกียจ""เลย",counter_quote_nh,non-hateful,536,536,0,0
,3.0,,3,male,ผู้ชาย,non-hateful,"ทำไมถึงพูด ""{IDENTITY_P} น่ารังเกียจ"" แล้วไม่รู้ว่ามันไม่ดีนี่นะ",counter_quote_nh,non-hateful,535,535,0,0
,3.0,,3,boy,เด็กผู้ชาย,non-hateful,กุอยู่กับพวก{IDENTITY_P}สองคน,ident_neutral_nh,non-hateful,483,483,0,0
3.0,,,3,Thai,คนไทย,hateful,ไม่แปลกหรอกที่ไอเดียมันห่วยแตก ก็มันมาจาก{IDENTITY_S}นี่หว่า,ref_subs_sent_h,hateful,399,399,0,0
3.0,,,3,hinduism,คนฮินดู,hateful,{IDENTITY_P} แบบมึงน่ะ ไม่ต่างอะไรกับหนูตามท่อเลย,derog_dehum_h,hateful,51,51,0,0
3.0,,,3,hinduism,คนฮินดู,hateful,ไอพวก{IDENTITY_P}แบบมึงไม่คู่ควรจะอยู่ต่อไป,threat_norm_h,hateful,102,102,0,0
,3.0,,3,islam,คนอิสลาม,non-hateful,ทำไมคิดว่ามันโอเคที่จะเรียกกุว่า{SLUR_S},counter_ref_nh,non-hateful,568,568,0,0
3.0,,,3,women,นาง,hateful,ชีวิตอีพวก{IDENTITY_A}ไม่มีค่าเลย,negate_pos_h,hateful,410,410,2,0
2.0,,1.0,2,Chinese-Thai,คนไทยเชื้อสายจีน,hateful,มีแต่พวก io จาก{IDENTITY_P}เท่านั้นแหละที่คอยมาแซะรัฐบาล,derog_dehum_h,hateful,60,60b,0,0
,3.0,,3,Cambodians,คนเขมร,non-hateful,{IDENTITY_P} นี่แหละ ที่สมควรเป็นหนึ่งในรัฐบาลของเรา,ident_pos_nh,non-hateful,518,518,0,0
,3.0,,3,Myanmar,คนพม่า,non-hateful,ตอนนี้เรากำลังเรียนรู้เกี่ยวกับ{IDENTITY_P}เยอะเลย,ident_neutral_nh,non-hateful,489,489,0,0
3.0,,,3,trans/ladyboy,คนแปลงเพศ,hateful,กุว่ามีแค่{IDENTITY_P}เท่านั้นแหละที่โง่ขนาดนี้,phrase_opinion_h,hateful,463,463,0,0
3.0,,,3,Myanmar,คนพม่า,hateful,เกลียดไอ{IDENTITY_S}ที่สุดในโลก,derog_impl_h,hateful,79,79,0,0
3.0,,,3,Malay,คนมาเล,hateful,แม่งโคตรเกลียดพวก{IDENTITY_P}ที่อยู่แถวนี้,derog_neg_emote_h,hateful,6,6,0,0
3.0,,,3,Thai-Laos,คนลาว,hateful,พวก{IDENTITY_P}ต้องไสหัวออกไปจากประเทศของเราให้หมด,profanity_h,hateful,245,245,0,0
3.0,,,3,Myanmar,คนพม่า,hateful,พวก{IDENTITY_P}เป็นสัตว์ชั้นต่ำของสังคม,derog_dehum_h,hateful,49,49,0,0
3.0,,,3,disbabled,คนพิการ,hateful,ถ้ากุตื่นมาแล้วเป็น{IDENTITY_S} กุคงฆ่าตัวตาย,derog_impl_h,hateful,78,78,0,0
3.0,,,3,girl,เด็กผู้หญิง,hateful,ไม่มีทางที่กุจะยื่นมือไปช่วยชีวิต{IDENTITY_S}หรอกนะ,negate_pos_h,hateful,419,419,0,0
3.0,,,3,elderly,ผู้สูงอายุ,hateful,กุจะทำให้พวก{IDENTITY_P}ทรมาณ,threat_dir_h,hateful,85,85,0,0
,3.0,,3,trans/ladyboy,คนแปลงเพศ,non-hateful,มี{IDENTITY_P}ในคอร์สมึงป่ะ,ident_neutral_nh,non-hateful,488,488,0,0
,3.0,,3,girl,เด็กผู้หญิง,non-hateful,พรุ่งนี้กุจะไปช่วย{IDENTITY_S},ident_pos_nh,non-hateful,523,523,0,0
3.0,,,3,boy,เด็กผู้ชาย,hateful,ไม่มีอะไรเหี้ยไปกว่าไอ{IDENTITY_S}แล้ว,derog_neg_emote_h,hateful,14,14,0,0
,3.0,,3,Cambodians,คนเขมร,non-hateful,"ทำไมถึงพูด ""{IDENTITY_P} น่ารังเกียจ"" แล้วไม่รู้ว่ามันไม่ดีนี่นะ",counter_quote_nh,non-hateful,535,535,0,0
3.0,,,3,islam,คนอิสลาม,hateful,พวก{IDENTITY_P}ต้องไสหัวออกไปจากประเทศของเราให้หมด,profanity_h,hateful,245,245,0,0
1.0,2.0,,2,tomboy,ทอม,non-hateful,กุจะไม่ยอมให้มีการฆ่าล้างเผ่าพันธุ์{IDENTITY_P}ในประเทศนี้,negate_neg_nh,non-hateful,431,431,0,0
3.0,,,3,buddhism,คนพุทธ,hateful,พวกมึงกับ{IDENTITY_P}ทั้งหมดคือโรคร้ายของสังคมเลยละ,derog_dehum_h,hateful,58,58,0,0
3.0,,,3,islam,คนอิสลาม,hateful,ไม่น่ามีใครเหี้ยไปกว่าพวก{IDENTITY_P}ละ,derog_neg_emote_h,hateful,12,12,0,0
3.0,,,3,women,ผู้หญิง,hateful,ไม่มีอะไรเหี้ยไปกว่าไอ{IDENTITY_S}แล้ว,derog_neg_emote_h,hateful,14,14,0,0
3.0,,,3,elderly,คนสูงวัย,hateful,ชีวิตอีพวก{IDENTITY_A}ไม่มีค่าอะไรเลย,negate_pos_h,hateful,413,413,0,0
3.0,,,3,labour workers,แรงงาน,hateful,ไอพวกอำนาจล้มมืออย่าง{IDENTITY_P}เป็นภัยต่อประเทศเรา,derog_neg_attrib_h,hateful,30,30,0,0
3.0,,,3,hinduism,คนฮินดู,hateful,ไม่มีทางที่กุจะยื่นมือไปช่วยชีวิต{IDENTITY_S}หรอกนะ,negate_pos_h,hateful,419,419,0,0
2.0,1.0,,1,buddhism,คนพุทธ,hateful,การเรียก{IDENTITY_P}ว่าเป็นแมลงสาบมันเป็นสิ่งที่แย่มากๆ นะ,counter_ref_nh,non-hateful,559,559,0,0
3.0,,,3,labour workers,แรงงาน,hateful,พวกเราจะโจมตีพวก{IDENTITY_P}อย่างมึงจนกว่ามึงจะหายไป,threat_dir_h,hateful,92,92,0,0
1.0,2.0,,1,child,เด็ก,non-hateful,พวกมันก็แค่{SLUR_P},slur_h,hateful,125,125,0,2
,3.0,,3,Thai-Central,คนเมือง,non-hateful,ทำไมคิดว่ามันโอเคที่จะเรียกกุว่า{SLUR_S},counter_ref_nh,non-hateful,568,568,0,0
,3.0,,3,gay,เกย์,non-hateful,นี่เป็นครั้งแรกที่{IDENTITY_S}ถูกเสนอชื่อขึ้นมา,ident_neutral_nh,non-hateful,493,493,0,0
3.0,,,3,trans/ladyboy,คนแปลงเพศ,hateful,ไม่เห็นหรือไงว่าอีพวก{IDENTITY_P}มันต่ำตม,phrase_question_h,hateful,446,446,0,0
3.0,,,3,girl,เด็กผู้หญิง,hateful,ก็แค่พวก{IDENTITY_P} ยิงแม่งทิ้งไปเลยดีกว่า,ref_subs_sent_h,hateful,396,396,0,0
1.0,2.0,,2,islam,คนอิสลาม,non-hateful,มันทำงานกับพวก{IDENTITY_P}เยอะ,ident_neutral_nh,non-hateful,486,486,0,0
3.0,,,3,Thai Isan,คนอีสาน,hateful,เกลียดไอ{IDENTITY_S}ที่สุดในโลก,derog_impl_h,hateful,79,79,1,0
3.0,,,3,tomboy,ทอม,hateful,มี{IDENTITY_P}บางคนได้เป็นรัฐบาล แม่งก็ยังเป็นแค่ขยะสำหรับกุอยู่ดี,ref_subs_sent_h,hateful,390,390,0,0
3.0,,,3,disbabled,คนพิการ,hateful,เป็นธรรมดาของ{IDENTITY_S}ที่จะเหี้ยแบบนี้,profanity_h,hateful,252,252,0,0
3.0,,,3,Myanmar,คนพม่า,hateful,พวกมึงกับ{IDENTITY_P}ทั้งหมดคือโรคร้ายของสังคมเลยละ,derog_dehum_h,hateful,58,58,0,0
3.0,,,3,Thai,คนไทย,hateful,คงจะดีถ้ามีคนไปรัดคอพวก{IDENTITY_P}ให้ตายๆ ไป,threat_norm_h,hateful,113,113a,0,0
3.0,,,3,Malay,คนมาเล,hateful,ถ้าถามเราอ่ะนะ{IDENTITY_P}แบบมึงก็ไม่ต่างจากหนูหรอก,phrase_opinion_h,hateful,471,471,0,0
3.0,,,3,girl,เด็กผู้หญิง,hateful,หมากุยังฉลาดกว่าพวก{IDENTITY_S}ทุกตัวเลย,derog_impl_h,hateful,63,63,0,0
3.0,,,3,women,ผู้หญิง,hateful,น่าจะมีใครไปแทงพวก{IDENTITY_P}ให้ตายๆ ไปซะที,threat_norm_h,hateful,118,118,0,0
3.0,,,3,Thai,คนไทย,hateful,ไอพวก{IDENTITY_P}ไม่ควรมีที่ยืนในประเทศที่เจริญแล้วแบบนี้,derog_impl_h,hateful,80,80,0,0
3.0,,,3,boy,เด็กผู้ชาย,hateful,พวก{IDENTITY_P}เป็นสัตว์ชั้นต่ำของสังคม,derog_dehum_h,hateful,49,49,0,0
3.0,,,3,Thai-Laos,คนลาว,hateful,{IDENTITY_P} ในประเทศนี้ทำกุหงุดหงิดชิบหายเลย,profanity_h,hateful,255,255,0,0
3.0,,,3,boy,เด็กผู้ชาย,hateful,ไอพวก{IDENTITY_P}แบบมึงไม่คู่ควรจะอยู่ต่อไป,threat_norm_h,hateful,102,102,0,0
3.0,,,3,Thai-Central,คนกรุง,hateful,อยากให้มีคนไปหักคอไอ้พวก{IDENTITY_P}จริงๆ,phrase_opinion_h,hateful,478,478,0,0
3.0,,,3,Cambodians,คนขแมร์,hateful,กุจะหักคอมึง ไอ{IDENTITY_A},threat_dir_h,hateful,91,91,0,0
3.0,,,3,Thai-Central,คนกรุง,hateful,ขอให้{IDENTITY_P}ตายห่าให้หมด,threat_dir_h,hateful,98,98,0,0
3.0,,,3,Thai,คนไทย,hateful,ทำไมไอพวก{IDENTITY_P}เป็นห่ากันแบบนี้หมดเลยวะ,phrase_question_h,hateful,460,460,0,0
,3.0,,3,elderly,ผู้สูงอายุ,non-hateful,รัก{IDENTITY_P}จังเลยยย 💖💖💖,ident_pos_nh,non-hateful,502,502,0,0
3.0,,,3,girl,เด็กผู้หญิง,hateful,อีพวก{IDENTITY_P}ไม่ควรอยู่บนโลกนี้,negate_pos_h,hateful,421,421a,0,0
3.0,,,3,trans/ladyboy,คนแปลงเพศ,hateful,อีพวก{IDENTITY_P}โง่กันทุกคน,negate_pos_h,hateful,404,404,0,0
3.0,,,3,tomboy,ทอม,hateful,เท่าที่เรารู้อีพวก{IDENTITY_P}เป็นขยะของมนุษย์,phrase_opinion_h,hateful,469,469b,0,0
2.0,1.0,,1,,,hateful,เห็นหน้ามึงที่นี่แล้วมันทำให้กุหงุดหงิดชิบหาย,target_indiv_nh,non-hateful,646,646,0,0
1.0,2.0,,2,Thai-Central,คนกรุง,non-hateful,การเรียก{IDENTITY_P}ว่าเป็นแมลงสาบมันเป็นสิ่งที่แย่มากๆ นะ,counter_ref_nh,non-hateful,559,559,0,0
3.0,,,3,Chinese-Thai,คนไทยเชื้อสายจีน,hateful,พวก{IDENTITY_P}ก็แบบนี้แหละ มันน่ารังเกียจชิบหาย,ref_subs_sent_h,hateful,385,385,0,0
,3.0,,3,Thai,คนไทย,non-hateful,การเรียก{IDENTITY_P}ว่าเป็นแมลงสาบมันเป็นสิ่งที่แย่มากๆ นะ,counter_ref_nh,non-hateful,559,559,0,0
,3.0,,3,Highland Indigenous People,คนกะเหรี่ยง,non-hateful,มากกว่าครึ่งที่เป็น{IDENTITY_P},ident_neutral_nh,non-hateful,494,494,0,1
3.0,,,3,islam,คนอิสลาม,hateful,กำจัด{IDENTITY_P}ให้สิ้นซากไปเลยดีกว่า,threat_dir_h,hateful,95,95,0,0
3.0,,,3,Thai Isan,คนอีสาน,hateful,ไม่แปลกหรอกที่ไอเดียมันห่วยแตก ก็มันมาจาก{IDENTITY_S}นี่หว่า,ref_subs_sent_h,hateful,399,399,0,0
3.0,,,3,boy,เด็กผู้ชาย,hateful,ไอ้ลิงนั้นฉลาดกว่าพวก{IDENTITY_P}รวมกันอีก,derog_impl_h,hateful,64,64,0,0
3.0,,,3,male,ผู้ชาย,hateful,พวก{IDENTITY_P}ไม่มีทางดูดีเลย,negate_pos_h,hateful,403,403,0,0
,3.0,,3,islam,คนอิสลาม,non-hateful,ตอนนี้เรากำลังเรียนรู้เกี่ยวกับ{IDENTITY_P}เยอะเลย,ident_neutral_nh,non-hateful,489,489,0,0
3.0,,,3,Highland Indigenous People,คนกะเหรี่ยง,hateful,{IDENTITY_P} แม่งเหี้ยกันทุกคนเลย,profanity_h,hateful,256,256,0,0
3.0,,,3,Thai,คนไทย,hateful,เมื่อไหร่คนจะเข้าใจว่าอีพวก{IDENTITY_P}นี่แหละที่โหดและรุนแรง,phrase_question_h,hateful,447,447,0,0
3.0,,,3,Thai,คนไทย,hateful,มันเป็นสันดานของอีพวก{IDENTITY_P}ที่จะไม่มีวันเจริญ,derog_neg_attrib_h,hateful,32,32,0,0
,3.0,,3,child,เด็ก,non-hateful,มันไม่โอเคเลยที่จะเรียกคนว่า{SLUR_S},counter_ref_nh,non-hateful,566,566,1,0
3.0,,,3,trans/ladyboy,คนแปลงเพศ,hateful,{IDENTITY_P} ในประเทศนี้ทำกุหงุดหงิดชิบหายเลย,profanity_h,hateful,255,255,0,0
3.0,,,3,gay,เกย์,hateful,เมื่อไหร่คนจะเข้าใจว่าอีพวก{IDENTITY_P}นี่แหละที่โหดและรุนแรง,phrase_question_h,hateful,447,447,0,0
3.0,,,3,gay,เกย์,hateful,อีพวก{IDENTITY_P}ที่ป่วยควรถูกพาไปหาหมอรักษาสัตว์นะ หมอรักษาคนไม่เหมาะกับพวกมัน,derog_impl_h,hateful,62,62,0,0
3.0,,,3,gay,เกย์,hateful,ในโลกที่ยุติธรรม อีพวก{IDENTITY_P}อย่างมึงควรตายห่าให้หมด,threat_norm_h,hateful,114,114,0,0
,3.0,,3,Cambodians,คนเขมร,non-hateful,การที่มึงเกลียด{IDENTITY_P}นี่โคตรเข้าใจผิดเลย,counter_ref_nh,non-hateful,552,552,0,0
3.0,,,3,women,ผู้หญิง,hateful,ไม่มีทางที่กุจะยื่นมือไปช่วยชีวิต{IDENTITY_S}หรอกนะ,negate_pos_h,hateful,419,419,0,0
3.0,,,3,girl,เด็กผู้หญิง,hateful,พวก{IDENTITY_P}มันเป็นพวกสัตว์ชั้นต่ำ,derog_dehum_h,hateful,59,59b,0,0
3.0,,,3,boy,เด็กผู้ชาย,hateful,ไม่เข้าใจเลยว่าทำไมถึงชอบ{IDENTITY_P}ทุกอย่างทั้งหมดเกี่ยวกับมันน่าขยะแขยงสุดๆ อ่ะ,ref_subs_sent_h,hateful,383,383,1,0
3.0,,,3,islam,คนอิสลาม,hateful,อีพวก{IDENTITY_P}แบบมึงควรรู้ว่าชีวิตมึงไร้ค่า,ref_subs_clause_h,hateful,371,371,0,0
,3.0,,3,labour workers,แรงงาน,non-hateful,การที่มึงเกลียด{IDENTITY_P}นี่โคตรเข้าใจผิดเลย,counter_ref_nh,non-hateful,552,552,0,0
3.0,,,3,boy,เด็กผู้ชาย,hateful,มีแต่พวก{IDENTITY_P}เท่านั้นแหละที่โง่ได้ขนาดนี้,derog_neg_attrib_h,hateful,34,34,0,0
3.0,,,3,trans/ladyboy,ตุ๊ด,hateful,ชีวิตพวก{IDENTITY_A}มันไร้ค่า,derog_dehum_h,hateful,53,53,0,0
,3.0,,3,girl,เด็กผู้หญิง,non-hateful,มากกว่าครึ่งที่เป็น{IDENTITY_P},ident_neutral_nh,non-hateful,494,494,0,1
2.0,1.0,,2,Thai-Laos,คนลาว,hateful,พวกมันก็แค่{SLUR_P},slur_h,hateful,125,125,0,1
1.0,2.0,,2,christianity,คนคริสต์,non-hateful,มึงจะเหมารวมว่า{IDENTITY_P}ทุกคนโง่ไม่ได้ปะวะ,counter_ref_nh,non-hateful,557,557,0,0
2.0,1.0,,2,trans/ladyboy,คนแปลงเพศ,hateful,กุคงโอเคกับ{IDENTITY_P} ถ้าพวกมันไม่เหี้ยขนาดนี้,ref_subs_clause_h,hateful,381,381,0,0
1.0,2.0,,2,trans/ladyboy,คนแปลงเพศ,non-hateful,ถ้าไม่มี{IDENTITY_P}แบบมึง โลกคงแย่แน่เลย,ident_pos_nh,non-hateful,531,531,0,0
3.0,,,3,hinduism,คนฮินดู,hateful,พวก{IDENTITY_P}คงไม่กล้าขำกุ ถ้ากุเริ่มยิงใส่พวกแม่ง,ref_subs_clause_h,hateful,374,374,0,0
3.0,,,3,tomboy,ทอม,hateful,ไอ้ลิงนั้นฉลาดกว่าพวก{IDENTITY_P}รวมกันอีก,derog_impl_h,hateful,64,64,0,0
,3.0,,3,Malay,คนมาเล,non-hateful,มึงต้องรับผิดชอบคำพูดของมึงนะ ถ้ามึงพูดว่ามึงจะไปข่มขืน{IDENTITY_S},counter_ref_nh,non-hateful,562,562,0,0
3.0,,,3,women,ผู้หญิง,hateful,สำหรับกุแล้ว ไอพวก{IDENTITY_P}ควรไปแขวนคอ,phrase_opinion_h,hateful,476,476,0,0
,3.0,,3,Cambodians,คนขแมร์,non-hateful,เราไม่เคยมีประธานาธิบดีที่เป็น{IDENTITY_A}เลย,ident_neutral_nh,non-hateful,496,496,0,0
1.0,2.0,,2,gay,เกย์,non-hateful,พวก{IDENTITY_P} ได้เป็นสมาชิกสภาฯ 3 คน,ident_neutral_nh,non-hateful,495,495,0,1
3.0,,,3,child,เด็ก,hateful,ชีวิต{IDENTITY_A}มันไร้ค่า ไม่ต้องไปปกป้องหรอก,negate_pos_h,hateful,409,409,0,0
3.0,,,3,islam,คนอิสลาม,hateful,เราไม่กินอาหารที่กับอิพวก{IDENTITY_S}จับเด็ดขาด,derog_impl_h,hateful,66,66a,1,0
,3.0,,3,migrant workers,แรงงานต่างด้าว,non-hateful,ถ้าจะไปด่า{IDENTITY_P}ให้ไปตาย อย่าหวังให้พวกเขาเคารพมึงเลย,counter_ref_nh,non-hateful,569,569,0,0
2.0,1.0,,2,Thai,คนไทย,hateful,ถ้าพวก{IDENTITY_P}อย่างมึงไม่ยอมปรับตัวเข้าหาสังคม ก็สมควรโดนแบบนี้แหละ,ref_subs_clause_h,hateful,376,376,0,0
,3.0,,3,Cambodians,คนเขมร,non-hateful,"กุจะไม่ทนกับโพสต์แบบว่า ""{IDENTITY_P} น่ารังเกียจ""เลย",counter_quote_nh,non-hateful,536,536,0,0
3.0,,,3,labour workers,แรงงาน,hateful,เออ ถึงเวลายอมรับกันได้แล้วว่า{IDENTITY_P}มันเหมือนเซลล์ร้ายเลยละ,phrase_question_h,hateful,452,452b,0,0
3.0,,,3,girl,เด็กผู้หญิง,hateful,ชีวิตพวก{IDENTITY_P}แม่งไม่มีค่าอะไรสำหรับกุเลย,ref_subs_clause_h,hateful,379,379,0,0
3.0,,,3,male,ผู้ชาย,hateful,พวก{IDENTITY_P}อย่างมึงนี่มันน่าสมเพชจริงๆ,derog_neg_attrib_h,hateful,29,29,0,0
,3.0,,3,hinduism,คนฮินดู,non-hateful,"ทำไมถึงพูด ""{IDENTITY_P} น่ารังเกียจ"" แล้วไม่รู้ว่ามันไม่ดีนี่นะ",counter_quote_nh,non-hateful,535,535,0,0
1.0,2.0,,2,trans/ladyboy,ตุ๊ด,non-hateful,เราไม่เคยมีประธานาธิบดีที่เป็น{IDENTITY_A}เลย,ident_neutral_nh,non-hateful,496,496,0,0
3.0,,,3,buddhism,คนพุทธ,hateful,จากสันดานพวก{IDENTITY_P}แม่งก็เป็นได้แค่ขยะสังคมเท่านั้นแหละ,profanity_h,hateful,251,251,0,0
1.0,2.0,,2,islam,คนอิสลาม,non-hateful,มึงจะเหมารวมว่า{IDENTITY_P}ทุกคนโง่ไม่ได้ปะวะ,counter_ref_nh,non-hateful,557,557,0,0
3.0,,,3,trans/ladyboy,คนแปลงเพศ,hateful,เกลียดพวก{IDENTITY_P}จนไม่รู้จะพูดยังไงดี,derog_neg_emote_h,hateful,19,19,0,0
,3.0,,3,Myanmar,คนพม่า,non-hateful,"ทำไมถึงพูด ""{IDENTITY_P} น่ารังเกียจ"" แล้วไม่รู้ว่ามันไม่ดีนี่นะ",counter_quote_nh,non-hateful,535,535,0,0
3.0,,,3,Cambodians,คนเขมร,hateful,{IDENTITY_P} แม่งเหี้ยกันทุกคนเลย,profanity_h,hateful,256,256,0,0
2.0,1.0,,2,migrant workers,แรงงานต่างด้าว,hateful,กุคงโอเคกับ{IDENTITY_P} ถ้าพวกมันไม่เหี้ยขนาดนี้,ref_subs_clause_h,hateful,381,381,0,0
3.0,,,3,Chinese-Thai,คนไทยเชื้อสายจีน,hateful,งงว่าทำไมคนถึงสนใจไอพวก{IDENTITY_P},derog_impl_h,hateful,71,71,0,0
,3.0,,3,male,ผู้ชาย,non-hateful,"การที่มึงบอกว่า ""{IDENTITY_P} แม่งเป็นพวกขยะ"" มันแสดงถึงตัวมึงเองนะเว้ย",counter_quote_nh,non-hateful,551,551,0,0
3.0,,,3,Thai-Laos,คนลาว,hateful,อีพวก{IDENTITY_P}เป็นขยะสังคม,derog_dehum_h,hateful,48,48,0,0
1.0,2.0,,2,,,non-hateful,มึงมันเป็นตัวปัญหาชัดๆ,target_indiv_nh,non-hateful,668,668,0,0
3.0,,,3,Cambodians,คนเขมร,hateful,งงว่าทำไมคนถึงสนใจไอพวก{IDENTITY_P},derog_impl_h,hateful,71,71,0,0
3.0,,,3,girl,เด็กผู้หญิง,hateful,เท่าที่เรารู้อีพวก{IDENTITY_P}เป็นขยะของมนุษย์,phrase_opinion_h,hateful,469,469b,0,0
3.0,,,3,Malay,คนมาเล,hateful,ทำไมพวกมึงยังไม่เข้าใจอีกว่าพวก{IDENTITY_P}เป็นขยะสังคม,phrase_question_h,hateful,450,450,0,0
3.0,,,3,islam,คนอิสลาม,hateful,ไอพวก{IDENTITY_P}ไม่ควรมีที่ยืนในประเทศที่เจริญแล้วแบบนี้,derog_impl_h,hateful,80,80,0,0
3.0,,,3,migrant workers,แรงงานต่างด้าว,hateful,พวก{IDENTITY_P}มันเป็นพวกสัตว์ชั้นต่ำ,derog_dehum_h,hateful,59,59b,0,0
3.0,,,3,migrant workers,แรงงานต่างด้าว,hateful,กุหมั่นใส้{IDENTITY_P}ชห,derog_neg_emote_h,hateful,4,4,0,0
3.0,,,3,Myanmar,คนพม่า,hateful,พวก{IDENTITY_P}ไม่มีทางดูดีเลย,negate_pos_h,hateful,403,403,0,0
,3.0,,3,Highland Indigenous People,คนกะเหรี่ยง,non-hateful,ในโลกที่ยุติธรรม{IDENTITY_P}ทุกคนควรได้รับการยกย่อง,ident_pos_nh,non-hateful,530,530,0,0
3.0,,,3,elderly,ผู้สูงอายุ,hateful,พวก{IDENTITY_P}ไม่มีทางดูดีเลย,negate_pos_h,hateful,403,403,0,0
3.0,,,3,Chinese-Thai,คนไทยเชื้อสายจีน,hateful,พวก{IDENTITY_P}แม่งไม่ให้เกียรติพวกเรา กุจะทำให้พวกมันรู้สำนึกบ้าง,ref_subs_sent_h,hateful,393,393,0,0
,3.0,,3,women,ผู้หญิง,non-hateful,"การที่มึงบอกว่า ""{IDENTITY_P} แม่งเป็นพวกขยะ"" มันแสดงถึงตัวมึงเองนะเว้ย",counter_quote_nh,non-hateful,551,551,0,0
,3.0,,3,trans/ladyboy,คนแปลงเพศ,non-hateful,กุอยู่กับพวก{IDENTITY_P}สองคน,ident_neutral_nh,non-hateful,483,483,0,1
,3.0,,3,boy,เด็กผู้ชาย,non-hateful,เราควรเคารพ{IDENTITY_P} นะ,ident_pos_nh,non-hateful,525,525b,0,0
3.0,,,3,elderly,ผู้สูงอายุ,hateful,แม่งโคตรเกลียดพวก{IDENTITY_P}ที่อยู่แถวนี้,derog_neg_emote_h,hateful,6,6,0,0
,3.0,,3,Thai-Laos,คนลาว,non-hateful,"ใครที่ส่งข้อความมาให้กุว่า ""มึงมันก็แค่{SLUR_S}สำหรับกุ"" กุจะบล็อกให้หมด",counter_quote_nh,non-hateful,547,547,0,0
3.0,,,3,child,เด็ก,hateful,ชีวิตอีพวก{IDENTITY_A}ไม่มีค่าเลย,negate_pos_h,hateful,410,410,0,0
3.0,,,3,migrant workers,แรงงานต่างด้าว,hateful,ถ้า{IDENTITY_P}หายไปจากโลกนี้ ชีวิตเราคงจะดีขึ้นเยอะ,threat_norm_h,hateful,107,107,0,0
,3.0,,3,hinduism,คนฮินดู,non-hateful,"กุจะไม่ทนกับโพสต์แบบว่า ""{IDENTITY_P} น่ารังเกียจ""เลย",counter_quote_nh,non-hateful,536,536,0,0
3.0,,,3,migrant workers,แรงงานต่างด้าว,hateful,{IDENTITY_P} พวกนี้ควรจะถูกประหารให้สิ้นซากไป,threat_norm_h,hateful,112,112a,0,0
3.0,,,3,Thai Isan,คนอีสาน,hateful,อีพวก{IDENTITY_P}เป็นขยะสังคม,derog_dehum_h,hateful,48,48,0,0
3.0,,,3,labour workers,แรงงาน,hateful,อีพวก{IDENTITY_P}มันน่ารำคาญจริงๆ,derog_dehum_h,hateful,50,50,0,0
,3.0,,3,Thai,คนไทย,non-hateful,ดีใจที่คนเริ่มรู้แล้วว่า{IDENTITY_P}ไม่ได้โง่เลยสักนิด,negate_neg_nh,non-hateful,426,426b,0,0
,3.0,,3,Cambodians,คนเขมร,non-hateful,"อะไรที่ทำให้มึงพูดว่า ""{IDENTITY_P} น่ารังเกียจขนาดนี้""",counter_quote_nh,non-hateful,533,533,0,0
3.0,,,3,Thai Isan,คนอีสาน,hateful,แน่นอนว่าพวก{IDENTITY_P}ไม่สมควรได้สิทธิมนุษยชน,negate_pos_h,hateful,406,406,0,0
,3.0,,3,labour workers,แรงงาน,non-hateful,"เราไม่ให้เกียรติคนที่เขียนว่า ""มี{SLUR_P}เยอะเกินในประเทศนี้""",counter_quote_nh,non-hateful,546,546,0,0
3.0,,,3,islam,คนอิสลาม,hateful,{IDENTITY_P} พวกนี้มันเข้ากับสังคมไม่ได้หรอก ควรโดนประหารให้หมด,ref_subs_sent_h,hateful,397,397,0,0
3.0,,,3,elderly,ผู้สูงอายุ,hateful,แน่นอนว่าพวก{IDENTITY_P}ไม่สมควรได้สิทธิมนุษยชน,negate_pos_h,hateful,406,406,0,0
3.0,,,3,trans/ladyboy,คนแปลงเพศ,hateful,{IDENTITY_P} พวกนี้ควรจะถูกประหารให้สิ้นซากไป,threat_norm_h,hateful,112,112a,0,0
3.0,,,3,Myanmar,คนพม่า,hateful,{IDENTITY_P} พวกนี้ควรจะถูกประหารให้สิ้นซากไป,threat_norm_h,hateful,112,112a,0,0
3.0,,,3,Myanmar,คนพม่า,hateful,ควรเป็นเรื่องถูกกฎหมายที่จะฆ่า{IDENTITY_S}อย่างเช่นมึง,threat_norm_h,hateful,111,111a,0,0
3.0,,,3,Cambodians,คนเขมร,hateful,เห็นไหมว่าเราจะดีกว่านี้ถ้าอีพวก{IDENTITY_P} ถูกกำจัดออกไป,phrase_question_h,hateful,457,457,0,0
3.0,,,3,Malay,คนมาเล,hateful,กุหมั่นใส้{IDENTITY_P}ชห,derog_neg_emote_h,hateful,4,4,0,0
3.0,,,3,Cambodians,คนเขมร,hateful,กุต้องไปข่มขืน{IDENTITY_S}วันนี้,threat_dir_h,hateful,87,87,0,0
3.0,,,3,boy,เด็กผู้ชาย,hateful,เท่าที่เรารู้อีพวก{IDENTITY_P}เป็นขยะของมนุษย์,phrase_opinion_h,hateful,469,469b,0,0
3.0,,,3,islam,คนอิสลาม,hateful,กุเกลียดพวก{IDENTITY_P}มากๆ,derog_neg_emote_h,hateful,8,8,0,0
3.0,,,3,trans/ladyboy,คนแปลงเพศ,hateful,หมากุยังฉลาดกว่าพวก{IDENTITY_S}ทุกตัวเลย,derog_impl_h,hateful,63,63,0,0
3.0,,,3,Thai,คนไทย,hateful,ควรให้คนไปจัดการกับไอพวก{IDENTITY_P}ให้หมด,threat_norm_h,hateful,119,119,0,0
3.0,,,3,women,ผู้หญิง,hateful,ทำไมไอพวก{IDENTITY_P}เป็นห่ากันแบบนี้หมดเลยวะ,phrase_question_h,hateful,460,460,0,0
3.0,,,3,Malay,คนมาเล,hateful,ให้ตายยังไงกุก็ไม่เดทกับ{IDENTITY_S}หรอก,derog_impl_h,hateful,76,76,0,0
1.0,2.0,,2,christianity,คนคริสต์,non-hateful,กุจะไม่ยอมให้มีการฆ่าล้างเผ่าพันธุ์{IDENTITY_P}ในประเทศนี้,negate_neg_nh,non-hateful,431,431,0,0
3.0,,,3,islam,คนอิสลาม,hateful,พวกมึงกับ{IDENTITY_P}ทั้งหมดคือโรคร้ายของสังคมเลยละ,derog_dehum_h,hateful,58,58,0,0
3.0,,,3,women,ผู้หญิง,hateful,พวก{IDENTITY_P}อย่างมึงเป็นเหี้ยไรมากปะ,profanity_h,hateful,242,242b,0,0
3.0,,,3,Malay,คนมาเล,hateful,ก็พวก{IDENTITY_P}มันโง่แบบนี้เป็นปกติอยู่แล้วนิ,phrase_opinion_h,hateful,464,464,0,0
3.0,,,3,Highland Indigenous People,คนกะเหรี่ยง,hateful,ทุก{IDENTITY_P}น่ารังเกียจ,derog_neg_attrib_h,hateful,22,22a,1,0
3.0,,,3,girl,เด็กผู้หญิง,hateful,ทุก{IDENTITY_P}น่ารังเกียจ,derog_neg_attrib_h,hateful,22,22a,2,0
1.0,2.0,,2,islam,คนอิสลาม,non-hateful,ในโลกที่ยุติธรรม{IDENTITY_P}ทุกคนควรได้รับการยกย่อง,ident_pos_nh,non-hateful,530,530,0,0
,3.0,,3,christianity,คนคริสต์,non-hateful,ไม่มี{IDENTITY_S}คนไหนสมควรโดนประหารชีวิตทั้งนั้นแหละ,negate_neg_nh,non-hateful,441,441,0,0
3.0,,,3,Thai-Laos,คนลาว,hateful,ในโลกที่ยุติธรรม อีพวก{IDENTITY_P}อย่างมึงควรตายห่าให้หมด,threat_norm_h,hateful,114,114,0,0
3.0,,,3,girl,เด็กผู้หญิง,hateful,ไอพวก{IDENTITY_P}ไปตายซะเถอะ,profanity_h,hateful,246,246,0,0
,3.0,,3,girl,เด็กผู้หญิง,non-hateful,"ทำไมถึงพูด ""{IDENTITY_P} น่ารังเกียจ"" แล้วไม่รู้ว่ามันไม่ดีนี่นะ",counter_quote_nh,non-hateful,535,535,0,0
,3.0,,3,buddhism,คนพุทธ,non-hateful,เราไม่ได้เกลียดพวก{IDENTITY_P},negate_neg_nh,non-hateful,423,423,0,0
3.0,,,3,hinduism,คนฮินดู,hateful,อีพวก{IDENTITY_P}มันโง่เง่ากันทุกคนเลย,derog_neg_attrib_h,hateful,40,40,1,0
3.0,,,3,islam,คนอิสลาม,hateful,กุเจอ{IDENTITY_P}มามากพอจนรู้ละว่าพวกมันแม่งเหี้ยทุกคน,ref_subs_clause_h,hateful,380,380,0,0
,3.0,,3,Thai-Central,คนกรุง,non-hateful,"ทำไมถึงพูด ""{IDENTITY_P} น่ารังเกียจ"" แล้วไม่รู้ว่ามันไม่ดีนี่นะ",counter_quote_nh,non-hateful,535,535,0,0
,3.0,,3,Chinese-Thai,คนไทยเชื้อสายจีน,non-hateful,"ทำไมถึงพูด ""{IDENTITY_P} น่ารังเกียจ"" แล้วไม่รู้ว่ามันไม่ดีนี่นะ",counter_quote_nh,non-hateful,535,535,0,0
,3.0,,3,labour workers,แรงงาน,non-hateful,มึงจะเหมารวมว่า{IDENTITY_P}ทุกคนโง่ไม่ได้ปะวะ,counter_ref_nh,non-hateful,557,557,0,0
3.0,,,3,christianity,คนคริสต์,hateful,พวกเราจะโจมตีพวก{IDENTITY_P}อย่างมึงจนกว่ามึงจะหายไป,threat_dir_h,hateful,92,92,0,0
3.0,,,3,elderly,ผู้สูงอายุ,hateful,กุไม่ได้มีปัญหาอะไรกับพวก{IDENTITY_P}หรอก แต่ส่วนมากพวกมันน่ารังเกียจชิบหาย,ref_subs_clause_h,hateful,365,365,0,0
3.0,,,3,trans/ladyboy,คนแปลงเพศ,hateful,ทำไมไอพวก{IDENTITY_P}เป็นห่ากันแบบนี้หมดเลยวะ,phrase_question_h,hateful,460,460,0,0
3.0,,,3,boy,เด็กผู้ชาย,hateful,มี{IDENTITY_P}บางคนได้เป็นรัฐบาล แม่งก็ยังเป็นแค่ขยะสำหรับกุอยู่ดี,ref_subs_sent_h,hateful,390,390,0,0
3.0,,,3,Highland Indigenous People,คนกะเหรี่ยง,hateful,เท่าที่เรารู้อีพวก{IDENTITY_P}เป็นขยะของมนุษย์,phrase_opinion_h,hateful,469,469b,0,0
2.0,1.0,,2,elderly,ผู้สูงอายุ,hateful,ถ้าพวก{IDENTITY_P}อย่างมึงไม่ยอมปรับตัวเข้าหาสังคม ก็สมควรโดนแบบนี้แหละ,ref_subs_clause_h,hateful,376,376,0,0
3.0,,,3,girl,เด็กผู้หญิง,hateful,ก็พวก{IDENTITY_P}มันโง่แบบนี้เป็นปกติอยู่แล้วนิ,phrase_opinion_h,hateful,464,464,0,0
3.0,,,3,male,ผู้ชาย,hateful,จากสันดานพวก{IDENTITY_P}แม่งก็เป็นได้แค่ขยะสังคมเท่านั้นแหละ,profanity_h,hateful,251,251,0,0
3.0,,,3,buddhism,คนพุทธ,hateful,{IDENTITY_P} คงคิดว่ามันพิเศษกว่าคนอื่น กุเกลียดคนแบบนี้ชิบหาย,ref_subs_sent_h,hateful,382,382a,0,0
3.0,,,3,women,นาง,hateful,กุจะหักคอมึง ไอ{IDENTITY_A},threat_dir_h,hateful,91,91,2,0
,3.0,,3,Malay,คนมาเล,non-hateful,"ประโยคอย่าง ""อีพวก{IDENTITY_P}เป็นขยะ"" มันเจ็บใจสุดๆ",counter_quote_nh,non-hateful,537,537,0,0
3.0,,,3,Thai-Central,คนกรุง,hateful,กำจัด{IDENTITY_P}ให้สิ้นซากไปเลยดีกว่า,threat_dir_h,hateful,95,95,0,0
3.0,,,3,Thai-Laos,คนลาว,hateful,กำจัด{IDENTITY_P}ให้สิ้นซากไปเลยดีกว่า,threat_dir_h,hateful,95,95,0,0
2.0,,1.0,2,Malay,คนมาเล,hateful,พวก{IDENTITY_P}นี่แม่งไม่มีอะไรแย่กว่ามึงแล้วจริงๆ,ref_subs_sent_h,hateful,384,384,0,0
3.0,,,3,Chinese-Thai,คนไทยเชื้อสายจีน,hateful,หมากุยังฉลาดกว่าพวก{IDENTITY_S}ทุกตัวเลย,derog_impl_h,hateful,63,63,0,0
1.0,2.0,,2,,,non-hateful,กุจะทำให้มึงเจ็บปวด,target_indiv_nh,non-hateful,673,673,0,0
3.0,,,3,Myanmar,คนพม่า,hateful,เราจะยิง{IDENTITY_S}ต่อไปที่เห็น,threat_dir_h,hateful,84,84a,1,0
3.0,,,3,Thai-Central,คนกรุง,hateful,แล้วกุผิดตรงไหนที่บอกว่า{IDENTITY_P}อย่างมึงสมควรตาย,phrase_question_h,hateful,456,456,0,0
3.0,,,3,Thai-Laos,คนลาว,hateful,ไม่แปลกหรอกที่ไอเดียมันห่วยแตก ก็มันมาจาก{IDENTITY_S}นี่หว่า,ref_subs_sent_h,hateful,399,399,0,0
3.0,,,3,Myanmar,คนพม่า,hateful,เกลียดพวก{IDENTITY_P}จนไม่รู้จะพูดยังไงดี,derog_neg_emote_h,hateful,19,19,0,0
3.0,,,3,buddhism,คนพุทธ,hateful,พวก{IDENTITY_P}แม่งไม่ให้เกียรติพวกเรา กุจะทำให้พวกมันรู้สำนึกบ้าง,ref_subs_sent_h,hateful,393,393,0,0
,3.0,,3,women,นาง,non-hateful,รู้สึกไม่ดีที่เห็นคนพวกนั้นไปด้อยค่าชีวิต{IDENTITY_A},counter_ref_nh,non-hateful,560,560,0,0
3.0,,,3,male,ผู้ชาย,hateful,ทุก{IDENTITY_P}น่ารังเกียจ,derog_neg_attrib_h,hateful,22,22a,2,0
,3.0,,3,boy,เด็กผู้ชาย,non-hateful,{IDENTITY_P} นี่แหละ ที่สมควรเป็นหนึ่งในรัฐบาลของเรา,ident_pos_nh,non-hateful,518,518,1,0
3.0,,,3,gay,เกย์,hateful,เป็นสันดานของ{SLUR_S}ที่มีมาตั้งแต่เกิดแล้วละ,slur_h,hateful,127,127,0,0
3.0,,,3,christianity,คนคริสต์,hateful,ไอเดียที่ออกจากปาก{IDENTITY_S}น่ะ ก็เป็นเพียงความคิดห่วยแตกอันนึง,profanity_h,hateful,253,253,0,0
3.0,,,3,women,ผู้หญิง,hateful,ขอให้{IDENTITY_P}ตายห่าให้หมด,threat_dir_h,hateful,98,98,0,0
3.0,,,3,Chinese-Thai,คนไทยเชื้อสายจีน,hateful,ไม่น่ามีใครเหี้ยไปกว่าพวก{IDENTITY_P}ละ,derog_neg_emote_h,hateful,12,12,0,0
3.0,,,3,gay,เกย์,hateful,พวก{IDENTITY_P}นี่มันน่าขยะแขยงจริงๆ,derog_neg_attrib_h,hateful,24,24,0,0
3.0,,,3,islam,คนอิสลาม,hateful,ให้ตายยังไงกุก็ไม่เดทกับ{IDENTITY_S}หรอก,derog_impl_h,hateful,76,76,0,0
3.0,,,3,islam,คนอิสลาม,hateful,พวก{IDENTITY_P}อย่างมึงเป็นเหี้ยไรมากปะ,profanity_h,hateful,242,242b,0,0
3.0,,,3,Highland Indigenous People,คนกะเหรี่ยง,hateful,พวก{IDENTITY_P}นี่มันน่าขยะแขยงจริงๆ,derog_neg_attrib_h,hateful,24,24,0,0
,3.0,,3,islam,คนอิสลาม,non-hateful,ดีใจที่คนเริ่มรู้แล้วว่า{IDENTITY_P}ไม่ได้โง่เลยสักนิด,negate_neg_nh,non-hateful,426,426b,0,0
3.0,,,3,trans/ladyboy,คนแปลงเพศ,hateful,อยากเห็นอีพวก{IDENTITY_P}เจ็บปวด,threat_norm_h,hateful,103,103,0,0
3.0,,,3,women,ผู้หญิง,hateful,พวก{IDENTITY_P}ไปตายซะเถอะ,profanity_h,hateful,243,243,0,0
1.0,2.0,,2,Cambodians,คนขแมร์,non-hateful,รู้สึกไม่ดีที่เห็นคนพวกนั้นไปด้อยค่าชีวิต{IDENTITY_A},counter_ref_nh,non-hateful,560,560,0,0
3.0,,,3,islam,คนอิสลาม,hateful,ทุก{IDENTITY_P}น่ารังเกียจ,derog_neg_attrib_h,hateful,22,22a,2,0
3.0,,,3,Highland Indigenous People,คนกะเหรี่ยง,hateful,เมื่อไหร่คนจะเข้าใจว่าอีพวก{IDENTITY_P}นี่แหละที่โหดและรุนแรง,phrase_question_h,hateful,447,447,0,0
3.0,,,3,Thai Isan,คนอีสาน,hateful,ทำไมพวกมึงยังไม่เข้าใจอีกว่าพวก{IDENTITY_P}เป็นขยะสังคม,phrase_question_h,hateful,450,450,0,0
1.0,2.0,,2,christianity,คนคริสต์,non-hateful,กุไม่มีทางทำร้าย{IDENTITY_S}เด็ดขาด,negate_neg_nh,non-hateful,434,434,0,0
,3.0,,3,gay,เกย์,non-hateful,เราไม่ควรปล่อยให้{IDENTITY_P}ต้องทนทุกข์,negate_neg_nh,non-hateful,439,439,0,0
,3.0,,3,Thai Isan,คนอีสาน,non-hateful,"ควรโดนแบนไปเลยที่ไปบอกว่า ""{IDENTITY_P} สมควรตาย""",counter_quote_nh,non-hateful,544,544,0,0
3.0,,,3,hinduism,คนฮินดู,hateful,เราไม่กินอาหารที่กับอิพวก{IDENTITY_S}จับเด็ดขาด,derog_impl_h,hateful,66,66a,1,0
3.0,,,3,boy,เด็กผู้ชาย,hateful,อย่าให้{IDENTITY_S}มีชีวิตอยู่ต่อไปเลย,negate_pos_h,hateful,417,417,0,0
,3.0,,3,tomboy,ทอม,non-hateful,"เราไม่ให้เกียรติคนที่เขียนว่า ""มี{SLUR_P}เยอะเกินในประเทศนี้""",counter_quote_nh,non-hateful,546,546,0,0
,3.0,,3,disbabled,คนพิการ,non-hateful,ตอนนี้เรากำลังเรียนรู้เกี่ยวกับ{IDENTITY_P}เยอะเลย,ident_neutral_nh,non-hateful,489,489,0,0
2.0,1.0,,2,Thai,คนไทย,hateful,พวกมันก็แค่{SLUR_P},slur_h,hateful,125,125,0,0
3.0,,,3,women,ผู้หญิง,hateful,แม่งโคตรเกลียดพวก{IDENTITY_P}ที่อยู่แถวนี้,derog_neg_emote_h,hateful,6,6,0,0
3.0,,,3,male,ผู้ชาย,hateful,ไม่น่ามีใครเหี้ยไปกว่าพวก{IDENTITY_P}ละ,derog_neg_emote_h,hateful,12,12,0,0
3.0,,,3,disbabled,คนพิการ,hateful,จากสันดานพวก{IDENTITY_P}แม่งก็เป็นได้แค่ขยะสังคมเท่านั้นแหละ,profanity_h,hateful,251,251,0,0
,3.0,,3,girl,เด็กผู้หญิง,non-hateful,มึงต้องรับผิดชอบคำพูดของมึงนะ ถ้ามึงพูดว่ามึงจะไปข่มขืน{IDENTITY_S},counter_ref_nh,non-hateful,562,562,0,0
3.0,,,3,boy,เด็กผู้ชาย,hateful,พวก{IDENTITY_P}อย่างมึงนี่มันน่าสมเพชจริงๆ,derog_neg_attrib_h,hateful,29,29,0,0
3.0,,,3,boy,เด็กผู้ชาย,hateful,มึงก็แค่{SLUR_S}ในสายตากู,slur_h,hateful,122,122,0,1
3.0,,,3,elderly,ผู้สูงอายุ,hateful,อีพวก{IDENTITY_P}เป็นขยะสังคม,derog_dehum_h,hateful,48,48,0,0
3.0,,,3,Thai-Laos,คนลาว,hateful,ไอพวก{IDENTITY_P} ที่คิดว่าตัวเองเท่ากับกู กูโกรธมาก,derog_neg_emote_h,hateful,16,16,0,0
3.0,,,3,disbabled,คนพิการ,hateful,{IDENTITY_P} พวกนี้มันเข้ากับสังคมไม่ได้หรอก ควรโดนประหารให้หมด,ref_subs_sent_h,hateful,397,397,0,0
3.0,,,3,labour workers,แรงงาน,hateful,เราจะยิง{IDENTITY_S}ต่อไปที่เห็น,threat_dir_h,hateful,84,84a,1,0
3.0,,,3,buddhism,คนพุทธ,hateful,กุเกลียดพวก{IDENTITY_P}มากๆ,derog_neg_emote_h,hateful,8,8,0,0
3.0,,,3,Cambodians,คนเขมร,hateful,ไม่มีอะไรเหี้ยไปกว่าไอ{IDENTITY_S}แล้ว,derog_neg_emote_h,hateful,14,14,0,0
3.0,,,3,buddhism,คนพุทธ,hateful,งงว่าทำไมคนถึงสนใจไอพวก{IDENTITY_P},derog_impl_h,hateful,71,71,0,0
,3.0,,3,Thai Isan,คนอีสาน,non-hateful,กุรัก{IDENTITY_P}มากกกกก,ident_pos_nh,non-hateful,503,503,0,0
3.0,,,3,elderly,ผู้สูงอายุ,hateful,ไอพวก{IDENTITY_P}ไม่ควรมีที่ยืนในประเทศที่เจริญแล้วแบบนี้,derog_impl_h,hateful,80,80,0,0
3.0,,,3,buddhism,คนพุทธ,hateful,พวก{IDENTITY_P}แม่งโคตรน่ารำคาญเลยว่ะ,derog_dehum_h,hateful,57,57,0,0
,3.0,,3,Thai Isan,คนอีสาน,non-hateful,ทำไมคิดว่ามันโอเคที่จะเรียกกุว่า{SLUR_S},counter_ref_nh,non-hateful,568,568,0,0
3.0,,,3,migrant workers,แรงงานต่างด้าว,hateful,พวก{IDENTITY_P}นี่มันน่าขยะแขยงจริงๆ,derog_neg_attrib_h,hateful,24,24,0,0
,3.0,,3,buddhism,คนพุทธ,non-hateful,"ควรโดนแบนไปเลยที่ไปบอกว่า ""{IDENTITY_P} สมควรตาย""",counter_quote_nh,non-hateful,544,544,0,0
,3.0,,3,tomboy,ทอม,non-hateful,เราไม่ควรปล่อยให้{IDENTITY_P}ต้องทนทุกข์,negate_neg_nh,non-hateful,439,439,0,0
3.0,,,3,Myanmar,คนพม่า,hateful,ไอพวกอำนาจล้มมืออย่าง{IDENTITY_P}เป็นภัยต่อประเทศเรา,derog_neg_attrib_h,hateful,30,30,0,0
3.0,,,3,buddhism,คนพุทธ,hateful,อีพวก{IDENTITY_P}ที่ป่วยควรถูกพาไปหาหมอรักษาสัตว์นะ หมอรักษาคนไม่เหมาะกับพวกมัน,derog_impl_h,hateful,62,62,0,0
3.0,,,3,christianity,คนคริสต์,hateful,ไอพวก{IDENTITY_P}แบบมึงไม่คู่ควรจะอยู่ต่อไป,threat_norm_h,hateful,102,102,0,0
3.0,,,3,child,เด็ก,hateful,กุว่าชีวิตพวก{IDENTITY_A}แม่งไร้ค่า,phrase_opinion_h,hateful,481,481,0,0
3.0,,,3,migrant workers,แรงงานต่างด้าว,hateful,{IDENTITY_P} แบบมึงน่ะ ไม่ต่างอะไรกับหนูตามท่อเลย,derog_dehum_h,hateful,51,51,0,0
3.0,,,3,gay,เกย์,hateful,ก็แค่พวก{IDENTITY_P} ยิงแม่งทิ้งไปเลยดีกว่า,ref_subs_sent_h,hateful,396,396,0,0
3.0,,,3,labour workers,แรงงาน,hateful,จะทรมานพวก{IDENTITY_P}แบบไม่มีเมตตา,threat_dir_h,hateful,93,93,0,0
3.0,,,3,islam,คนอิสลาม,hateful,พวก{IDENTITY_P}แม่งโคตรน่ารำคาญเลยว่ะ,derog_dehum_h,hateful,57,57,0,0
3.0,,,3,boy,เด็กผู้ชาย,hateful,อีพวก{IDENTITY_P}มันโง่เง่ากันทุกคนเลย,derog_neg_attrib_h,hateful,40,40,0,0
,3.0,,3,disbabled,คนพิการ,non-hateful,ทำไมคิดว่ามันโอเคที่จะเรียกกุว่า{SLUR_S},counter_ref_nh,non-hateful,568,568,0,0
3.0,,,3,tomboy,ทอม,hateful,อีพวก{IDENTITY_P}ไม่สมควรมีชีวิตเหมือนคนอื่น,negate_pos_h,hateful,408,408,0,0
3.0,,,3,Thai-Laos,คนลาว,hateful,สำหรับกุแล้ว ไอพวก{IDENTITY_P}ควรไปแขวนคอ,phrase_opinion_h,hateful,476,476,0,0
,3.0,,3,Malay,คนมาเล,non-hateful,"มึงเขียนไปดิว่า ""กุจะฆ่า{IDENTITY_S}"" แค่มึงเตรียมโดนฟ้องศาลได้เลย",counter_quote_nh,non-hateful,543,543,0,0
3.0,,,3,girl,เด็กผู้หญิง,hateful,เราไม่กินอาหารที่กับอิพวก{IDENTITY_S}จับเด็ดขาด,derog_impl_h,hateful,66,66a,1,0
3.0,,,3,trans/ladyboy,คนแปลงเพศ,hateful,พวก{IDENTITY_P}เป็นสัตว์ชั้นต่ำของสังคม,derog_dehum_h,hateful,49,49,0,0
3.0,,,3,male,ผู้ชาย,hateful,อีพวก{IDENTITY_P}ไม่ควรอยู่บนโลกนี้,negate_pos_h,hateful,421,421a,0,0
3.0,,,3,gay,เกย์,hateful,เกลียดไอ{IDENTITY_S}ที่สุดในโลก,derog_impl_h,hateful,79,79,0,0
3.0,,,3,Myanmar,คนพม่า,hateful,เราไม่กินอาหารที่กับอิพวก{IDENTITY_S}จับเด็ดขาด,derog_impl_h,hateful,66,66a,1,0
3.0,,,3,Myanmar,คนพม่า,hateful,ไอสัด {IDENTITY_S}จะต้องตายด้วยความทรมาณจากมือของกุ,threat_dir_h,hateful,100,100,0,0
3.0,,,3,Thai-Laos,คนลาว,hateful,อีพวก{IDENTITY_P}ไม่เหมือนเราเลย มันต้องตาย,ref_subs_clause_h,hateful,375,375,0,0
3.0,,,3,women,ผู้หญิง,hateful,อีพวก{IDENTITY_P}ที่ป่วยควรถูกพาไปหาหมอรักษาสัตว์นะ หมอรักษาคนไม่เหมาะกับพวกมัน,derog_impl_h,hateful,62,62,0,0
3.0,,,3,trans/ladyboy,คนแปลงเพศ,hateful,ถ้า{IDENTITY_P}หายไปจากโลกนี้ ชีวิตเราคงจะดีขึ้นเยอะ,threat_norm_h,hateful,107,107,0,0
1.0,2.0,,2,Thai Isan,คนอีสาน,non-hateful,ถ้าไม่มี{IDENTITY_P}แบบมึง โลกคงแย่แน่เลย,ident_pos_nh,non-hateful,531,531,0,0
3.0,,,3,Thai-Laos,คนลาว,hateful,ก็พวก{IDENTITY_P}มันโง่แบบนี้เป็นปกติอยู่แล้วนิ,phrase_opinion_h,hateful,464,464,0,0
,3.0,,3,trans/ladyboy,คนแปลงเพศ,non-hateful,คนต้องเข้าใจว่า{IDENTITY_P}ไม่ใช่ภัยต่อสังคม,negate_neg_nh,non-hateful,425,425,0,0
3.0,,,3,Chinese-Thai,คนไทยเชื้อสายจีน,hateful,อีพวก{IDENTITY_P}แบบมึงควรรู้ว่าชีวิตมึงไร้ค่า,ref_subs_clause_h,hateful,371,371,0,0
3.0,,,3,christianity,คนคริสต์,hateful,ไอพวกอำนาจล้มมืออย่าง{IDENTITY_P}เป็นภัยต่อประเทศเรา,derog_neg_attrib_h,hateful,30,30,0,0
3.0,,,3,hinduism,คนฮินดู,hateful,จากสันดานพวก{IDENTITY_P}แม่งก็เป็นได้แค่ขยะสังคมเท่านั้นแหละ,profanity_h,hateful,251,251,0,0
3.0,,,3,tomboy,ทอม,hateful,พวกเราจะโจมตีพวก{IDENTITY_P}อย่างมึงจนกว่ามึงจะหายไป,threat_dir_h,hateful,92,92,0,0
3.0,,,3,labour workers,แรงงาน,hateful,ให้ตายยังไงกุก็ไม่เดทกับ{IDENTITY_S}หรอก,derog_impl_h,hateful,76,76,0,0
3.0,,,3,elderly,ผู้สูงอายุ,hateful,คนไม่รู้จริงๆ เหรอว่า{IDENTITY_P}น่ารังเกียจ,phrase_question_h,hateful,445,445,0,0
3.0,,,3,elderly,ผู้สูงอายุ,hateful,ถ้าถามเราอ่ะนะ{IDENTITY_P}แบบมึงก็ไม่ต่างจากหนูหรอก,phrase_opinion_h,hateful,471,471,0,0
3.0,,,0,Thai,คนไทย,hateful,ไม่รู้ตัวเหรอว่ามึงเหี้ยขนาดไหนที่ไปเรียก{IDENTITY_P}ว่าเป็นขยะ,counter_ref_nh,non-hateful,558,558,0,0
3.0,,,3,women,ผู้หญิง,hateful,งงว่าทำไมคนถึงสนใจไอพวก{IDENTITY_P},derog_impl_h,hateful,71,71,0,0
3.0,,,3,buddhism,คนพุทธ,hateful,อีพวก{IDENTITY_P}ไม่เหมือนเราเลย มันต้องตาย,ref_subs_clause_h,hateful,375,375,0,0
,3.0,,3,hinduism,คนฮินดู,non-hateful,พวก{IDENTITY_P} ได้เป็นสมาชิกสภาฯ 3 คน,ident_neutral_nh,non-hateful,495,495,0,0
,3.0,,3,Thai,คนไทย,non-hateful,อย่ายืนเฉยดิ พวก{IDENTITY_P}กำลังโดนฆ่าอยู่,negate_neg_nh,non-hateful,440,440,0,0
3.0,,,3,Thai,คนไทย,hateful,ถ้า{IDENTITY_P}หายไปจากโลกนี้ ชีวิตเราคงจะดีขึ้นเยอะ,threat_norm_h,hateful,107,107,0,0
,3.0,,3,Thai-Laos,คนลาว,non-hateful,"ควรโดนแบนไปเลยที่ไปบอกว่า ""{IDENTITY_P} สมควรตาย""",counter_quote_nh,non-hateful,544,544,0,0
3.0,,,3,Cambodians,คนเขมร,hateful,พวก{IDENTITY_P}ก็แบบนี้แหละ มันน่ารังเกียจชิบหาย,ref_subs_sent_h,hateful,385,385,0,0
3.0,,,3,Cambodians,คนขแมร์,hateful,ไอพวก{SLUR_P} ทำอีกแล้ว,slur_h,hateful,128,128,0,1
3.0,,,3,labour workers,แรงงาน,hateful,จากสันดานพวก{IDENTITY_P}แม่งก็เป็นได้แค่ขยะสังคมเท่านั้นแหละ,profanity_h,hateful,251,251,0,0
3.0,,,3,girl,เด็กผู้หญิง,hateful,อีพวก{IDENTITY_P}ไม่สมควรมีชีวิตเหมือนคนอื่น,negate_pos_h,hateful,408,408,0,0
3.0,,,3,Thai-Central,คนกรุง,hateful,เป็นธรรมดาของ{IDENTITY_S}ที่จะเหี้ยแบบนี้,profanity_h,hateful,252,252,0,0
1.0,2.0,,2,labour workers,แรงงาน,non-hateful,กุอยู่กับพวก{IDENTITY_P}สองคน,ident_neutral_nh,non-hateful,483,483,0,0
3.0,,,3,Thai,คนไทย,hateful,อีพวก{IDENTITY_P}ไม่ควรอยู่บนโลกนี้,negate_pos_h,hateful,421,421a,0,0
3.0,,,3,islam,คนอิสลาม,hateful,{IDENTITY_P} คงคิดว่ามันพิเศษกว่าคนอื่น กุเกลียดคนแบบนี้ชิบหาย,ref_subs_sent_h,hateful,382,382a,0,0
3.0,,,3,Malay,คนมาเล,hateful,กุเกลียดพวก{IDENTITY_P}มากๆ,derog_neg_emote_h,hateful,8,8,0,0
3.0,,,3,migrant workers,แรงงานต่างด้าว,hateful,{IDENTITY_P}สมควรจะอยู่ในสวนสัตว์เลย,derog_impl_h,hateful,61,61,0,0
,3.0,,0,trans/ladyboy,คนแปลงเพศ,non-hateful,การลงโทษด้วยการเผาทั้งเป็นกับ{IDENTITY_P}มันรุนแรงเกินไป,threat_norm_h,hateful,120,120b,0,0
3.0,,,3,girl,เด็กผู้หญิง,hateful,กุหมั่นใส้{IDENTITY_P}ชห,derog_neg_emote_h,hateful,4,4,0,0
2.0,1.0,,1,Thai-Laos,คนลาว,hateful,ไม่รู้ตัวเหรอว่ามึงเหี้ยขนาดไหนที่ไปเรียก{IDENTITY_P}ว่าเป็นขยะ,counter_ref_nh,non-hateful,558,558,0,0
3.0,,,3,Myanmar,คนพม่า,hateful,มี{IDENTITY_P}บางคนได้เป็นรัฐบาล แม่งก็ยังเป็นแค่ขยะสำหรับกุอยู่ดี,ref_subs_sent_h,hateful,390,390,0,0
3.0,,,3,Highland Indigenous People,คนกะเหรี่ยง,hateful,กุเจอ{IDENTITY_P}มามากพอจนรู้ละว่าพวกมันแม่งเหี้ยทุกคน,ref_subs_clause_h,hateful,380,380,0,0
,3.0,,3,male,ผู้ชาย,non-hateful,พรุ่งนี้กุจะไปกอด{IDENTITY_S},ident_pos_nh,non-hateful,520,520,0,0
,3.0,,3,Malay,คนมาเล,non-hateful,เราควรเคารพ{IDENTITY_P} นะ,ident_pos_nh,non-hateful,525,525b,0,0
,3.0,,3,buddhism,คนพุทธ,non-hateful,เราควรเคารพ{IDENTITY_P} นะ,ident_pos_nh,non-hateful,525,525b,0,0
2.0,1.0,,2,Thai-Laos,คนลาว,hateful,ไอพวกอำนาจล้มมืออย่าง{IDENTITY_P}เป็นภัยต่อประเทศเรา,derog_neg_attrib_h,hateful,30,30,0,0
3.0,,,3,Cambodians,คนเขมร,hateful,ทำไมพวกมึงยังไม่เข้าใจอีกว่าพวก{IDENTITY_P}เป็นขยะสังคม,phrase_question_h,hateful,450,450,0,0
3.0,,,3,child,เด็ก,hateful,ผิดตรงไหนที่คิดว่าชีวิตของ{IDENTITY_A}ไม่มีค่า,phrase_question_h,hateful,459,459,0,0
1.0,2.0,,2,Highland Indigenous People,คนกะเหรี่ยง,non-hateful,มี{IDENTITY_P}ในคอร์สมึงป่ะ,ident_neutral_nh,non-hateful,488,488,0,0
,3.0,,3,male,ผู้ชาย,non-hateful,กุจะไม่ยอมให้มีการฆ่าล้างเผ่าพันธุ์{IDENTITY_P}ในประเทศนี้,negate_neg_nh,non-hateful,431,431,0,0
,3.0,,3,Cambodians,คนเขมร,non-hateful,"ควรโดนแบนไปเลยที่ไปบอกว่า ""{IDENTITY_P} สมควรตาย""",counter_quote_nh,non-hateful,544,544,0,0
,3.0,,3,Thai,คนไทย,non-hateful,"มึงเขียนไปดิว่า ""กุจะฆ่า{IDENTITY_S}"" แค่มึงเตรียมโดนฟ้องศาลได้เลย",counter_quote_nh,non-hateful,543,543,0,0
3.0,,,3,Cambodians,คนเขมร,hateful,ขอให้{IDENTITY_P}ตายห่าให้หมด,threat_dir_h,hateful,98,98,0,0
,3.0,,3,christianity,คนคริสต์,non-hateful,โรงเรียนกูแทบไม่มีพวก{IDENTITY_P},ident_neutral_nh,non-hateful,497,497a,0,1
,3.0,,3,gay,เกย์,non-hateful,มึงต้องรับผิดชอบคำพูดของมึงนะ ถ้ามึงพูดว่ามึงจะไปข่มขืน{IDENTITY_S},counter_ref_nh,non-hateful,562,562,0,0
,3.0,,3,Thai Isan,คนอีสาน,non-hateful,การเรียก{IDENTITY_P}ว่าเป็นแมลงสาบมันเป็นสิ่งที่แย่มากๆ นะ,counter_ref_nh,non-hateful,559,559,0,0
3.0,,,3,migrant workers,แรงงานต่างด้าว,hateful,คนไม่รู้จริงๆ เหรอว่า{IDENTITY_P}น่ารังเกียจ,phrase_question_h,hateful,445,445,0,0
3.0,,,3,Thai Isan,คนอีสาน,hateful,ก็แค่พวก{IDENTITY_P} ยิงแม่งทิ้งไปเลยดีกว่า,ref_subs_sent_h,hateful,396,396,0,0
,3.0,,3,hinduism,คนฮินดู,non-hateful,"อะไรที่ทำให้มึงพูดว่า ""{IDENTITY_P} น่ารังเกียจขนาดนี้""",counter_quote_nh,non-hateful,533,533,0,0
3.0,,,3,hinduism,คนฮินดู,hateful,ไอพวก{SLUR_P} ทำอีกแล้ว,slur_h,hateful,128,128,0,1
3.0,,,3,christianity,คนคริสต์,hateful,จากสันดานพวก{IDENTITY_P}แม่งก็เป็นได้แค่ขยะสังคมเท่านั้นแหละ,profanity_h,hateful,251,251,0,0
3.0,,,3,women,ผู้หญิง,hateful,ไอพวก{IDENTITY_P} ที่คิดว่าตัวเองเท่ากับกู กูโกรธมาก,derog_neg_emote_h,hateful,16,16,0,0
3.0,,,3,Thai-Laos,คนลาว,hateful,พวก{IDENTITY_P}นี่มันน่าขยะแขยงจริงๆ,derog_neg_attrib_h,hateful,24,24,0,0
3.0,,,3,labour workers,แรงงาน,hateful,เห็นไหมว่าเราจะดีกว่านี้ถ้าอีพวก{IDENTITY_P} ถูกกำจัดออกไป,phrase_question_h,hateful,457,457,0,0
,3.0,,3,disbabled,คนพิการ,non-hateful,ดีใจที่คนเริ่มรู้แล้วว่า{IDENTITY_P}ไม่ได้โง่เลยสักนิด,negate_neg_nh,non-hateful,426,426b,0,0
3.0,,,3,trans/ladyboy,คนแปลงเพศ,hateful,ไม่น่ามีใครเหี้ยไปกว่าพวก{IDENTITY_P}ละ,derog_neg_emote_h,hateful,12,12,0,0
,3.0,,3,Thai-Central,คนเมือง,non-hateful,"เราไม่ให้เกียรติคนที่เขียนว่า ""มี{SLUR_P}เยอะเกินในประเทศนี้""",counter_quote_nh,non-hateful,546,546,0,0
3.0,,,3,elderly,ผู้สูงอายุ,hateful,พวก{IDENTITY_P}แม่งโคตรน่ารำคาญเลยว่ะ,derog_dehum_h,hateful,57,57,0,0
3.0,,,3,disbabled,คนพิการ,hateful,พวก{IDENTITY_P}อย่างมึงเป็นเหี้ยไรมากปะ,profanity_h,hateful,242,242b,0,0
3.0,,,3,islam,คนอิสลาม,hateful,เกลียดพวก{IDENTITY_P}จนไม่รู้จะพูดยังไงดี,derog_neg_emote_h,hateful,19,19,0,0
2.0,1.0,,1,migrant workers,แรงงานต่างด้าว,hateful,ไม่รู้ตัวเหรอว่ามึงเหี้ยขนาดไหนที่ไปเรียก{IDENTITY_P}ว่าเป็นขยะ,counter_ref_nh,non-hateful,558,558,0,0
3.0,,,0,Chinese-Thai,คนไทยเชื้อสายจีน,hateful,มันมีไอ{IDENTITY_S}ในทีมฟุตบอลของกู,ident_neutral_nh,non-hateful,491,491b,0,0
3.0,,,3,male,ผู้ชาย,hateful,ไอพวก{IDENTITY_P} ที่คิดว่าตัวเองเท่ากับกู กูโกรธมาก,derog_neg_emote_h,hateful,16,16,0,0
3.0,,,3,tomboy,ทอม,hateful,กุเกลียดพวก{IDENTITY_P}มากๆ,derog_neg_emote_h,hateful,8,8,0,0
3.0,,,3,gay,เกย์,hateful,พวก{IDENTITY_P}อย่างมึงเป็นเหี้ยไรมากปะ,profanity_h,hateful,242,242b,0,0
3.0,,,3,tomboy,ทอม,hateful,พวก{IDENTITY_P}มันเป็นพวกสัตว์ชั้นต่ำ,derog_dehum_h,hateful,59,59b,0,0
3.0,,,3,gay,เกย์,hateful,{IDENTITY_P} ในประเทศนี้ทำกุหงุดหงิดชิบหายเลย,profanity_h,hateful,255,255,0,0
3.0,,,3,Thai,คนไทย,hateful,ไอ้ลิงนั้นฉลาดกว่าพวก{IDENTITY_P}รวมกันอีก,derog_impl_h,hateful,64,64,0,0
3.0,,,3,disbabled,คนพิการ,hateful,สำหรับกุแล้ว ไอพวก{IDENTITY_P}ควรไปแขวนคอ,phrase_opinion_h,hateful,476,476,0,0
3.0,,,3,gay,เกย์,hateful,ไอพวก{IDENTITY_P}ไปตายซะเถอะ,profanity_h,hateful,246,246,0,0
,3.0,,3,elderly,ผู้สูงอายุ,non-hateful,พวก{IDENTITY_P} ได้เป็นสมาชิกสภาฯ 3 คน,ident_neutral_nh,non-hateful,495,495,0,0
3.0,,,3,girl,เด็กผู้หญิง,hateful,พวก{IDENTITY_P}ไปตายซะเถอะ,profanity_h,hateful,243,243,0,0
3.0,,,3,male,ผู้ชาย,hateful,พวก{IDENTITY_P}ต้องไสหัวออกไปจากประเทศของเราให้หมด,profanity_h,hateful,245,245,0,0
3.0,,,3,boy,เด็กผู้ชาย,hateful,พวก{IDENTITY_P}มันรกโลก,derog_dehum_h,hateful,55,55,0,0
3.0,,,3,Chinese-Thai,คนไทยเชื้อสายจีน,hateful,พวก{IDENTITY_P}ต้องไสหัวออกไปจากประเทศของเราให้หมด,profanity_h,hateful,245,245,0,0
3.0,,,3,Cambodians,คนเขมร,hateful,พวกเราจะโจมตีพวก{IDENTITY_P}อย่างมึงจนกว่ามึงจะหายไป,threat_dir_h,hateful,92,92,0,0
3.0,,,3,Malay,คนมาเล,hateful,พวก{IDENTITY_P}ต้องไสหัวออกไปจากประเทศของเราให้หมด,profanity_h,hateful,245,245,0,0
3.0,,,3,Thai,คนไทย,hateful,พวก{IDENTITY_P}คงไม่กล้าขำกุ ถ้ากุเริ่มยิงใส่พวกแม่ง,ref_subs_clause_h,hateful,374,374,0,0
,3.0,,3,male,ผู้ชาย,non-hateful,ใครที่ไปแช่งว่า{IDENTITY_P}ควรตายๆ ไป สมควรโดนจับเข้าคุกให้หมด,counter_quote_nh,non-hateful,542,542,0,0
3.0,,,3,islam,คนอิสลาม,hateful,เท่าที่เรารู้อีพวก{IDENTITY_P}เป็นขยะของมนุษย์,phrase_opinion_h,hateful,469,469b,0,0
3.0,,,3,migrant workers,แรงงานต่างด้าว,hateful,ไม่น่ามีใครเหี้ยไปกว่าพวก{IDENTITY_P}ละ,derog_neg_emote_h,hateful,12,12,0,0
3.0,,,3,Myanmar,คนพม่า,hateful,อีพวก{IDENTITY_P}ไม่สมควรมีชีวิตเหมือนคนอื่น,negate_pos_h,hateful,408,408,0,0
,3.0,,3,,,non-hateful,มันก็แค่หนังฮอลลีวูดโง่ๆ ไม่เห็นจะพิเศษอะไร,target_obj_nh,non-hateful,597,597,0,0
3.0,,,3,Chinese-Thai,คนไทยเชื้อสายจีน,hateful,พวก{IDENTITY_P}คงไม่กล้าขำกุ ถ้ากุเริ่มยิงใส่พวกแม่ง,ref_subs_clause_h,hateful,374,374,0,0
2.0,1.0,,1,,,hateful,ทำไมเด็กบนเครื่องบินแม่งไม่หยุดร้องไห้สักทีวะ,profanity_nh,non-hateful,288,288,0,0
1.0,2.0,,2,Malay,คนมาเล,non-hateful,อย่ายืนเฉยดิ พวก{IDENTITY_P}กำลังโดนฆ่าอยู่,negate_neg_nh,non-hateful,440,440,0,0
3.0,,,3,hinduism,คนฮินดู,hateful,ทำไมไอพวก{IDENTITY_P}เป็นห่ากันแบบนี้หมดเลยวะ,phrase_question_h,hateful,460,460,0,0
3.0,,,3,Thai-Central,คนกรุง,hateful,อีพวก{IDENTITY_P}เป็นขยะสังคม,derog_dehum_h,hateful,48,48,0,0
3.0,,,3,buddhism,คนพุทธ,hateful,อีพวก{IDENTITY_P}โง่กันทุกคน,negate_pos_h,hateful,404,404,0,0
3.0,,,3,tomboy,ทอม,hateful,ถ้า{IDENTITY_P}หายไปจากโลกนี้ ชีวิตเราคงจะดีขึ้นเยอะ,threat_norm_h,hateful,107,107,0,0
3.0,,,3,girl,เด็กผู้หญิง,hateful,พวก{IDENTITY_P}แม่งไม่ให้เกียรติพวกเรา กุจะทำให้พวกมันรู้สำนึกบ้าง,ref_subs_sent_h,hateful,393,393,0,0
3.0,,,3,Thai-Central,คนกรุง,hateful,{IDENTITY_P} แบบมึงน่ะ ไม่ต่างอะไรกับหนูตามท่อเลย,derog_dehum_h,hateful,51,51,0,0
3.0,,,3,Cambodians,คนเขมร,hateful,อีพวก{IDENTITY_P}ไม่สมควรมีชีวิตเหมือนคนอื่น,negate_pos_h,hateful,408,408,0,0
,3.0,,3,male,ผู้ชาย,non-hateful,"ประโยคอย่าง ""อีพวก{IDENTITY_P}เป็นขยะ"" มันเจ็บใจสุดๆ",counter_quote_nh,non-hateful,537,537,0,0
3.0,,,3,Thai-Central,คนเมือง,hateful,ชีวิตอีพวก{IDENTITY_A}ไม่มีค่าเลย,negate_pos_h,hateful,410,410,0,0
3.0,,,3,women,ผู้หญิง,hateful,{IDENTITY_P} ในประเทศนี้ทำกุหงุดหงิดชิบหายเลย,profanity_h,hateful,255,255,0,0
3.0,,,3,Myanmar,คนพม่า,hateful,พวกเราจะโจมตีพวก{IDENTITY_P}อย่างมึงจนกว่ามึงจะหายไป,threat_dir_h,hateful,92,92,0,0
3.0,,,3,tomboy,ทอม,hateful,ไม่เห็นหรือไงว่าอีพวก{IDENTITY_P}มันต่ำตม,phrase_question_h,hateful,446,446,0,0
3.0,,,3,elderly,ผู้สูงอายุ,hateful,พวกเราจะโจมตีพวก{IDENTITY_P}อย่างมึงจนกว่ามึงจะหายไป,threat_dir_h,hateful,92,92,0,0
1.0,2.0,,2,elderly,ผู้สูงอายุ,non-hateful,เราไม่ควรปล่อยให้{IDENTITY_P}ต้องทนทุกข์,negate_neg_nh,non-hateful,439,439,0,0
,3.0,,3,boy,เด็กผู้ชาย,non-hateful,เราไม่ควรปล่อยให้{IDENTITY_P}ต้องทนทุกข์,negate_neg_nh,non-hateful,439,439,0,0
,3.0,,3,Thai Isan,คนอีสาน,non-hateful,กุจะไม่ยอมให้มีการฆ่าล้างเผ่าพันธุ์{IDENTITY_P}ในประเทศนี้,negate_neg_nh,non-hateful,431,431,0,0
,3.0,,3,girl,เด็กผู้หญิง,non-hateful,"เราไม่ให้เกียรติคนที่เขียนว่า ""มี{SLUR_P}เยอะเกินในประเทศนี้""",counter_quote_nh,non-hateful,546,546,0,0
2.0,1.0,,2,boy,เด็กผู้ชาย,hateful,ทน{IDENTITY_P}ไม่ไหวเลยวะ,derog_neg_emote_h,hateful,2,2a,0,0
3.0,,,3,buddhism,คนพุทธ,hateful,อีพวก{IDENTITY_P}มันน่ารำคาญจริงๆ,derog_dehum_h,hateful,50,50,0,0
3.0,,,3,hinduism,คนฮินดู,hateful,อยากให้มีคนไปหักคอไอ้พวก{IDENTITY_P}จริงๆ,phrase_opinion_h,hateful,478,478,0,0
3.0,,,3,Malay,คนมาเล,hateful,ทน{IDENTITY_P}ไม่ไหวเลยวะ,derog_neg_emote_h,hateful,2,2a,0,0
3.0,,,3,Cambodians,คนเขมร,hateful,แม่งโคตรเกลียดพวก{IDENTITY_P}ที่อยู่แถวนี้,derog_neg_emote_h,hateful,6,6,0,0
3.0,,,3,Malay,คนมาเล,hateful,ไม่น่ามีใครเหี้ยไปกว่าพวก{IDENTITY_P}ละ,derog_neg_emote_h,hateful,12,12,0,0
3.0,,,3,labour workers,แรงงาน,hateful,เจอ{IDENTITY_P}มาหลายคน กุเกลียดหมดเลย,ref_subs_clause_h,hateful,362,362,0,0
3.0,,,3,buddhism,คนพุทธ,hateful,ถ้ากุตื่นมาแล้วเป็น{IDENTITY_S} กุคงฆ่าตัวตาย,derog_impl_h,hateful,78,78,0,0
2.0,1.0,,1,Thai-Central,คนกรุง,hateful,ไม่รู้ตัวเหรอว่ามึงเหี้ยขนาดไหนที่ไปเรียก{IDENTITY_P}ว่าเป็นขยะ,counter_ref_nh,non-hateful,558,558,0,0
3.0,,,3,girl,เด็กผู้หญิง,hateful,ถ้ากุตื่นมาแล้วเป็น{IDENTITY_S} กุคงฆ่าตัวตาย,derog_impl_h,hateful,78,78,0,0
3.0,,,3,Highland Indigenous People,คนกะเหรี่ยง,hateful,งงว่าทำไมคนถึงสนใจไอพวก{IDENTITY_P},derog_impl_h,hateful,71,71,0,0
,3.0,,3,trans/ladyboy,คนแปลงเพศ,non-hateful,การที่มึงเกลียด{IDENTITY_P}นี่โคตรเข้าใจผิดเลย,counter_ref_nh,non-hateful,552,552,0,0
3.0,,,3,disbabled,คนพิการ,hateful,พวก{IDENTITY_P}ไปตายซะเถอะ,profanity_h,hateful,243,243,0,0
3.0,,,3,girl,เด็กผู้หญิง,hateful,พวก{IDENTITY_P}นี่แม่งไม่มีอะไรแย่กว่ามึงแล้วจริงๆ,ref_subs_sent_h,hateful,384,384,1,0
2.0,,1.0,2,labour workers,แรงงาน,hateful,มีแต่พวก io จาก{IDENTITY_P}เท่านั้นแหละที่คอยมาแซะรัฐบาล,derog_dehum_h,hateful,60,60b,0,0
3.0,,,3,gay,เกย์,hateful,กุต้องไปข่มขืน{IDENTITY_S}วันนี้,threat_dir_h,hateful,87,87,0,0
,3.0,,3,islam,คนอิสลาม,non-hateful,โรงเรียนกูแทบไม่มีพวก{IDENTITY_P},ident_neutral_nh,non-hateful,497,497a,0,1
3.0,,,3,labour workers,แรงงาน,hateful,{IDENTITY_P}สมควรจะอยู่ในสวนสัตว์เลย,derog_impl_h,hateful,61,61,0,0
,3.0,,3,Thai-Laos,คนลาว,non-hateful,มึงต้องรับผิดชอบคำพูดของมึงนะ ถ้ามึงพูดว่ามึงจะไปข่มขืน{IDENTITY_S},counter_ref_nh,non-hateful,562,562,0,0
3.0,,,3,Thai-Central,คนกรุง,hateful,ไอพวกอำนาจล้มมืออย่าง{IDENTITY_P}เป็นภัยต่อประเทศเรา,derog_neg_attrib_h,hateful,30,30,0,0
3.0,,,3,Highland Indigenous People,คนกะเหรี่ยง,hateful,ถ้าถามเราอ่ะนะ{IDENTITY_P}แบบมึงก็ไม่ต่างจากหนูหรอก,phrase_opinion_h,hateful,471,471,0,0
3.0,,,3,male,ผู้ชาย,hateful,มี{IDENTITY_P}บางคนได้เป็นรัฐบาล แม่งก็ยังเป็นแค่ขยะสำหรับกุอยู่ดี,ref_subs_sent_h,hateful,390,390,0,0
,3.0,,3,labour workers,แรงงาน,non-hateful,คนต้องเข้าใจว่า{IDENTITY_P}ไม่ใช่ภัยต่อสังคม,negate_neg_nh,non-hateful,425,425,0,0
3.0,,,3,women,ผู้หญิง,hateful,คงจะดีถ้ามีคนไปรัดคอพวก{IDENTITY_P}ให้ตายๆ ไป,threat_norm_h,hateful,113,113a,0,0
3.0,,,3,islam,คนอิสลาม,hateful,พวก{IDENTITY_P}ก็แบบนี้แหละ มันน่ารังเกียจชิบหาย,ref_subs_sent_h,hateful,385,385,0,0
3.0,,,3,hinduism,คนฮินดู,hateful,เกลียดไอ{IDENTITY_S}ที่สุดในโลก,derog_impl_h,hateful,79,79,0,0
2.0,1.0,,2,Thai-Central,คนกรุง,hateful,ถ้าพวก{IDENTITY_P}อย่างมึงไม่ยอมปรับตัวเข้าหาสังคม ก็สมควรโดนแบบนี้แหละ,ref_subs_clause_h,hateful,376,376,0,0
3.0,,,3,Cambodians,คนขแมร์,hateful,กุว่าชีวิตพวก{IDENTITY_A}แม่งไร้ค่า,phrase_opinion_h,hateful,481,481,0,0
1.0,2.0,,2,boy,เด็กผู้ชาย,non-hateful,การเรียก{IDENTITY_P}ว่าเป็นแมลงสาบมันเป็นสิ่งที่แย่มากๆ นะ,counter_ref_nh,non-hateful,559,559,0,0
3.0,,,3,trans/ladyboy,คนแปลงเพศ,hateful,แล้วกุผิดตรงไหนที่บอกว่า{IDENTITY_P}อย่างมึงสมควรตาย,phrase_question_h,hateful,456,456,0,0
3.0,,,3,child,เด็ก,hateful,เป็นสันดานของ{SLUR_S}ที่มีมาตั้งแต่เกิดแล้วละ,slur_h,hateful,127,127,0,0
3.0,,,3,Thai-Laos,คนลาว,hateful,พวก{IDENTITY_P}ก็แบบนี้แหละ มันน่ารังเกียจชิบหาย,ref_subs_sent_h,hateful,385,385,0,0
3.0,,,3,gay,เกย์,hateful,เจอ{IDENTITY_P}มาหลายคน กุเกลียดหมดเลย,ref_subs_clause_h,hateful,362,362,0,0
3.0,,,3,boy,เด็กผู้ชาย,hateful,กุเจอ{IDENTITY_P}มามากพอจนรู้ละว่าพวกมันแม่งเหี้ยทุกคน,ref_subs_clause_h,hateful,380,380,0,0
3.0,,,3,Malay,คนมาเล,hateful,เท่าที่เรารู้อีพวก{IDENTITY_P}เป็นขยะของมนุษย์,phrase_opinion_h,hateful,469,469b,0,0
3.0,,,3,Thai Isan,คนอีสาน,hateful,เจอ{IDENTITY_P}มาหลายคน กุเกลียดหมดเลย,ref_subs_clause_h,hateful,362,362,0,0
3.0,,,0,Highland Indigenous People,คนกะเหรี่ยง,hateful,มันมีไอ{IDENTITY_S}ในทีมฟุตบอลของกู,ident_neutral_nh,non-hateful,491,491b,0,0
3.0,,,3,islam,คนอิสลาม,hateful,ถ้า{IDENTITY_P}หายไปจากโลกนี้ ชีวิตเราคงจะดีขึ้นเยอะ,threat_norm_h,hateful,107,107,0,0
1.0,2.0,,2,disbabled,คนพิการ,non-hateful,คนต้องเข้าใจว่า{IDENTITY_P}ไม่ใช่ภัยต่อสังคม,negate_neg_nh,non-hateful,425,425,0,0
3.0,,,3,islam,คนอิสลาม,hateful,มีแต่พวก{IDENTITY_P}เท่านั้นแหละที่โง่ได้ขนาดนี้,derog_neg_attrib_h,hateful,34,34,0,0
,3.0,,3,buddhism,คนพุทธ,non-hateful,ตอนนี้เรากำลังเรียนรู้เกี่ยวกับ{IDENTITY_P}เยอะเลย,ident_neutral_nh,non-hateful,489,489,0,0
,3.0,,3,Highland Indigenous People,คนกะเหรี่ยง,non-hateful,"ควรโดนแบนไปเลยที่ไปบอกว่า ""{IDENTITY_P} สมควรตาย""",counter_quote_nh,non-hateful,544,544,0,0
3.0,,,3,Cambodians,คนเขมร,hateful,อีพวก{IDENTITY_P}แบบนั้นแม่งน่ารังเกียจ,derog_neg_attrib_h,hateful,28,28,0,0
3.0,,,3,Thai-Laos,คนลาว,hateful,อยากให้มีคนไปหักคอไอ้พวก{IDENTITY_P}จริงๆ,phrase_opinion_h,hateful,478,478,0,0
3.0,,,3,Cambodians,คนเขมร,hateful,ไม่เห็นหรือไงว่าอีพวก{IDENTITY_P}มันต่ำตม,phrase_question_h,hateful,446,446,0,0
,3.0,,3,Thai Isan,คนอีสาน,non-hateful,มึงต้องรับผิดชอบคำพูดของมึงนะ ถ้ามึงพูดว่ามึงจะไปข่มขืน{IDENTITY_S},counter_ref_nh,non-hateful,562,562,0,0
3.0,,,3,women,ผู้หญิง,hateful,ถ้า{IDENTITY_P}หายไปจากโลกนี้ ชีวิตเราคงจะดีขึ้นเยอะ,threat_norm_h,hateful,107,107,0,0
,3.0,,3,Thai,คนไทย,non-hateful,"กุจะไม่ทนกับโพสต์แบบว่า ""{IDENTITY_P} น่ารังเกียจ""เลย",counter_quote_nh,non-hateful,536,536,0,0
3.0,,,3,Malay,คนมาเล,hateful,ไอเดียที่ออกจากปาก{IDENTITY_S}น่ะ ก็เป็นเพียงความคิดห่วยแตกอันนึง,profanity_h,hateful,253,253,0,0
,3.0,,3,hinduism,คนฮินดู,non-hateful,กุรัก{IDENTITY_P}มากกกกก,ident_pos_nh,non-hateful,503,503,0,0
3.0,,,3,Thai,คนไทย,hateful,กุหมั่นใส้{IDENTITY_P}ชห,derog_neg_emote_h,hateful,4,4,0,0
3.0,,,3,christianity,คนคริสต์,hateful,ไม่มีทางที่กุจะยื่นมือไปช่วยชีวิต{IDENTITY_S}หรอกนะ,negate_pos_h,hateful,419,419,0,0
,3.0,,3,gay,เกย์,non-hateful,กุรัก{IDENTITY_P}มากกกกก,ident_pos_nh,non-hateful,503,503,0,0
,3.0,,3,Thai-Laos,คนลาว,non-hateful,พรุ่งนี้กุจะไปกอด{IDENTITY_S},ident_pos_nh,non-hateful,520,520,0,0
,3.0,,3,Myanmar,คนพม่า,non-hateful,กุอยู่กับพวก{IDENTITY_P}สองคน,ident_neutral_nh,non-hateful,483,483,0,0
3.0,,,3,hinduism,คนฮินดู,hateful,เท่าที่เรารู้อีพวก{IDENTITY_P}เป็นขยะของมนุษย์,phrase_opinion_h,hateful,469,469b,0,0
1.0,2.0,,2,trans/ladyboy,ตุ๊ด,non-hateful,ชีวิตของ{IDENTITY_A}ไม่ได้ด้อยค่าไปกว่าคนอื่นหรอก,negate_neg_nh,non-hateful,430,430,0,0
3.0,,,3,migrant workers,แรงงานต่างด้าว,hateful,เป็นสันดานของ{SLUR_S}ที่มีมาตั้งแต่เกิดแล้วละ,slur_h,hateful,127,127,0,0
3.0,,,3,hinduism,คนฮินดู,hateful,พวก{IDENTITY_P}ไม่มีทางดูดีเลย,negate_pos_h,hateful,403,403,0,0
3.0,,,3,elderly,ผู้สูงอายุ,hateful,ไม่น่ามีใครเหี้ยไปกว่าพวก{IDENTITY_P}ละ,derog_neg_emote_h,hateful,12,12,0,0
1.0,2.0,,2,islam,คนอิสลาม,non-hateful,"ประโยคอย่าง ""อีพวก{IDENTITY_P}เป็นขยะ"" มันเจ็บใจสุดๆ",counter_quote_nh,non-hateful,537,537,0,0
3.0,,,3,tomboy,ทอม,hateful,พวก{IDENTITY_P}แม่งโคตรน่ารำคาญเลยว่ะ,derog_dehum_h,hateful,57,57,0,0
,3.0,,3,Chinese-Thai,คนไทยเชื้อสายจีน,non-hateful,ถ้าจะไปด่า{IDENTITY_P}ให้ไปตาย อย่าหวังให้พวกเขาเคารพมึงเลย,counter_ref_nh,non-hateful,569,569,0,0
1.0,2.0,,2,male,ผู้ชาย,non-hateful,ไม่มี{IDENTITY_S}คนไหนสมควรโดนประหารชีวิตทั้งนั้นแหละ,negate_neg_nh,non-hateful,441,441,0,0
,3.0,,3,hinduism,คนฮินดู,non-hateful,รัก{IDENTITY_P}จังเลยยย 💖💖💖,ident_pos_nh,non-hateful,502,502,0,0
,3.0,,3,Myanmar,คนพม่า,non-hateful,กุจะไม่ยอมให้มีการฆ่าล้างเผ่าพันธุ์{IDENTITY_P}ในประเทศนี้,negate_neg_nh,non-hateful,431,431,0,0
3.0,,,3,Cambodians,คนเขมร,hateful,พวก{IDENTITY_P}เป็นสัตว์ชั้นต่ำของสังคม,derog_dehum_h,hateful,49,49,0,0
3.0,,,3,hinduism,คนฮินดู,hateful,เป็นสันดานของ{SLUR_S}ที่มีมาตั้งแต่เกิดแล้วละ,slur_h,hateful,127,127,0,0
3.0,,,3,Myanmar,คนพม่า,hateful,อยากให้มีคนไปหักคอไอ้พวก{IDENTITY_P}จริงๆ,phrase_opinion_h,hateful,478,478,0,0
3.0,,,3,boy,เด็กผู้ชาย,hateful,{IDENTITY_P}สมควรจะอยู่ในสวนสัตว์เลย,derog_impl_h,hateful,61,61,0,0
,3.0,,3,buddhism,คนพุทธ,non-hateful,"เราไม่ให้เกียรติคนที่เขียนว่า ""มี{SLUR_P}เยอะเกินในประเทศนี้""",counter_quote_nh,non-hateful,546,546,0,0
3.0,,,3,labour workers,แรงงาน,hateful,อยากเห็นอีพวก{IDENTITY_P}เจ็บปวด,threat_norm_h,hateful,103,103,0,0
,3.0,,3,gay,เกย์,non-hateful,มีแต่{IDENTITY_P}เท่านั้นแหละ ที่ใจดีและเห็นอกเห็นใจแบบนี้,ident_pos_nh,non-hateful,511,511,0,0
3.0,,,3,trans/ladyboy,คนแปลงเพศ,hateful,อีพวก{IDENTITY_P}ไม่ควรอยู่บนโลกนี้,negate_pos_h,hateful,421,421a,0,0
,3.0,,3,trans/ladyboy,คนแปลงเพศ,non-hateful,มึงจะเหมารวมว่า{IDENTITY_P}ทุกคนโง่ไม่ได้ปะวะ,counter_ref_nh,non-hateful,557,557,0,0
,3.0,,3,migrant workers,แรงงานต่างด้าว,non-hateful,กุอยู่กับพวก{IDENTITY_P}สองคน,ident_neutral_nh,non-hateful,483,483,0,1
,3.0,,3,Chinese-Thai,คนไทยเชื้อสายจีน,non-hateful,โรงเรียนกูแทบไม่มีพวก{IDENTITY_P},ident_neutral_nh,non-hateful,497,497a,0,1
3.0,,,3,Thai Isan,คนอีสาน,hateful,อีพวก{IDENTITY_P}แบบนั้นแม่งน่ารังเกียจ,derog_neg_attrib_h,hateful,28,28,0,0
3.0,,,3,migrant workers,แรงงานต่างด้าว,hateful,ให้ตายยังไงกุก็ไม่เดทกับ{IDENTITY_S}หรอก,derog_impl_h,hateful,76,76,0,0
3.0,,,3,boy,เด็กผู้ชาย,hateful,ทำไมไอพวก{IDENTITY_P}เป็นห่ากันแบบนี้หมดเลยวะ,phrase_question_h,hateful,460,460,0,0
3.0,,,3,elderly,ผู้สูงอายุ,hateful,อย่าให้{IDENTITY_S}มีชีวิตอยู่ต่อไปเลย,negate_pos_h,hateful,417,417,0,0
,3.0,,3,Chinese-Thai,คนไทยเชื้อสายจีน,non-hateful,เค้าจะทำให้{IDENTITY_P}ยิ้มให้ได้,ident_pos_nh,non-hateful,522,522,0,0
3.0,,,3,gay,เกย์,hateful,อีพวก{IDENTITY_P}แบบมึงควรรู้ว่าชีวิตมึงไร้ค่า,ref_subs_clause_h,hateful,371,371,0,0
,3.0,,3,Malay,คนมาเล,non-hateful,การที่มึงเกลียด{IDENTITY_P}นี่โคตรเข้าใจผิดเลย,counter_ref_nh,non-hateful,552,552,0,0
2.0,1.0,,1,,,hateful,มึงสกปรกชิบหาย,target_indiv_nh,non-hateful,661,661,0,0
3.0,,,3,hinduism,คนฮินดู,hateful,ไม่มีอะไรเหี้ยไปกว่าไอ{IDENTITY_S}แล้ว,derog_neg_emote_h,hateful,14,14,0,0
3.0,,,3,elderly,ผู้สูงอายุ,hateful,เกลียดไอ{IDENTITY_S}ที่สุดในโลก,derog_impl_h,hateful,79,79,0,0
1.0,2.0,,2,women,ผู้หญิง,non-hateful,คนต้องเข้าใจว่า{IDENTITY_P}ไม่ใช่ภัยต่อสังคม,negate_neg_nh,non-hateful,425,425,0,0
3.0,,,3,boy,เด็กผู้ชาย,hateful,ให้ตายยังไงกุก็ไม่เดทกับ{IDENTITY_S}หรอก,derog_impl_h,hateful,76,76,0,0
3.0,,,3,elderly,ผู้สูงอายุ,hateful,{IDENTITY_P} คงคิดว่ามันพิเศษกว่าคนอื่น กุเกลียดคนแบบนี้ชิบหาย,ref_subs_sent_h,hateful,382,382a,0,0
3.0,,,3,trans/ladyboy,คนแปลงเพศ,hateful,น่าจะมีใครไปแทงพวก{IDENTITY_P}ให้ตายๆ ไปซะที,threat_norm_h,hateful,118,118,0,0
3.0,,,3,tomboy,ทอม,hateful,พวก{IDENTITY_P}ไม่มีทางดูดีเลย,negate_pos_h,hateful,403,403,0,0
3.0,,,3,gay,เกย์,hateful,ก็พวก{IDENTITY_P}มันโง่แบบนี้เป็นปกติอยู่แล้วนิ,phrase_opinion_h,hateful,464,464,0,0
,3.0,,3,gay,เกย์,non-hateful,"ประโยคอย่าง ""อีพวก{IDENTITY_P}เป็นขยะ"" มันเจ็บใจสุดๆ",counter_quote_nh,non-hateful,537,537,0,0
3.0,,,3,trans/ladyboy,คนแปลงเพศ,hateful,มีแต่พวก{IDENTITY_P}เท่านั้นแหละที่โง่ได้ขนาดนี้,derog_neg_attrib_h,hateful,34,34,0,0
3.0,,,3,Thai,คนไทย,hateful,พวก{IDENTITY_P}อย่างมึงนี่มันน่าสมเพชจริงๆ,derog_neg_attrib_h,hateful,29,29,0,0
3.0,,,3,Thai Isan,คนอีสาน,hateful,ถ้าถามเราอ่ะนะ{IDENTITY_P}แบบมึงก็ไม่ต่างจากหนูหรอก,phrase_opinion_h,hateful,471,471,0,0
3.0,,,3,Cambodians,คนเขมร,hateful,ไม่น่ามีใครเหี้ยไปกว่าพวก{IDENTITY_P}ละ,derog_neg_emote_h,hateful,12,12,0,0
3.0,,,3,male,ผู้ชาย,hateful,อย่าให้{IDENTITY_S}มีชีวิตอยู่ต่อไปเลย,negate_pos_h,hateful,417,417,0,0
3.0,,,3,Thai-Central,คนกรุง,hateful,อีพวก{IDENTITY_P}แบบนั้นแม่งน่ารังเกียจ,derog_neg_attrib_h,hateful,28,28,0,0
3.0,,,3,tomboy,ทอม,hateful,พวก{IDENTITY_P}นี่มันน่าขยะแขยงจริงๆ,derog_neg_attrib_h,hateful,24,24,0,0
3.0,,,3,Malay,คนมาเล,hateful,หมากุยังฉลาดกว่าพวก{IDENTITY_S}ทุกตัวเลย,derog_impl_h,hateful,63,63,0,0
3.0,,,3,islam,คนอิสลาม,hateful,ไอพวก{IDENTITY_P}แบบมึงไม่คู่ควรจะอยู่ต่อไป,threat_norm_h,hateful,102,102,0,0
1.0,2.0,,2,Cambodians,คนเขมร,non-hateful,ไม่มี{IDENTITY_S}คนไหนสมควรโดนประหารชีวิตทั้งนั้นแหละ,negate_neg_nh,non-hateful,441,441,0,0
3.0,,,3,christianity,คนคริสต์,hateful,ถ้าถามเราอ่ะนะ{IDENTITY_P}แบบมึงก็ไม่ต่างจากหนูหรอก,phrase_opinion_h,hateful,471,471,0,0
3.0,,,3,Cambodians,คนเขมร,hateful,เกลียดพวก{IDENTITY_P}จนไม่รู้จะพูดยังไงดี,derog_neg_emote_h,hateful,19,19,0,0
3.0,,,3,Chinese-Thai,คนไทยเชื้อสายจีน,hateful,พวก{IDENTITY_P}ไม่มีทางดูดีเลย,negate_pos_h,hateful,403,403,0,0
3.0,,,3,Cambodians,คนเขมร,hateful,พวก{IDENTITY_P}อย่างมึงนี่มันน่าสมเพชจริงๆ,derog_neg_attrib_h,hateful,29,29,0,0
3.0,,,3,Myanmar,คนพม่า,hateful,อีพวก{IDENTITY_P}สกปรกในสายตาเรา,phrase_opinion_h,hateful,466,466,0,0
3.0,,,3,hinduism,คนฮินดู,hateful,เกลียดพวก{IDENTITY_P}จนไม่รู้จะพูดยังไงดี,derog_neg_emote_h,hateful,19,19,0,0
3.0,,,3,elderly,ผู้สูงอายุ,hateful,มันเป็นสันดานของอีพวก{IDENTITY_P}ที่จะไม่มีวันเจริญ,derog_neg_attrib_h,hateful,32,32,0,0
1.0,2.0,,2,christianity,คนคริสต์,non-hateful,เราไม่ได้เกลียดพวก{IDENTITY_P},negate_neg_nh,non-hateful,423,423,0,0
3.0,,,3,Myanmar,คนพม่า,hateful,ถ้ากุตื่นมาแล้วเป็น{IDENTITY_S} กุคงฆ่าตัวตาย,derog_impl_h,hateful,78,78,0,0
3.0,,,3,tomboy,ทอม,hateful,เห็นไหมว่าเราจะดีกว่านี้ถ้าอีพวก{IDENTITY_P} ถูกกำจัดออกไป,phrase_question_h,hateful,457,457,0,0
3.0,,,3,buddhism,คนพุทธ,hateful,อีพวก{IDENTITY_P}สกปรกในสายตาเรา,phrase_opinion_h,hateful,466,466,0,0
3.0,,,3,gay,เกย์,hateful,ไม่เข้าใจเลยว่าทำไมถึงชอบ{IDENTITY_P}ทุกอย่างทั้งหมดเกี่ยวกับมันน่าขยะแขยงสุดๆ อ่ะ,ref_subs_sent_h,hateful,383,383,0,0
2.0,1.0,,2,boy,เด็กผู้ชาย,hateful,พวกมันก็แค่{SLUR_P},slur_h,hateful,125,125,0,0
3.0,,,3,Thai-Laos,คนลาว,hateful,มี{IDENTITY_P}บางคนได้เป็นรัฐบาล แม่งก็ยังเป็นแค่ขยะสำหรับกุอยู่ดี,ref_subs_sent_h,hateful,390,390,0,0
3.0,,,3,boy,เด็กผู้ชาย,hateful,เกลียดไอ{IDENTITY_S}ที่สุดในโลก,derog_impl_h,hateful,79,79,0,0
3.0,,,3,buddhism,คนพุทธ,hateful,ไอ้พวก{IDENTITY_P}ที่กล้าเถียงกุ กุอยากจะฆ่ามันให้ตาย,ref_subs_clause_h,hateful,372,372,0,0
3.0,,,3,elderly,ผู้สูงอายุ,hateful,{IDENTITY_P} ในประเทศนี้ทำกุหงุดหงิดชิบหายเลย,profanity_h,hateful,255,255,0,0
1.0,2.0,,2,migrant workers,แรงงานต่างด้าว,non-hateful,มากกว่าครึ่งที่เป็น{IDENTITY_P},ident_neutral_nh,non-hateful,494,494,0,1
3.0,,,3,Thai-Central,คนกรุง,hateful,อีพวก{IDENTITY_P}ไม่สมควรมีชีวิตเหมือนคนอื่น,negate_pos_h,hateful,408,408,0,0
3.0,,,3,Highland Indigenous People,คนกะเหรี่ยง,hateful,ไม่มีทางที่กุจะยื่นมือไปช่วยชีวิต{IDENTITY_S}หรอกนะ,negate_pos_h,hateful,419,419,0,0
3.0,,,3,elderly,ผู้สูงอายุ,hateful,ทุก{IDENTITY_P}น่ารังเกียจ,derog_neg_attrib_h,hateful,22,22a,2,0
3.0,,,3,Thai-Central,คนเมือง,hateful,ทำไมคนไม่รู้สึกว่าชีวิตของพวก{IDENTITY_A}มันไม่มีค่าเลยวะ,phrase_question_h,hateful,451,451a,0,0
,3.0,,3,male,ผู้ชาย,non-hateful,อย่ายืนเฉยดิ พวก{IDENTITY_P}กำลังโดนฆ่าอยู่,negate_neg_nh,non-hateful,440,440,0,0
,3.0,,3,Chinese-Thai,คนไทยเชื้อสายจีน,non-hateful,"มึงเขียนไปดิว่า ""กุจะฆ่า{IDENTITY_S}"" แค่มึงเตรียมโดนฟ้องศาลได้เลย",counter_quote_nh,non-hateful,543,543,0,0
3.0,,,3,tomboy,ทอม,hateful,เราไม่กินอาหารที่กับอิพวก{IDENTITY_S}จับเด็ดขาด,derog_impl_h,hateful,66,66a,1,0
3.0,,,3,male,ผู้ชาย,hateful,อีพวก{IDENTITY_P}ไม่เหมือนเราเลย มันต้องตาย,ref_subs_clause_h,hateful,375,375,0,0
3.0,,,3,Cambodians,คนขแมร์,hateful,มึงก็แค่{SLUR_S}ในสายตากู,slur_h,hateful,122,122,0,1
3.0,,,3,trans/ladyboy,คนแปลงเพศ,hateful,ไม่เข้าใจเลยว่าทำไมถึงชอบ{IDENTITY_P}ทุกอย่างทั้งหมดเกี่ยวกับมันน่าขยะแขยงสุดๆ อ่ะ,ref_subs_sent_h,hateful,383,383,0,0
1.0,2.0,,2,,,non-hateful,กุจะฆ่ามันให้ตาย,target_indiv_nh,non-hateful,669,669,0,0
3.0,,,3,migrant workers,แรงงานต่างด้าว,hateful,ไม่มีอะไรเหี้ยไปกว่าไอ{IDENTITY_S}แล้ว,derog_neg_emote_h,hateful,14,14,0,0
,3.0,,3,islam,คนอิสลาม,non-hateful,"เราไม่ให้เกียรติคนที่เขียนว่า ""มี{SLUR_P}เยอะเกินในประเทศนี้""",counter_quote_nh,non-hateful,546,546,0,0
3.0,,,3,labour workers,แรงงาน,hateful,มันเป็นสันดานของไอพวก{IDENTITY_S}ที่น่ารำคาญและเหี้ย,profanity_h,hateful,259,259,0,0
,3.0,,3,hinduism,คนฮินดู,non-hateful,"ใครที่ส่งข้อความมาให้กุว่า ""มึงมันก็แค่{SLUR_S}สำหรับกุ"" กุจะบล็อกให้หมด",counter_quote_nh,non-hateful,547,547,0,0
,3.0,,3,gay,เกย์,non-hateful,"การที่มึงบอกว่า ""{IDENTITY_P} แม่งเป็นพวกขยะ"" มันแสดงถึงตัวมึงเองนะเว้ย",counter_quote_nh,non-hateful,551,551,0,0
,3.0,,3,disbabled,คนพิการ,non-hateful,"ทำไมถึงพูด ""{IDENTITY_P} น่ารังเกียจ"" แล้วไม่รู้ว่ามันไม่ดีนี่นะ",counter_quote_nh,non-hateful,535,535,0,0
3.0,,,3,Myanmar,คนพม่า,hateful,อีพวก{IDENTITY_P}แบบมึงควรรู้ว่าชีวิตมึงไร้ค่า,ref_subs_clause_h,hateful,371,371,0,0
1.0,2.0,,2,Thai-Central,คนกรุง,non-hateful,เราไม่ควรปล่อยให้{IDENTITY_P}ต้องทนทุกข์,negate_neg_nh,non-hateful,439,439,0,0
,3.0,,3,Thai-Laos,คนลาว,non-hateful,ใครที่ไปแช่งว่า{IDENTITY_P}ควรตายๆ ไป สมควรโดนจับเข้าคุกให้หมด,counter_quote_nh,non-hateful,542,542,0,0
3.0,,,3,Cambodians,คนเขมร,hateful,ควรเป็นเรื่องถูกกฎหมายที่จะฆ่า{IDENTITY_S}อย่างเช่นมึง,threat_norm_h,hateful,111,111a,0,0
3.0,,,3,Thai-Laos,คนลาว,hateful,เป็นธรรมดาของ{IDENTITY_S}ที่จะเหี้ยแบบนี้,profanity_h,hateful,252,252,0,0
3.0,,,3,Myanmar,คนพม่า,hateful,ไอพวก{IDENTITY_P}ไม่ควรมีที่ยืนในประเทศที่เจริญแล้วแบบนี้,derog_impl_h,hateful,80,80,0,0
3.0,,,3,islam,คนอิสลาม,hateful,อีพวก{IDENTITY_P}มันน่ารำคาญจริงๆ,derog_dehum_h,hateful,50,50,0,0
3.0,,,3,girl,เด็กผู้หญิง,hateful,ไอเดียที่ออกจากปาก{IDENTITY_S}น่ะ ก็เป็นเพียงความคิดห่วยแตกอันนึง,profanity_h,hateful,253,253,0,0
3.0,,,3,islam,คนอิสลาม,hateful,งงว่าทำไมคนถึงสนใจไอพวก{IDENTITY_P},derog_impl_h,hateful,71,71,0,0
3.0,,,3,Malay,คนมาเล,hateful,ไม่เข้าใจเลยว่าทำไมถึงชอบ{IDENTITY_P}ทุกอย่างทั้งหมดเกี่ยวกับมันน่าขยะแขยงสุดๆ อ่ะ,ref_subs_sent_h,hateful,383,383,0,0
,3.0,,3,elderly,ผู้สูงอายุ,non-hateful,มึงต้องรับผิดชอบคำพูดของมึงนะ ถ้ามึงพูดว่ามึงจะไปข่มขืน{IDENTITY_S},counter_ref_nh,non-hateful,562,562,0,0
3.0,,,3,islam,คนอิสลาม,hateful,อยากให้มีคนไปหักคอไอ้พวก{IDENTITY_P}จริงๆ,phrase_opinion_h,hateful,478,478,0,0
,3.0,,0,boy,เด็กผู้ชาย,non-hateful,การลงโทษด้วยการเผาทั้งเป็นกับ{IDENTITY_P}มันรุนแรงเกินไป,threat_norm_h,hateful,120,120b,0,0
3.0,,,3,Myanmar,คนพม่า,hateful,แล้วกุผิดตรงไหนที่บอกว่า{IDENTITY_P}อย่างมึงสมควรตาย,phrase_question_h,hateful,456,456,0,0
3.0,,,3,buddhism,คนพุทธ,hateful,ก็แค่พวก{IDENTITY_P} ยิงแม่งทิ้งไปเลยดีกว่า,ref_subs_sent_h,hateful,396,396,0,0
3.0,,,3,tomboy,ทอม,hateful,ควรให้คนไปจัดการกับไอพวก{IDENTITY_P}ให้หมด,threat_norm_h,hateful,119,119,0,0
3.0,,,3,disbabled,คนพิการ,hateful,ก็แค่พวก{IDENTITY_P} ยิงแม่งทิ้งไปเลยดีกว่า,ref_subs_sent_h,hateful,396,396,0,0
1.0,2.0,,2,labour workers,แรงงาน,non-hateful,ดีใจที่คนเริ่มรู้แล้วว่า{IDENTITY_P}ไม่ได้โง่เลยสักนิด,negate_neg_nh,non-hateful,426,426b,0,0
3.0,,,3,Thai Isan,คนอีสาน,hateful,ก็พวก{IDENTITY_P}มันโง่แบบนี้เป็นปกติอยู่แล้วนิ,phrase_opinion_h,hateful,464,464,0,0
,3.0,,3,Highland Indigenous People,คนกะเหรี่ยง,non-hateful,ตอนนี้เรากำลังเรียนรู้เกี่ยวกับ{IDENTITY_P}เยอะเลย,ident_neutral_nh,non-hateful,489,489,0,0
,3.0,,3,Chinese-Thai,คนไทยเชื้อสายจีน,non-hateful,พรุ่งนี้กุจะไปช่วย{IDENTITY_S},ident_pos_nh,non-hateful,523,523,0,0
3.0,,,3,Thai,คนไทย,hateful,ให้ตายยังไงกุก็ไม่เดทกับ{IDENTITY_S}หรอก,derog_impl_h,hateful,76,76,0,0
3.0,,,3,Cambodians,คนเขมร,hateful,อยากเห็นอีพวก{IDENTITY_P}เจ็บปวด,threat_norm_h,hateful,103,103,0,0
3.0,,,3,migrant workers,แรงงานต่างด้าว,hateful,ไอ้พวก{IDENTITY_P}ที่กล้าเถียงกุ กุอยากจะฆ่ามันให้ตาย,ref_subs_clause_h,hateful,372,372,0,0
,3.0,,3,elderly,ผู้สูงอายุ,non-hateful,"อะไรที่ทำให้มึงพูดว่า ""{IDENTITY_P} น่ารังเกียจขนาดนี้""",counter_quote_nh,non-hateful,533,533,0,0
3.0,,,3,women,ผู้หญิง,hateful,อีพวก{IDENTITY_P}โง่กันทุกคน,negate_pos_h,hateful,404,404,0,0
3.0,,,3,labour workers,แรงงาน,hateful,{IDENTITY_P} คงคิดว่ามันพิเศษกว่าคนอื่น กุเกลียดคนแบบนี้ชิบหาย,ref_subs_sent_h,hateful,382,382a,0,0
3.0,,,3,Thai-Central,คนกรุง,hateful,มีแต่พวก{IDENTITY_P}เท่านั้นแหละที่โง่ได้ขนาดนี้,derog_neg_attrib_h,hateful,34,34,0,0
,3.0,,3,Chinese-Thai,คนไทยเชื้อสายจีน,non-hateful,มากกว่าครึ่งที่เป็น{IDENTITY_P},ident_neutral_nh,non-hateful,494,494,0,1
3.0,,,3,women,ผู้หญิง,hateful,{IDENTITY_P}สมควรจะอยู่ในสวนสัตว์เลย,derog_impl_h,hateful,61,61,0,0
3.0,,,3,Malay,คนมาเล,hateful,พวก{IDENTITY_P}ไปตายซะเถอะ,profanity_h,hateful,243,243,0,0
3.0,,,3,Thai Isan,คนอีสาน,hateful,อีพวก{IDENTITY_P}ที่ป่วยควรถูกพาไปหาหมอรักษาสัตว์นะ หมอรักษาคนไม่เหมาะกับพวกมัน,derog_impl_h,hateful,62,62,0,0
3.0,,,3,Thai,คนไทย,hateful,พวกมึงกับ{IDENTITY_P}ทั้งหมดคือโรคร้ายของสังคมเลยละ,derog_dehum_h,hateful,58,58,0,0
,3.0,,3,tomboy,ทอม,non-hateful,มีแต่{IDENTITY_P}เท่านั้นแหละ ที่ใจดีและเห็นอกเห็นใจแบบนี้,ident_pos_nh,non-hateful,511,511,0,0
3.0,,,3,Thai-Laos,คนลาว,hateful,ไอ้ลิงนั้นฉลาดกว่าพวก{IDENTITY_P}รวมกันอีก,derog_impl_h,hateful,64,64,0,0
3.0,,,3,Thai Isan,คนอีสาน,hateful,พวก{IDENTITY_P}อย่างมึงนี่มันน่าสมเพชจริงๆ,derog_neg_attrib_h,hateful,29,29,0,0
3.0,,,3,islam,คนอิสลาม,hateful,สำหรับกุแล้ว ไอพวก{IDENTITY_P}ควรไปแขวนคอ,phrase_opinion_h,hateful,476,476,0,0
3.0,,,3,christianity,คนคริสต์,hateful,อีพวก{IDENTITY_P}มันน่ารำคาญจริงๆ,derog_dehum_h,hateful,50,50,0,0
3.0,,,3,trans/ladyboy,คนแปลงเพศ,hateful,เห็นไหมว่าเราจะดีกว่านี้ถ้าอีพวก{IDENTITY_P} ถูกกำจัดออกไป,phrase_question_h,hateful,457,457,0,0
3.0,,,3,elderly,ผู้สูงอายุ,hateful,ถ้ากุตื่นมาแล้วเป็น{IDENTITY_S} กุคงฆ่าตัวตาย,derog_impl_h,hateful,78,78,0,0
3.0,,,3,islam,คนอิสลาม,hateful,กูจะทำร้ายพวก{IDENTITY_P}แบบมึง,threat_dir_h,hateful,88,88,0,0
3.0,,,3,hinduism,คนฮินดู,hateful,อีพวก{IDENTITY_P} เหี้ยทั้งนั้น,ref_subs_sent_h,hateful,400,400,0,0
1.0,2.0,,2,elderly,ผู้สูงอายุ,non-hateful,ใครที่ไปแช่งว่า{IDENTITY_P}ควรตายๆ ไป สมควรโดนจับเข้าคุกให้หมด,counter_quote_nh,non-hateful,542,542,0,0
3.0,,,3,Myanmar,คนพม่า,hateful,ให้ตายยังไงกุก็ไม่เดทกับ{IDENTITY_S}หรอก,derog_impl_h,hateful,76,76,0,0
3.0,,,3,boy,เด็กผู้ชาย,hateful,พวกมึงกับ{IDENTITY_P}ทั้งหมดคือโรคร้ายของสังคมเลยละ,derog_dehum_h,hateful,58,58,0,0
3.0,,,3,Myanmar,คนพม่า,hateful,สำหรับกุแล้ว ไอพวก{IDENTITY_P}ควรไปแขวนคอ,phrase_opinion_h,hateful,476,476,0,0
3.0,,,3,gay,เกย์,hateful,อยากให้มีคนไปหักคอไอ้พวก{IDENTITY_P}จริงๆ,phrase_opinion_h,hateful,478,478,0,0
,3.0,,3,women,ผู้หญิง,non-hateful,การเรียก{IDENTITY_P}ว่าเป็นแมลงสาบมันเป็นสิ่งที่แย่มากๆ นะ,counter_ref_nh,non-hateful,559,559,0,0
1.0,2.0,,2,hinduism,คนฮินดู,non-hateful,โรงเรียนกูแทบไม่มีพวก{IDENTITY_P},ident_neutral_nh,non-hateful,497,497a,0,1
,3.0,,3,buddhism,คนพุทธ,non-hateful,ใครที่ไปแช่งว่า{IDENTITY_P}ควรตายๆ ไป สมควรโดนจับเข้าคุกให้หมด,counter_quote_nh,non-hateful,542,542,0,0
3.0,,,3,girl,เด็กผู้หญิง,hateful,พวก{IDENTITY_P}ต้องไสหัวออกไปจากประเทศของเราให้หมด,profanity_h,hateful,245,245,0,0
3.0,,,3,elderly,ผู้สูงอายุ,hateful,ไอสัด {IDENTITY_S}จะต้องตายด้วยความทรมาณจากมือของกุ,threat_dir_h,hateful,100,100,0,0
,3.0,,3,Malay,คนมาเล,non-hateful,"การที่มึงบอกว่า ""{IDENTITY_P} แม่งเป็นพวกขยะ"" มันแสดงถึงตัวมึงเองนะเว้ย",counter_quote_nh,non-hateful,551,551,0,0
3.0,,,3,tomboy,ทอม,hateful,กุไม่ได้มีปัญหาอะไรกับพวก{IDENTITY_P}หรอก แต่ส่วนมากพวกมันน่ารังเกียจชิบหาย,ref_subs_clause_h,hateful,365,365,0,0
3.0,,,3,Malay,คนมาเล,hateful,คนไม่รู้จริงๆ เหรอว่า{IDENTITY_P}น่ารังเกียจ,phrase_question_h,hateful,445,445,0,0
3.0,,,3,hinduism,คนฮินดู,hateful,อีพวก{IDENTITY_P}ที่ป่วยควรถูกพาไปหาหมอรักษาสัตว์นะ หมอรักษาคนไม่เหมาะกับพวกมัน,derog_impl_h,hateful,62,62,0,0
3.0,,,3,disbabled,คนพิการ,hateful,อย่าให้{IDENTITY_S}มีชีวิตอยู่ต่อไปเลย,negate_pos_h,hateful,417,417,0,0
2.0,1.0,,1,,,hateful,มึงแม่งน่าสมเพช,target_indiv_nh,non-hateful,653,653,0,0
3.0,,,3,girl,เด็กผู้หญิง,hateful,ไอ้พวก{IDENTITY_P}ที่กล้าเถียงกุ กุอยากจะฆ่ามันให้ตาย,ref_subs_clause_h,hateful,372,372,0,0
3.0,,,3,Thai,คนไทย,hateful,ทน{IDENTITY_P}ไม่ไหวเลยวะ,derog_neg_emote_h,hateful,2,2a,0,0
3.0,,,3,boy,เด็กผู้ชาย,hateful,อีพวก{IDENTITY_P}แบบมึงควรรู้ว่าชีวิตมึงไร้ค่า,ref_subs_clause_h,hateful,371,371,0,0
3.0,,,3,Thai Isan,คนอีสาน,hateful,กุต้องไปข่มขืน{IDENTITY_S}วันนี้,threat_dir_h,hateful,87,87,0,0
3.0,,,3,boy,เด็กผู้ชาย,hateful,{IDENTITY_P} พวกนี้มันเข้ากับสังคมไม่ได้หรอก ควรโดนประหารให้หมด,ref_subs_sent_h,hateful,397,397,0,0
3.0,,,3,islam,คนอิสลาม,hateful,พวก{IDENTITY_P}มันรกโลก,derog_dehum_h,hateful,55,55,0,0
,3.0,,3,tomboy,ทอม,non-hateful,นี่เป็นครั้งแรกที่{IDENTITY_S}ถูกเสนอชื่อขึ้นมา,ident_neutral_nh,non-hateful,493,493,0,0
,3.0,,3,child,เด็ก,non-hateful,"เราไม่ให้เกียรติคนที่เขียนว่า ""มี{SLUR_P}เยอะเกินในประเทศนี้""",counter_quote_nh,non-hateful,546,546,0,0
3.0,,,3,tomboy,ทอม,hateful,พวก{IDENTITY_P}อย่างมึงเป็นเหี้ยไรมากปะ,profanity_h,hateful,242,242b,0,0
3.0,,,3,Highland Indigenous People,คนกะเหรี่ยง,hateful,พวก{IDENTITY_P}ต้องไสหัวออกไปจากประเทศของเราให้หมด,profanity_h,hateful,245,245,0,0
3.0,,,3,hinduism,คนฮินดู,hateful,อีพวก{IDENTITY_P}ไม่เหมือนเราเลย มันต้องตาย,ref_subs_clause_h,hateful,375,375,0,0
2.0,,1.0,2,women,ผู้หญิง,hateful,พวก{IDENTITY_P}นี่แม่งไม่มีอะไรแย่กว่ามึงแล้วจริงๆ,ref_subs_sent_h,hateful,384,384,0,0
3.0,,,3,buddhism,คนพุทธ,hateful,มันเป็นสันดานของไอพวก{IDENTITY_S}ที่น่ารำคาญและเหี้ย,profanity_h,hateful,259,259,0,0
,3.0,,3,buddhism,คนพุทธ,non-hateful,มึงต้องรับผิดชอบคำพูดของมึงนะ ถ้ามึงพูดว่ามึงจะไปข่มขืน{IDENTITY_S},counter_ref_nh,non-hateful,562,562,0,0
3.0,,,3,Thai,คนไทย,hateful,เกลียดไอ{IDENTITY_S}ที่สุดในโลก,derog_impl_h,hateful,79,79,0,0
,3.0,,3,women,ผู้หญิง,non-hateful,นี่เป็นครั้งแรกที่{IDENTITY_S}ถูกเสนอชื่อขึ้นมา,ident_neutral_nh,non-hateful,493,493,0,0
1.0,2.0,,2,male,นาย,non-hateful,รู้สึกไม่ดีที่เห็นคนพวกนั้นไปด้อยค่าชีวิต{IDENTITY_A},counter_ref_nh,non-hateful,560,560,0,0
,3.0,,3,Thai-Central,คนกรุง,non-hateful,โรงเรียนกูแทบไม่มีพวก{IDENTITY_P},ident_neutral_nh,non-hateful,497,497a,0,1
,3.0,,3,Thai Isan,คนอีสาน,non-hateful,ดีใจที่คนเริ่มรู้แล้วว่า{IDENTITY_P}ไม่ได้โง่เลยสักนิด,negate_neg_nh,non-hateful,426,426b,0,0
3.0,,,3,Highland Indigenous People,คนกะเหรี่ยง,hateful,อีพวก{IDENTITY_P}สกปรกในสายตาเรา,phrase_opinion_h,hateful,466,466,0,0
3.0,,,3,male,ผู้ชาย,hateful,สำหรับกุแล้ว ไอพวก{IDENTITY_P}ควรไปแขวนคอ,phrase_opinion_h,hateful,476,476,0,0
3.0,,,3,Cambodians,คนเขมร,hateful,ในโลกที่ยุติธรรม อีพวก{IDENTITY_P}อย่างมึงควรตายห่าให้หมด,threat_norm_h,hateful,114,114,0,0
3.0,,,3,male,ผู้ชาย,hateful,ก็แค่พวก{IDENTITY_P} ยิงแม่งทิ้งไปเลยดีกว่า,ref_subs_sent_h,hateful,396,396,0,0
2.0,1.0,,1,Highland Indigenous People,คนกะเหรี่ยง,hateful,ทำไมคิดว่ามันโอเคที่จะเรียกกุว่า{SLUR_S},counter_ref_nh,non-hateful,568,568,0,0
3.0,,,3,Myanmar,คนพม่า,hateful,อีพวก{IDENTITY_P}แบบนั้นแม่งน่ารังเกียจ,derog_neg_attrib_h,hateful,28,28,0,0
3.0,,,3,girl,เด็กผู้หญิง,hateful,อีพวก{IDENTITY_P}เป็นขยะสังคม,derog_dehum_h,hateful,48,48,0,0
3.0,,,3,Cambodians,คนเขมร,hateful,อีพวก{IDENTITY_P}มันน่ารำคาญจริงๆ,derog_dehum_h,hateful,50,50,0,0
3.0,,,3,migrant workers,แรงงานต่างด้าว,hateful,ไม่แปลกหรอกที่ไอเดียมันห่วยแตก ก็มันมาจาก{IDENTITY_S}นี่หว่า,ref_subs_sent_h,hateful,399,399,0,0
1.0,2.0,,2,Malay,คนมาเลย์,non-hateful,มันไม่โอเคเลยที่จะเรียกคนว่า{SLUR_S},counter_ref_nh,non-hateful,566,566,0,0
3.0,,,3,girl,เด็กผู้หญิง,hateful,{IDENTITY_P} พวกนี้ควรจะถูกประหารให้สิ้นซากไป,threat_norm_h,hateful,112,112a,0,0
3.0,,,3,gay,เกย์,hateful,อีพวก{IDENTITY_P}มันน่ารำคาญจริงๆ,derog_dehum_h,hateful,50,50,0,0
3.0,,,3,Thai-Central,คนกรุง,hateful,น่าจะมีใครไปแทงพวก{IDENTITY_P}ให้ตายๆ ไปซะที,threat_norm_h,hateful,118,118,0,0
3.0,,,3,Thai,คนไทย,hateful,พวก{IDENTITY_P}ไม่มีทางดูดีเลย,negate_pos_h,hateful,403,403,0,0
3.0,,,3,tomboy,ทอม,hateful,พวก{IDENTITY_P}มันรกโลก,derog_dehum_h,hateful,55,55,0,0
3.0,,,3,christianity,คนคริสต์,hateful,สำหรับกุแล้ว ไอพวก{IDENTITY_P}ควรไปแขวนคอ,phrase_opinion_h,hateful,476,476,0,0
2.0,1.0,,1,male,นาย,hateful,ชีวิตของ{IDENTITY_A}ไม่ได้ด้อยค่าไปกว่าคนอื่นหรอก,negate_neg_nh,non-hateful,430,430,0,0
2.0,1.0,,2,gay,เกย์,hateful,กุคงโอเคกับ{IDENTITY_P} ถ้าพวกมันไม่เหี้ยขนาดนี้,ref_subs_clause_h,hateful,381,381,0,0
3.0,,,3,girl,เด็กผู้หญิง,hateful,ควรเป็นเรื่องถูกกฎหมายที่จะฆ่า{IDENTITY_S}อย่างเช่นมึง,threat_norm_h,hateful,111,111a,0,0
3.0,,,3,Myanmar,คนพม่า,hateful,เจอ{IDENTITY_P}มาหลายคน กุเกลียดหมดเลย,ref_subs_clause_h,hateful,362,362,0,0
3.0,,,3,islam,คนอิสลาม,hateful,แล้วกุผิดตรงไหนที่บอกว่า{IDENTITY_P}อย่างมึงสมควรตาย,phrase_question_h,hateful,456,456,0,0
3.0,,,3,Thai,คนไทย,hateful,{IDENTITY_P} แบบมึงน่ะ ไม่ต่างอะไรกับหนูตามท่อเลย,derog_dehum_h,hateful,51,51,0,0
3.0,,,3,boy,เด็กผู้ชาย,hateful,ควรให้คนไปจัดการกับไอพวก{IDENTITY_P}ให้หมด,threat_norm_h,hateful,119,119,0,0
3.0,,,3,Cambodians,คนเขมร,hateful,สำหรับกุแล้ว ไอพวก{IDENTITY_P}ควรไปแขวนคอ,phrase_opinion_h,hateful,476,476,0,0
3.0,,,3,Chinese-Thai,คนไทยเชื้อสายจีน,hateful,{IDENTITY_P} ในประเทศนี้ทำกุหงุดหงิดชิบหายเลย,profanity_h,hateful,255,255,0,0
3.0,,,3,buddhism,คนพุทธ,hateful,พวก{IDENTITY_P}อย่างมึงเป็นเหี้ยไรมากปะ,profanity_h,hateful,242,242b,0,0
1.0,2.0,,2,,,non-hateful,มึงทำให้กุอยากอ้วก,target_indiv_nh,non-hateful,645,645,0,0
3.0,,,3,Thai-Central,คนกรุง,hateful,อย่าให้{IDENTITY_S}มีชีวิตอยู่ต่อไปเลย,negate_pos_h,hateful,417,417,0,0
,3.0,,3,boy,เด็กผู้ชาย,non-hateful,มึงต้องรับผิดชอบคำพูดของมึงนะ ถ้ามึงพูดว่ามึงจะไปข่มขืน{IDENTITY_S},counter_ref_nh,non-hateful,562,562,0,0
,3.0,,3,buddhism,คนพุทธ,non-hateful,เค้าจะทำให้{IDENTITY_P}ยิ้มให้ได้,ident_pos_nh,non-hateful,522,522,0,0
3.0,,,3,elderly,ผู้สูงอายุ,hateful,ชีวิตพวก{IDENTITY_P}แม่งไม่มีค่าอะไรสำหรับกุเลย,ref_subs_clause_h,hateful,379,379,0,0
3.0,,,3,Cambodians,คนเขมร,hateful,อีพวก{IDENTITY_P}เป็นขยะสังคม,derog_dehum_h,hateful,48,48,0,0
3.0,,,3,disbabled,คนพิการ,hateful,ขอให้{IDENTITY_P}ตายห่าให้หมด,threat_dir_h,hateful,98,98,0,0
3.0,,,3,labour workers,แรงงาน,hateful,พวก{IDENTITY_P}มันเป็นพวกสัตว์ชั้นต่ำ,derog_dehum_h,hateful,59,59b,0,0
3.0,,,3,elderly,ผู้สูงอายุ,hateful,มีแต่พวก{IDENTITY_P}เท่านั้นแหละที่โง่ได้ขนาดนี้,derog_neg_attrib_h,hateful,34,34,0,0
3.0,,,3,Highland Indigenous People,คนกะเหรี่ยง,hateful,สำหรับกูแล้ว ไอ้พวก{IDENTITY_P}ก็ไปตายซะเถอะ,phrase_opinion_h,hateful,480,480,0,0
3.0,,,3,migrant workers,แรงงานต่างด้าว,hateful,กำจัด{IDENTITY_P}ให้สิ้นซากไปเลยดีกว่า,threat_dir_h,hateful,95,95,0,0
1.0,2.0,,2,Thai,คนไทย,non-hateful,นี่เป็นครั้งแรกที่{IDENTITY_S}ถูกเสนอชื่อขึ้นมา,ident_neutral_nh,non-hateful,493,493,0,0
3.0,,,3,Highland Indigenous People,คนกะเหรี่ยง,hateful,อีพวก{IDENTITY_P}มันโง่เง่ากันทุกคนเลย,derog_neg_attrib_h,hateful,40,40,0,0
3.0,,,3,trans/ladyboy,คนแปลงเพศ,hateful,ไอสัด {IDENTITY_S}จะต้องตายด้วยความทรมาณจากมือของกุ,threat_dir_h,hateful,100,100,0,0
,3.0,,3,labour workers,แรงงาน,non-hateful,"กุจะไม่ทนกับโพสต์แบบว่า ""{IDENTITY_P} น่ารังเกียจ""เลย",counter_quote_nh,non-hateful,536,536,0,0
3.0,,,3,disbabled,คนพิการ,hateful,อีพวก{IDENTITY_P} เหี้ยทั้งนั้น,ref_subs_sent_h,hateful,400,400,0,0
3.0,,,3,Cambodians,คนขแมร์,hateful,ชีวิต{IDENTITY_A}มันไร้ค่า ไม่ต้องไปปกป้องหรอก,negate_pos_h,hateful,409,409,0,0
3.0,,,3,Thai,คนไทย,hateful,พวก{IDENTITY_P}ก็แบบนี้แหละ มันน่ารังเกียจชิบหาย,ref_subs_sent_h,hateful,385,385,0,0
1.0,2.0,,2,gay,เกย์,non-hateful,ในโลกที่ยุติธรรม{IDENTITY_P}ทุกคนควรได้รับการยกย่อง,ident_pos_nh,non-hateful,530,530,0,0
3.0,,,3,gay,เกย์,hateful,คงจะดีถ้ามีคนไปรัดคอพวก{IDENTITY_P}ให้ตายๆ ไป,threat_norm_h,hateful,113,113a,0,0
3.0,,,3,male,ผู้ชาย,hateful,กุไม่ได้มีปัญหาอะไรกับพวก{IDENTITY_P}หรอก แต่ส่วนมากพวกมันน่ารังเกียจชิบหาย,ref_subs_clause_h,hateful,365,365,0,0
3.0,,,3,Thai-Laos,คนลาว,hateful,อีพวก{IDENTITY_P}มันน่ารำคาญจริงๆ,derog_dehum_h,hateful,50,50,0,0
3.0,,,3,girl,เด็กผู้หญิง,hateful,ไม่มีอะไรเหี้ยไปกว่าไอ{IDENTITY_S}แล้ว,derog_neg_emote_h,hateful,14,14,0,0
,3.0,,3,Malay,คนมาเล,non-hateful,ตอนนี้เรากำลังเรียนรู้เกี่ยวกับ{IDENTITY_P}เยอะเลย,ident_neutral_nh,non-hateful,489,489,0,0
,3.0,,3,islam,คนอิสลาม,non-hateful,ใครที่ไปแช่งว่า{IDENTITY_P}ควรตายๆ ไป สมควรโดนจับเข้าคุกให้หมด,counter_quote_nh,non-hateful,542,542,0,0
1.0,2.0,,2,hinduism,คนฮินดู,non-hateful,ไม่รู้ตัวเหรอว่ามึงเหี้ยขนาดไหนที่ไปเรียก{IDENTITY_P}ว่าเป็นขยะ,counter_ref_nh,non-hateful,558,558,0,0
,3.0,,3,Cambodians,คนเขมร,non-hateful,ตอนนี้เรากำลังเรียนรู้เกี่ยวกับ{IDENTITY_P}เยอะเลย,ident_neutral_nh,non-hateful,489,489,0,0
3.0,,,3,trans/ladyboy,คนแปลงเพศ,hateful,ไอพวก{IDENTITY_P}ไม่ควรมีที่ยืนในประเทศที่เจริญแล้วแบบนี้,derog_impl_h,hateful,80,80,0,0
3.0,,,3,Highland Indigenous People,คนกะเหรี่ยง,hateful,พวกมึงและ{IDENTITY_P}ในประเทศนี้ทำให้กุโคตรโกรธเลย,derog_neg_emote_h,hateful,18,18,0,0
3.0,,,3,disbabled,คนพิการ,hateful,พวก{IDENTITY_P}ก็แบบนี้แหละ มันน่ารังเกียจชิบหาย,ref_subs_sent_h,hateful,385,385,0,0
3.0,,,3,labour workers,แรงงาน,hateful,พวก{IDENTITY_P}มันรกโลก,derog_dehum_h,hateful,55,55,0,0
3.0,,,3,Cambodians,คนเขมร,hateful,{IDENTITY_P} พวกนี้มันเข้ากับสังคมไม่ได้หรอก ควรโดนประหารให้หมด,ref_subs_sent_h,hateful,397,397,0,0
3.0,,,3,elderly,ผู้สูงอายุ,hateful,กุเชื่อแล้วว่าอีพวก{IDENTITY_P}ก็แค่พวกสัตว์ชั้นต่ำ,phrase_opinion_h,hateful,470,470,0,0
3.0,,,3,Chinese-Thai,คนไทยเชื้อสายจีน,hateful,ถ้า{IDENTITY_P}หายไปจากโลกนี้ ชีวิตเราคงจะดีขึ้นเยอะ,threat_norm_h,hateful,107,107,0,0
,3.0,,3,Cambodians,คนเขมร,non-hateful,กุจะไม่ยอมให้มีการฆ่าล้างเผ่าพันธุ์{IDENTITY_P}ในประเทศนี้,negate_neg_nh,non-hateful,431,431,0,0
3.0,,,3,Cambodians,คนเขมร,hateful,ให้ตายยังไงกุก็ไม่เดทกับ{IDENTITY_S}หรอก,derog_impl_h,hateful,76,76,0,0
3.0,,,3,Thai Isan,คนอีสาน,hateful,อีพวก{IDENTITY_P}โง่กันทุกคน,negate_pos_h,hateful,404,404,0,0
3.0,,,3,Thai Isan,คนอีสาน,hateful,อยากเห็นอีพวก{IDENTITY_P}เจ็บปวด,threat_norm_h,hateful,103,103,0,0
3.0,,,3,Myanmar,คนพม่า,hateful,พวก{IDENTITY_P}แม่งไม่ให้เกียรติพวกเรา กุจะทำให้พวกมันรู้สำนึกบ้าง,ref_subs_sent_h,hateful,393,393,0,0
3.0,,,3,Chinese-Thai,คนไทยเชื้อสายจีน,hateful,ควรเป็นเรื่องถูกกฎหมายที่จะฆ่า{IDENTITY_S}อย่างเช่นมึง,threat_norm_h,hateful,111,111a,0,0
,3.0,,3,male,ผู้ชาย,non-hateful,เค้าจะทำให้{IDENTITY_P}ยิ้มให้ได้,ident_pos_nh,non-hateful,522,522,0,0
3.0,,,3,girl,เด็กผู้หญิง,hateful,อีพวก{IDENTITY_P}มันน่ารำคาญจริงๆ,derog_dehum_h,hateful,50,50,0,0
3.0,,,3,trans/ladyboy,คนแปลงเพศ,hateful,ไอ้ลิงนั้นฉลาดกว่าพวก{IDENTITY_P}รวมกันอีก,derog_impl_h,hateful,64,64,0,0
,3.0,,3,christianity,คนคริสต์,non-hateful,พวก{IDENTITY_P} ได้เป็นสมาชิกสภาฯ 3 คน,ident_neutral_nh,non-hateful,495,495,0,0
,3.0,,3,Malay,คนมาเล,non-hateful,เค้าจะทำให้{IDENTITY_P}ยิ้มให้ได้,ident_pos_nh,non-hateful,522,522,0,0
3.0,,,3,Chinese-Thai,คนไทยเชื้อสายจีน,hateful,เราจะยิง{IDENTITY_S}ต่อไปที่เห็น,threat_dir_h,hateful,84,84a,1,0
3.0,,,3,Highland Indigenous People,คนกะเหรี่ยง,hateful,ควรให้คนไปจัดการกับไอพวก{IDENTITY_P}ให้หมด,threat_norm_h,hateful,119,119,0,0
2.0,,1.0,2,Thai,คนไทย,hateful,พวก{IDENTITY_P}นี่แม่งไม่มีอะไรแย่กว่ามึงแล้วจริงๆ,ref_subs_sent_h,hateful,384,384,0,0
2.0,,1.0,2,Myanmar,คนพม่า,hateful,มีแต่พวก io จาก{IDENTITY_P}เท่านั้นแหละที่คอยมาแซะรัฐบาล,derog_dehum_h,hateful,60,60b,0,0
3.0,,,3,gay,เกย์,hateful,เกลียดพวก{IDENTITY_P}จนไม่รู้จะพูดยังไงดี,derog_neg_emote_h,hateful,19,19,0,0
,3.0,,3,girl,เด็กผู้หญิง,non-hateful,ทำไมคิดว่ามันโอเคที่จะเรียกกุว่า{SLUR_S},counter_ref_nh,non-hateful,568,568,0,0
3.0,,,3,trans/ladyboy,คนแปลงเพศ,hateful,มี{IDENTITY_P}บางคนได้เป็นรัฐบาล แม่งก็ยังเป็นแค่ขยะสำหรับกุอยู่ดี,ref_subs_sent_h,hateful,390,390,0,0
3.0,,,3,migrant workers,แรงงานต่างด้าว,hateful,น่าจะมีใครไปแทงพวก{IDENTITY_P}ให้ตายๆ ไปซะที,threat_norm_h,hateful,118,118,0,0
3.0,,,3,migrant workers,แรงงานต่างด้าว,hateful,อีพวก{IDENTITY_P}ไม่เหมือนเราเลย มันต้องตาย,ref_subs_clause_h,hateful,375,375,0,0
1.0,2.0,,2,trans/ladyboy,คนแปลงเพศ,non-hateful,พรุ่งนี้กุจะไปกอด{IDENTITY_S},ident_pos_nh,non-hateful,520,520,0,0
,3.0,,3,women,แรด,non-hateful,"ใครที่ส่งข้อความมาให้กุว่า ""มึงมันก็แค่{SLUR_S}สำหรับกุ"" กุจะบล็อกให้หมด",counter_quote_nh,non-hateful,547,547,0,0
1.0,2.0,,2,,,non-hateful,เค้าไม่สนใจเรื่องไร้สาระของมึงหรอก,profanity_nh,non-hateful,321,321,0,0
3.0,,,3,women,แรด,hateful,เป็นสันดานของ{SLUR_S}ที่มีมาตั้งแต่เกิดแล้วละ,slur_h,hateful,127,127,1,1
3.0,,,3,Chinese-Thai,คนไทยเชื้อสายจีน,hateful,ไอพวก{IDENTITY_P}ไปตายซะเถอะ,profanity_h,hateful,246,246,0,0
3.0,,,3,labour workers,แรงงาน,hateful,อีพวก{IDENTITY_P} เหี้ยทั้งนั้น,ref_subs_sent_h,hateful,400,400,0,0
3.0,,,3,Malay,คนมาเล,hateful,ไม่มีทางที่กุจะยื่นมือไปช่วยชีวิต{IDENTITY_S}หรอกนะ,negate_pos_h,hateful,419,419,0,0
3.0,,,3,Thai-Laos,คนลาว,hateful,กุเกลียดพวก{IDENTITY_P}มากๆ,derog_neg_emote_h,hateful,8,8,0,0
3.0,,,3,buddhism,คนพุทธ,hateful,แน่นอนว่าพวก{IDENTITY_P}ไม่สมควรได้สิทธิมนุษยชน,negate_pos_h,hateful,406,406,0,0
3.0,,,3,trans/ladyboy,คนแปลงเพศ,hateful,กุเชื่อแล้วว่าอีพวก{IDENTITY_P}ก็แค่พวกสัตว์ชั้นต่ำ,phrase_opinion_h,hateful,470,470,0,0
3.0,,,3,Cambodians,คนเขมร,hateful,พวกมึงและ{IDENTITY_P}ในประเทศนี้ทำให้กุโคตรโกรธเลย,derog_neg_emote_h,hateful,18,18,0,0
3.0,,,3,Malay,คนมาเล,hateful,มันเป็นสันดานของไอพวก{IDENTITY_S}ที่น่ารำคาญและเหี้ย,profanity_h,hateful,259,259,0,0
3.0,,,3,tomboy,ทอม,hateful,เป็นสันดานของ{SLUR_S}ที่มีมาตั้งแต่เกิดแล้วละ,slur_h,hateful,127,127,0,0
3.0,,,3,Malay,คนมาเล,hateful,ไม่แปลกหรอกที่ไอเดียมันห่วยแตก ก็มันมาจาก{IDENTITY_S}นี่หว่า,ref_subs_sent_h,hateful,399,399,0,0
3.0,,,3,migrant workers,แรงงานต่างด้าว,hateful,{IDENTITY_P} ในประเทศนี้ทำกุหงุดหงิดชิบหายเลย,profanity_h,hateful,255,255,0,0
3.0,,,3,women,ผู้หญิง,hateful,ไอพวก{IDENTITY_P}แบบมึงไม่คู่ควรจะอยู่ต่อไป,threat_norm_h,hateful,102,102,0,0
1.0,2.0,,2,Thai-Central,คนเมือง,non-hateful,ชีวิตของ{IDENTITY_A}ไม่ได้ด้อยค่าไปกว่าคนอื่นหรอก,negate_neg_nh,non-hateful,430,430,0,0
3.0,,,3,buddhism,คนพุทธ,hateful,{IDENTITY_P} พวกนี้มันเข้ากับสังคมไม่ได้หรอก ควรโดนประหารให้หมด,ref_subs_sent_h,hateful,397,397,0,0
3.0,,,3,Highland Indigenous People,คนกะเหรี่ยง,hateful,พวก{IDENTITY_P}ก็แบบนี้แหละ มันน่ารังเกียจชิบหาย,ref_subs_sent_h,hateful,385,385,0,0
3.0,,,3,hinduism,คนฮินดู,hateful,กูจะทำร้ายพวก{IDENTITY_P}แบบมึง,threat_dir_h,hateful,88,88,0,0
3.0,,,3,girl,เด็กผู้หญิง,hateful,กุจะทำให้พวก{IDENTITY_P}ทรมาณ,threat_dir_h,hateful,85,85,0,0
3.0,,,3,women,ผู้หญิง,hateful,อยากให้มีคนไปหักคอไอ้พวก{IDENTITY_P}จริงๆ,phrase_opinion_h,hateful,478,478,0,0
3.0,,,3,islam,คนอิสลาม,hateful,หมากุยังฉลาดกว่าพวก{IDENTITY_S}ทุกตัวเลย,derog_impl_h,hateful,63,63,0,0
,3.0,,3,gay,เกย์,non-hateful,ใครที่ไปแช่งว่า{IDENTITY_P}ควรตายๆ ไป สมควรโดนจับเข้าคุกให้หมด,counter_quote_nh,non-hateful,542,542,0,0
3.0,,,3,Highland Indigenous People,คนกะเหรี่ยง,hateful,ไม่เข้าใจเลยว่าทำไมถึงชอบ{IDENTITY_P}ทุกอย่างทั้งหมดเกี่ยวกับมันน่าขยะแขยงสุดๆ อ่ะ,ref_subs_sent_h,hateful,383,383,0,0
3.0,,,3,Myanmar,คนพม่า,hateful,ถ้าถามเราอ่ะนะ{IDENTITY_P}แบบมึงก็ไม่ต่างจากหนูหรอก,phrase_opinion_h,hateful,471,471,0,0
,3.0,,3,girl,เด็กผู้หญิง,non-hateful,ใครที่ไปแช่งว่า{IDENTITY_P}ควรตายๆ ไป สมควรโดนจับเข้าคุกให้หมด,counter_quote_nh,non-hateful,542,542,0,0
1.0,2.0,,2,labour workers,แรงงาน,non-hateful,ถ้าไม่มี{IDENTITY_P}แบบมึง โลกคงแย่แน่เลย,ident_pos_nh,non-hateful,531,531,0,0
3.0,,,3,trans/ladyboy,คนแปลงเพศ,hateful,ไอพวก{IDENTITY_P} ที่คิดว่าตัวเองเท่ากับกู กูโกรธมาก,derog_neg_emote_h,hateful,16,16,0,0
3.0,,,3,Chinese-Thai,คนไทยเชื้อสายจีน,hateful,กุต้องไปข่มขืน{IDENTITY_S}วันนี้,threat_dir_h,hateful,87,87,0,0
3.0,,,3,disbabled,คนพิการ,hateful,กุว่ามีแค่{IDENTITY_P}เท่านั้นแหละที่โง่ขนาดนี้,phrase_opinion_h,hateful,463,463,0,0
1.0,2.0,,2,Highland Indigenous People,คนกะเหรี่ยง,non-hateful,เราไม่ได้เกลียดพวก{IDENTITY_P},negate_neg_nh,non-hateful,423,423,0,0
,3.0,,3,Highland Indigenous People,คนกะเหรี่ยง,non-hateful,มีแต่{IDENTITY_P}เท่านั้นแหละ ที่ใจดีและเห็นอกเห็นใจแบบนี้,ident_pos_nh,non-hateful,511,511,0,0
3.0,,,3,male,ผู้ชาย,hateful,หมากุยังฉลาดกว่าพวก{IDENTITY_S}ทุกตัวเลย,derog_impl_h,hateful,63,63,0,0
,3.0,,3,girl,เด็กผู้หญิง,non-hateful,ดีใจที่คนเริ่มรู้แล้วว่า{IDENTITY_P}ไม่ได้โง่เลยสักนิด,negate_neg_nh,non-hateful,426,426b,0,0
3.0,,,3,hinduism,คนฮินดู,hateful,พวกเราจะโจมตีพวก{IDENTITY_P}อย่างมึงจนกว่ามึงจะหายไป,threat_dir_h,hateful,92,92,0,0
3.0,,,3,Thai,คนไทย,hateful,ไม่มีทางที่กุจะยื่นมือไปช่วยชีวิต{IDENTITY_S}หรอกนะ,negate_pos_h,hateful,419,419,0,0
3.0,,,3,Thai-Central,คนกรุง,hateful,ไอพวก{IDENTITY_P}ไปตายซะเถอะ,profanity_h,hateful,246,246,0,0
3.0,,,3,male,ผู้ชาย,hateful,{IDENTITY_P}สมควรจะอยู่ในสวนสัตว์เลย,derog_impl_h,hateful,61,61,0,0
3.0,,,3,Chinese-Thai,คนไทยเชื้อสายจีน,hateful,ก็พวก{IDENTITY_P}มันโง่แบบนี้เป็นปกติอยู่แล้วนิ,phrase_opinion_h,hateful,464,464,0,0
1.0,2.0,,2,women,แรด,non-hateful,ทำไมคิดว่ามันโอเคที่จะเรียกกุว่า{SLUR_S},counter_ref_nh,non-hateful,568,568,0,0
3.0,,,3,Thai-Central,คนกรุง,hateful,ทำไมพวกมึงยังไม่เข้าใจอีกว่าพวก{IDENTITY_P}เป็นขยะสังคม,phrase_question_h,hateful,450,450,0,0
1.0,2.0,,2,women,ผู้หญิง,non-hateful,ในโลกที่ยุติธรรม{IDENTITY_P}ทุกคนควรได้รับการยกย่อง,ident_pos_nh,non-hateful,530,530,0,0
,3.0,,3,Thai,คนไทย,non-hateful,กุไม่มีทางทำร้าย{IDENTITY_S}เด็ดขาด,negate_neg_nh,non-hateful,434,434,0,0
3.0,,,3,Thai-Laos,คนลาว,hateful,พวก{IDENTITY_P}อย่างมึงนี่มันน่าสมเพชจริงๆ,derog_neg_attrib_h,hateful,29,29,0,0
3.0,,,3,gay,เกย์,hateful,ทน{IDENTITY_P}ไม่ไหวเลยวะ,derog_neg_emote_h,hateful,2,2a,0,0
2.0,1.0,,1,buddhism,คนพุทธ,hateful,โรงเรียนกูแทบไม่มีพวก{IDENTITY_P},ident_neutral_nh,non-hateful,497,497a,0,1
,3.0,,3,Myanmar,คนพม่า,non-hateful,"ประโยคอย่าง ""อีพวก{IDENTITY_P}เป็นขยะ"" มันเจ็บใจสุดๆ",counter_quote_nh,non-hateful,537,537,0,0
3.0,,,3,Myanmar,คนพม่า,hateful,พวก{IDENTITY_P}อย่างมึงเป็นเหี้ยไรมากปะ,profanity_h,hateful,242,242b,0,0
1.0,2.0,,2,Highland Indigenous People,คนกะเหรี่ยง,non-hateful,เค้าจะทำให้{IDENTITY_P}ยิ้มให้ได้,ident_pos_nh,non-hateful,522,522,0,0
3.0,,,3,tomboy,ทอม,hateful,ให้ตายยังไงกุก็ไม่เดทกับ{IDENTITY_S}หรอก,derog_impl_h,hateful,76,76,0,0
3.0,,,3,elderly,คนสูงวัย,hateful,เป็นสันดานของ{SLUR_S}ที่มีมาตั้งแต่เกิดแล้วละ,slur_h,hateful,127,127,0,0
3.0,,,3,Myanmar,คนพม่า,hateful,ไอ้พวก{IDENTITY_P}ที่กล้าเถียงกุ กุอยากจะฆ่ามันให้ตาย,ref_subs_clause_h,hateful,372,372,0,0
,3.0,,3,women,ผู้หญิง,non-hateful,มีแต่{IDENTITY_P}เท่านั้นแหละ ที่ใจดีและเห็นอกเห็นใจแบบนี้,ident_pos_nh,non-hateful,511,511,0,0
3.0,,,3,Chinese-Thai,คนไทยเชื้อสายจีน,hateful,ไอพวก{SLUR_P} ทำอีกแล้ว,slur_h,hateful,128,128,0,1
3.0,,,3,labour workers,แรงงาน,hateful,พวกมึงกับ{IDENTITY_P}ทั้งหมดคือโรคร้ายของสังคมเลยละ,derog_dehum_h,hateful,58,58,0,0
3.0,,,3,Thai-Central,คนกรุง,hateful,{IDENTITY_P} แม่งเหี้ยกันทุกคนเลย,profanity_h,hateful,256,256,0,0
1.0,2.0,,2,women,ผู้หญิง,non-hateful,เค้าจะทำให้{IDENTITY_P}ยิ้มให้ได้,ident_pos_nh,non-hateful,522,522,0,0
3.0,,,3,Thai-Central,คนกรุง,hateful,พวก{IDENTITY_P}มันรกโลก,derog_dehum_h,hateful,55,55,0,0
3.0,,,3,trans/ladyboy,คนแปลงเพศ,hateful,{IDENTITY_P}สมควรจะอยู่ในสวนสัตว์เลย,derog_impl_h,hateful,61,61,0,0
2.0,,1.0,2,islam,คนอิสลาม,hateful,พวก{IDENTITY_P}นี่แม่งไม่มีอะไรแย่กว่ามึงแล้วจริงๆ,ref_subs_sent_h,hateful,384,384,0,0
3.0,,,3,christianity,คนคริสต์,hateful,{IDENTITY_P} แบบมึงน่ะ ไม่ต่างอะไรกับหนูตามท่อเลย,derog_dehum_h,hateful,51,51,0,0
3.0,,,3,male,ผู้ชาย,hateful,พวกเราจะโจมตีพวก{IDENTITY_P}อย่างมึงจนกว่ามึงจะหายไป,threat_dir_h,hateful,92,92,0,0
,3.0,,3,girl,เด็กผู้หญิง,non-hateful,กุจะไม่ยอมให้มีการฆ่าล้างเผ่าพันธุ์{IDENTITY_P}ในประเทศนี้,negate_neg_nh,non-hateful,431,431,0,0
3.0,,,3,gay,เกย์,hateful,ทุก{IDENTITY_P}น่ารังเกียจ,derog_neg_attrib_h,hateful,22,22a,2,0
,3.0,,3,Thai Isan,คนอีสาน,non-hateful,รัก{IDENTITY_P}จังเลยยย 💖💖💖,ident_pos_nh,non-hateful,502,502,0,0
2.0,1.0,,2,christianity,คนคริสต์,hateful,มึงก็แค่{SLUR_S}ในสายตากู,slur_h,hateful,122,122,0,1
1.0,2.0,,2,hinduism,คนฮินดู,non-hateful,ทำไมคิดว่ามันโอเคที่จะเรียกกุว่า{SLUR_S},counter_ref_nh,non-hateful,568,568,0,0
,3.0,,3,elderly,ผู้สูงอายุ,non-hateful,นี่เป็นครั้งแรกที่{IDENTITY_S}ถูกเสนอชื่อขึ้นมา,ident_neutral_nh,non-hateful,493,493,0,0
3.0,,,3,male,ผู้ชาย,hateful,{IDENTITY_P} พวกนี้มันเข้ากับสังคมไม่ได้หรอก ควรโดนประหารให้หมด,ref_subs_sent_h,hateful,397,397,0,0
3.0,,,3,male,ผู้ชาย,hateful,พวก{IDENTITY_P}ก็แบบนี้แหละ มันน่ารังเกียจชิบหาย,ref_subs_sent_h,hateful,385,385,0,0
3.0,,,3,girl,เด็กผู้หญิง,hateful,คงจะดีถ้ามีคนไปรัดคอพวก{IDENTITY_P}ให้ตายๆ ไป,threat_norm_h,hateful,113,113a,0,0
1.0,2.0,,2,Chinese-Thai,คนไทยเชื้อสายจีน,non-hateful,เราควรเคารพ{IDENTITY_P} นะ,ident_pos_nh,non-hateful,525,525b,0,0
3.0,,,3,Malay,คนมาเล,hateful,อีพวก{IDENTITY_P}มันโง่เง่ากันทุกคนเลย,derog_neg_attrib_h,hateful,40,40,0,0
3.0,,,3,christianity,คนคริสต์,hateful,{IDENTITY_P} คงคิดว่ามันพิเศษกว่าคนอื่น กุเกลียดคนแบบนี้ชิบหาย,ref_subs_sent_h,hateful,382,382a,0,0
3.0,,,3,Thai Isan,คนอีสาน,hateful,อีพวก{IDENTITY_P} เหี้ยทั้งนั้น,ref_subs_sent_h,hateful,400,400,0,0
3.0,,,3,Thai-Central,คนกรุง,hateful,สำหรับกุแล้ว ไอพวก{IDENTITY_P}ควรไปแขวนคอ,phrase_opinion_h,hateful,476,476,0,0
3.0,,,3,tomboy,ทอม,hateful,{IDENTITY_P} พวกนี้มันเข้ากับสังคมไม่ได้หรอก ควรโดนประหารให้หมด,ref_subs_sent_h,hateful,397,397,0,0
3.0,,,3,labour workers,แรงงาน,hateful,กุต้องไปข่มขืน{IDENTITY_S}วันนี้,threat_dir_h,hateful,87,87,0,0
,3.0,,3,Thai,คนไทย,non-hateful,ใครที่ไปแช่งว่า{IDENTITY_P}ควรตายๆ ไป สมควรโดนจับเข้าคุกให้หมด,counter_quote_nh,non-hateful,542,542,0,0
,3.0,,3,tomboy,ทอม,non-hateful,รัก{IDENTITY_P}จังเลยยย 💖💖💖,ident_pos_nh,non-hateful,502,502,0,0
3.0,,,3,disbabled,คนพิการ,hateful,ไอ้พวก{IDENTITY_P}ที่กล้าเถียงกุ กุอยากจะฆ่ามันให้ตาย,ref_subs_clause_h,hateful,372,372,0,0
3.0,,,3,Chinese-Thai,คนไทยเชื้อสายจีน,hateful,มีแต่พวก{IDENTITY_P}เท่านั้นแหละที่โง่ได้ขนาดนี้,derog_neg_attrib_h,hateful,34,34,0,0
,3.0,,3,Myanmar,คนพม่า,non-hateful,มากกว่าครึ่งที่เป็น{IDENTITY_P},ident_neutral_nh,non-hateful,494,494,0,1
3.0,,,3,islam,คนอิสลาม,hateful,ในโลกที่ยุติธรรม อีพวก{IDENTITY_P}อย่างมึงควรตายห่าให้หมด,threat_norm_h,hateful,114,114,0,0
,3.0,,3,Thai,คนไทย,non-hateful,กุรัก{IDENTITY_P}มากกกกก,ident_pos_nh,non-hateful,503,503,0,0
,3.0,,3,Thai,คนไทย,non-hateful,ถ้าไม่มี{IDENTITY_P}แบบมึง โลกคงแย่แน่เลย,ident_pos_nh,non-hateful,531,531,0,0
3.0,,,3,islam,คนอิสลาม,hateful,เกลียดไอ{IDENTITY_S}ที่สุดในโลก,derog_impl_h,hateful,79,79,0,0
3.0,,,3,Thai Isan,คนอีสาน,hateful,เห็นไหมว่าเราจะดีกว่านี้ถ้าอีพวก{IDENTITY_P} ถูกกำจัดออกไป,phrase_question_h,hateful,457,457,0,0
3.0,,,3,Malay,คนมาเล,hateful,เจอ{IDENTITY_P}มาหลายคน กุเกลียดหมดเลย,ref_subs_clause_h,hateful,362,362,0,0
3.0,,,3,islam,คนอิสลาม,hateful,ควรเป็นเรื่องถูกกฎหมายที่จะฆ่า{IDENTITY_S}อย่างเช่นมึง,threat_norm_h,hateful,111,111a,0,0
2.0,1.0,,2,Malay,คนมาเล,hateful,ถ้าพวก{IDENTITY_P}อย่างมึงไม่ยอมปรับตัวเข้าหาสังคม ก็สมควรโดนแบบนี้แหละ,ref_subs_clause_h,hateful,376,376,0,0
,3.0,,3,male,ผู้ชาย,non-hateful,รัก{IDENTITY_P}จังเลยยย 💖💖💖,ident_pos_nh,non-hateful,502,502,0,0
3.0,,,3,labour workers,แรงงาน,hateful,ทำไมพวกมึงยังไม่เข้าใจอีกว่าพวก{IDENTITY_P}เป็นขยะสังคม,phrase_question_h,hateful,450,450,0,0
3.0,,,3,buddhism,คนพุทธ,hateful,เมื่อไหร่คนจะเข้าใจว่าอีพวก{IDENTITY_P}นี่แหละที่โหดและรุนแรง,phrase_question_h,hateful,447,447,0,0
3.0,,,3,migrant workers,แรงงานต่างด้าว,hateful,กุว่ามีแค่{IDENTITY_P}เท่านั้นแหละที่โง่ขนาดนี้,phrase_opinion_h,hateful,463,463,0,0
3.0,,,3,Thai Isan,คนอีสาน,hateful,น่าจะมีใครไปแทงพวก{IDENTITY_P}ให้ตายๆ ไปซะที,threat_norm_h,hateful,118,118,0,0
3.0,,,3,Malay,คนมาเล,hateful,อีพวก{IDENTITY_P} เหี้ยทั้งนั้น,ref_subs_sent_h,hateful,400,400,0,0
3.0,,,3,christianity,คนคริสต์,hateful,ไอ้ลิงนั้นฉลาดกว่าพวก{IDENTITY_P}รวมกันอีก,derog_impl_h,hateful,64,64,0,0
3.0,,,3,Malay,คนมาเล,hateful,สำหรับกูแล้ว ไอ้พวก{IDENTITY_P}ก็ไปตายซะเถอะ,phrase_opinion_h,hateful,480,480,0,0
3.0,,,3,migrant workers,แรงงานต่างด้าว,hateful,อีพวก{IDENTITY_P} เหี้ยทั้งนั้น,ref_subs_sent_h,hateful,400,400,0,0
,3.0,,3,boy,เด็กผู้ชาย,non-hateful,"มึงเขียนไปดิว่า ""กุจะฆ่า{IDENTITY_S}"" แค่มึงเตรียมโดนฟ้องศาลได้เลย",counter_quote_nh,non-hateful,543,543,0,0
3.0,,,3,Thai-Central,คนกรุง,hateful,ไอสัด {IDENTITY_S}จะต้องตายด้วยความทรมาณจากมือของกุ,threat_dir_h,hateful,100,100,0,0
3.0,,,3,hinduism,คนฮินดู,hateful,คนไม่รู้จริงๆ เหรอว่า{IDENTITY_P}น่ารังเกียจ,phrase_question_h,hateful,445,445,0,0
,3.0,,3,gay,เกย์,non-hateful,เราต้องไม่ให้{IDENTITY_P}โดนทำร้ายอีกต่อไป,negate_neg_nh,non-hateful,435,435b,0,0
3.0,,,3,Thai-Laos,คนลาว,hateful,ถ้าถามเราอ่ะนะ{IDENTITY_P}แบบมึงก็ไม่ต่างจากหนูหรอก,phrase_opinion_h,hateful,471,471,0,0
3.0,,,3,migrant workers,แรงงานต่างด้าว,hateful,ไอพวกอำนาจล้มมืออย่าง{IDENTITY_P}เป็นภัยต่อประเทศเรา,derog_neg_attrib_h,hateful,30,30,0,0
3.0,,,3,Malay,คนมาเล,hateful,ไอพวก{IDENTITY_P}ไม่ควรมีที่ยืนในประเทศที่เจริญแล้วแบบนี้,derog_impl_h,hateful,80,80,0,0
3.0,,,3,tomboy,ทอม,hateful,งงว่าทำไมคนถึงสนใจไอพวก{IDENTITY_P},derog_impl_h,hateful,71,71,0,0
,3.0,,3,male,ผู้ชาย,non-hateful,"อะไรที่ทำให้มึงพูดว่า ""{IDENTITY_P} น่ารังเกียจขนาดนี้""",counter_quote_nh,non-hateful,533,533,0,0
,3.0,,3,girl,เด็กผู้หญิง,non-hateful,พวก{IDENTITY_P} ได้เป็นสมาชิกสภาฯ 3 คน,ident_neutral_nh,non-hateful,495,495,0,0
,3.0,,3,male,ผู้ชาย,non-hateful,กุรัก{IDENTITY_P}มากกกกก,ident_pos_nh,non-hateful,503,503,0,0
3.0,,,3,tomboy,ทอม,hateful,จากสันดานพวก{IDENTITY_P}แม่งก็เป็นได้แค่ขยะสังคมเท่านั้นแหละ,profanity_h,hateful,251,251,0,0
3.0,,,3,Highland Indigenous People,คนกะเหรี่ยง,hateful,{IDENTITY_P}สมควรจะอยู่ในสวนสัตว์เลย,derog_impl_h,hateful,61,61,0,0
3.0,,,3,boy,เด็กผู้ชาย,hateful,{IDENTITY_P} พวกนี้ควรจะถูกประหารให้สิ้นซากไป,threat_norm_h,hateful,112,112a,0,0
3.0,,,3,tomboy,ทอม,hateful,ไม่มีทางที่กุจะยื่นมือไปช่วยชีวิต{IDENTITY_S}หรอกนะ,negate_pos_h,hateful,419,419,0,0
3.0,,,3,girl,เด็กผู้หญิง,hateful,เกลียดไอ{IDENTITY_S}ที่สุดในโลก,derog_impl_h,hateful,79,79,0,0
,3.0,,3,islam,คนอิสลาม,non-hateful,มี{IDENTITY_P}ในคอร์สมึงป่ะ,ident_neutral_nh,non-hateful,488,488,0,0
1.0,2.0,,2,christianity,คนคริสต์,non-hateful,{IDENTITY_P} นี่แหละ ที่สมควรเป็นหนึ่งในรัฐบาลของเรา,ident_pos_nh,non-hateful,518,518,0,0
3.0,,,3,male,ผู้ชาย,hateful,ไม่มีทางที่กุจะยื่นมือไปช่วยชีวิต{IDENTITY_S}หรอกนะ,negate_pos_h,hateful,419,419,0,1
,3.0,,3,male,ผู้ชาย,non-hateful,การเรียก{IDENTITY_P}ว่าเป็นแมลงสาบมันเป็นสิ่งที่แย่มากๆ นะ,counter_ref_nh,non-hateful,559,559,0,0
3.0,,,3,boy,เด็กผู้ชาย,hateful,เมื่อไหร่คนจะเข้าใจว่าอีพวก{IDENTITY_P}นี่แหละที่โหดและรุนแรง,phrase_question_h,hateful,447,447,0,0
,3.0,,3,buddhism,คนพุทธ,non-hateful,กุไม่มีทางทำร้าย{IDENTITY_S}เด็ดขาด,negate_neg_nh,non-hateful,434,434,0,0
3.0,,,3,labour workers,แรงงาน,hateful,{IDENTITY_P} แบบมึงน่ะ ไม่ต่างอะไรกับหนูตามท่อเลย,derog_dehum_h,hateful,51,51,0,0
3.0,,,3,Thai Isan,คนอีสาน,hateful,มึงก็แค่{SLUR_S}ในสายตากู,slur_h,hateful,122,122,0,1
,3.0,,3,christianity,คนคริสต์,non-hateful,"ใครที่ส่งข้อความมาให้กุว่า ""มึงมันก็แค่{SLUR_S}สำหรับกุ"" กุจะบล็อกให้หมด",counter_quote_nh,non-hateful,547,547,0,0
,3.0,,3,Thai-Central,คนกรุง,non-hateful,เราต้องไม่ให้{IDENTITY_P}โดนทำร้ายอีกต่อไป,negate_neg_nh,non-hateful,435,435b,0,0
3.0,,,3,hinduism,คนฮินดู,hateful,ไอ้พวก{IDENTITY_P}ที่กล้าเถียงกุ กุอยากจะฆ่ามันให้ตาย,ref_subs_clause_h,hateful,372,372,0,0
3.0,,,3,labour workers,แรงงาน,hateful,ก็แค่พวก{IDENTITY_P} ยิงแม่งทิ้งไปเลยดีกว่า,ref_subs_sent_h,hateful,396,396,0,0
,3.0,,0,male,ผู้ชาย,non-hateful,การลงโทษด้วยการเผาทั้งเป็นกับ{IDENTITY_P}มันรุนแรงเกินไป,threat_norm_h,hateful,120,120b,0,0
3.0,,,3,boy,เด็กผู้ชาย,hateful,เราจะยิง{IDENTITY_S}ต่อไปที่เห็น,threat_dir_h,hateful,84,84a,1,0
2.0,,1.0,2,labour workers,แรงงาน,hateful,พวก{IDENTITY_P}นี่แม่งไม่มีอะไรแย่กว่ามึงแล้วจริงๆ,ref_subs_sent_h,hateful,384,384,0,0
3.0,,,3,Malay,คนมาเลย์,hateful,ผิดตรงไหนที่คิดว่าชีวิตของ{IDENTITY_A}ไม่มีค่า,phrase_question_h,hateful,459,459,0,0
,3.0,,3,trans/ladyboy,คนแปลงเพศ,non-hateful,มีแต่{IDENTITY_P}เท่านั้นแหละ ที่ใจดีและเห็นอกเห็นใจแบบนี้,ident_pos_nh,non-hateful,511,511,0,0
,3.0,,3,hinduism,คนฮินดู,non-hateful,ดีใจที่คนเริ่มรู้แล้วว่า{IDENTITY_P}ไม่ได้โง่เลยสักนิด,negate_neg_nh,non-hateful,426,426b,0,0
,3.0,,3,hinduism,คนฮินดู,non-hateful,มันทำงานกับพวก{IDENTITY_P}เยอะ,ident_neutral_nh,non-hateful,486,486,0,0
3.0,,,3,Myanmar,คนพม่า,hateful,งงว่าทำไมคนถึงสนใจไอพวก{IDENTITY_P},derog_impl_h,hateful,71,71,0,0
3.0,,,3,hinduism,คนฮินดู,hateful,เจอ{IDENTITY_P}มาหลายคน กุเกลียดหมดเลย,ref_subs_clause_h,hateful,362,362,0,0
,3.0,,3,buddhism,คนพุทธ,non-hateful,"การที่มึงบอกว่า ""{IDENTITY_P} แม่งเป็นพวกขยะ"" มันแสดงถึงตัวมึงเองนะเว้ย",counter_quote_nh,non-hateful,551,551,0,0
,3.0,,3,migrant workers,แรงงานต่างด้าว,non-hateful,ดีใจที่คนเริ่มรู้แล้วว่า{IDENTITY_P}ไม่ได้โง่เลยสักนิด,negate_neg_nh,non-hateful,426,426b,0,0
3.0,,,3,Chinese-Thai,คนไทยเชื้อสายจีน,hateful,เห็นไหมว่าเราจะดีกว่านี้ถ้าอีพวก{IDENTITY_P} ถูกกำจัดออกไป,phrase_question_h,hateful,457,457,0,0
1.0,2.0,,2,women,ผู้หญิง,non-hateful,กุไม่มีทางทำร้าย{IDENTITY_S}เด็ดขาด,negate_neg_nh,non-hateful,434,434,0,0
3.0,,,3,girl,เด็กผู้หญิง,hateful,ไอพวก{IDENTITY_P} ที่คิดว่าตัวเองเท่ากับกู กูโกรธมาก,derog_neg_emote_h,hateful,16,16,0,0
,3.0,,3,disbabled,คนพิการ,non-hateful,รัก{IDENTITY_P}จังเลยยย 💖💖💖,ident_pos_nh,non-hateful,502,502,0,0
3.0,,,3,buddhism,คนพุทธ,hateful,ไม่เข้าใจเลยว่าทำไมถึงชอบ{IDENTITY_P}ทุกอย่างทั้งหมดเกี่ยวกับมันน่าขยะแขยงสุดๆ อ่ะ,ref_subs_sent_h,hateful,383,383,0,0
3.0,,,3,christianity,คนคริสต์,hateful,{IDENTITY_P} พวกนี้มันเข้ากับสังคมไม่ได้หรอก ควรโดนประหารให้หมด,ref_subs_sent_h,hateful,397,397,0,0
3.0,,,3,Cambodians,คนเขมร,hateful,เท่าที่เรารู้อีพวก{IDENTITY_P}เป็นขยะของมนุษย์,phrase_opinion_h,hateful,469,469b,0,0
1.0,2.0,,2,Myanmar,คนพม่า,non-hateful,พรุ่งนี้กุจะไปช่วย{IDENTITY_S},ident_pos_nh,non-hateful,523,523,0,0
,3.0,,3,,,non-hateful,กุแม่งโคตรเท่เลยว่ะ,profanity_nh,non-hateful,299,299a,0,0
3.0,,,3,Cambodians,คนเขมร,hateful,กุเกลียดพวก{IDENTITY_P}มากๆ,derog_neg_emote_h,hateful,8,8,0,0
3.0,,,3,male,ผู้ชาย,hateful,อีพวก{IDENTITY_P}แบบมึงควรรู้ว่าชีวิตมึงไร้ค่า,ref_subs_clause_h,hateful,371,371,0,0
3.0,,,3,boy,เด็กผู้ชาย,hateful,ไอพวก{IDENTITY_P}ไม่ควรมีที่ยืนในประเทศที่เจริญแล้วแบบนี้,derog_impl_h,hateful,80,80,0,0
,3.0,,3,elderly,ผู้สูงอายุ,non-hateful,"ควรโดนแบนไปเลยที่ไปบอกว่า ""{IDENTITY_P} สมควรตาย""",counter_quote_nh,non-hateful,544,544,0,0
3.0,,,3,tomboy,ทอม,hateful,พวก{IDENTITY_P}แม่งไม่ให้เกียรติพวกเรา กุจะทำให้พวกมันรู้สำนึกบ้าง,ref_subs_sent_h,hateful,393,393,0,0
,3.0,,3,Thai Isan,คนอีสาน,non-hateful,การที่มึงเกลียด{IDENTITY_P}นี่โคตรเข้าใจผิดเลย,counter_ref_nh,non-hateful,552,552,0,0
3.0,,,3,Chinese-Thai,คนไทยเชื้อสายจีน,hateful,ไอพวก{IDENTITY_P}แบบมึงไม่คู่ควรจะอยู่ต่อไป,threat_norm_h,hateful,102,102,0,0
3.0,,,3,Thai Isan,คนอีสาน,hateful,พวกมึงและ{IDENTITY_P}ในประเทศนี้ทำให้กุโคตรโกรธเลย,derog_neg_emote_h,hateful,18,18,0,0
3.0,,,3,girl,เด็กผู้หญิง,hateful,งงว่าทำไมคนถึงสนใจไอพวก{IDENTITY_P},derog_impl_h,hateful,71,71,0,0
2.0,1.0,,1,Myanmar,คนพม่า,hateful,ไม่มี{IDENTITY_S}คนไหนสมควรโดนประหารชีวิตทั้งนั้นแหละ,negate_neg_nh,non-hateful,441,441,0,0
,3.0,,3,Thai-Laos,คนลาว,non-hateful,ทำไมคิดว่ามันโอเคที่จะเรียกกุว่า{SLUR_S},counter_ref_nh,non-hateful,568,568,0,0
3.0,,,3,Myanmar,คนพม่า,hateful,{IDENTITY_P} คงคิดว่ามันพิเศษกว่าคนอื่น กุเกลียดคนแบบนี้ชิบหาย,ref_subs_sent_h,hateful,382,382a,0,0
2.0,1.0,,1,Cambodians,คนเขมร,hateful,การเรียก{IDENTITY_P}ว่าเป็นแมลงสาบมันเป็นสิ่งที่แย่มากๆ นะ,counter_ref_nh,non-hateful,559,559,0,0
3.0,,,3,boy,เด็กผู้ชาย,hateful,พวก{IDENTITY_P}มันเป็นพวกสัตว์ชั้นต่ำ,derog_dehum_h,hateful,59,59b,0,0
,3.0,,3,boy,เด็กผู้ชาย,non-hateful,ถ้าไม่มี{IDENTITY_P}แบบมึง โลกคงแย่แน่เลย,ident_pos_nh,non-hateful,531,531,0,0
3.0,,,3,tomboy,ทอม,hateful,ถ้าถามเราอ่ะนะ{IDENTITY_P}แบบมึงก็ไม่ต่างจากหนูหรอก,phrase_opinion_h,hateful,471,471,0,0
3.0,,,3,tomboy,ทอม,hateful,ทุก{IDENTITY_P}น่ารังเกียจ,derog_neg_attrib_h,hateful,22,22a,2,0
3.0,,,3,Thai Isan,คนอีสาน,hateful,กำจัด{IDENTITY_P}ให้สิ้นซากไปเลยดีกว่า,threat_dir_h,hateful,95,95,0,0
1.0,2.0,,2,Thai,คนไทย,non-hateful,มึงจะเหมารวมว่า{IDENTITY_P}ทุกคนโง่ไม่ได้ปะวะ,counter_ref_nh,non-hateful,557,557,0,0
,3.0,,3,Highland Indigenous People,คนกะเหรี่ยง,non-hateful,"ประโยคอย่าง ""อีพวก{IDENTITY_P}เป็นขยะ"" มันเจ็บใจสุดๆ",counter_quote_nh,non-hateful,537,537,0,0
,3.0,,3,Cambodians,คนขแมร์,non-hateful,"ใครที่ส่งข้อความมาให้กุว่า ""มึงมันก็แค่{SLUR_S}สำหรับกุ"" กุจะบล็อกให้หมด",counter_quote_nh,non-hateful,547,547,0,0
,3.0,,3,disbabled,คนพิการ,non-hateful,ถ้าไม่มี{IDENTITY_P}แบบมึง โลกคงแย่แน่เลย,ident_pos_nh,non-hateful,531,531,0,0
,3.0,,3,migrant workers,แรงงานต่างด้าว,non-hateful,เราไม่ได้เกลียดพวก{IDENTITY_P},negate_neg_nh,non-hateful,423,423,0,0
3.0,,,3,Cambodians,คนเขมร,hateful,พวก{IDENTITY_P}แม่งโคตรน่ารำคาญเลยว่ะ,derog_dehum_h,hateful,57,57,0,0
3.0,,,3,Thai Isan,คนอีสาน,hateful,มันเป็นสันดานของไอพวก{IDENTITY_S}ที่น่ารำคาญและเหี้ย,profanity_h,hateful,259,259,0,0
1.0,2.0,,2,labour workers,แรงงาน,non-hateful,เราไม่ควรปล่อยให้{IDENTITY_P}ต้องทนทุกข์,negate_neg_nh,non-hateful,439,439,0,0
,3.0,,3,girl,เด็กผู้หญิง,non-hateful,เราควรเคารพ{IDENTITY_P} นะ,ident_pos_nh,non-hateful,525,525b,0,0
3.0,,,3,elderly,ผู้สูงอายุ,hateful,อยากเห็นอีพวก{IDENTITY_P}เจ็บปวด,threat_norm_h,hateful,103,103,0,0
,3.0,,3,labour workers,แรงงาน,non-hateful,"ควรโดนแบนไปเลยที่ไปบอกว่า ""{IDENTITY_P} สมควรตาย""",counter_quote_nh,non-hateful,544,544,0,0
,3.0,,3,labour workers,แรงงาน,non-hateful,"ทำไมถึงพูด ""{IDENTITY_P} น่ารังเกียจ"" แล้วไม่รู้ว่ามันไม่ดีนี่นะ",counter_quote_nh,non-hateful,535,535,0,0
3.0,,,3,trans/ladyboy,คนแปลงเพศ,hateful,ควรให้คนไปจัดการกับไอพวก{IDENTITY_P}ให้หมด,threat_norm_h,hateful,119,119,0,0
3.0,,,3,hinduism,คนฮินดู,hateful,แน่นอนว่าพวก{IDENTITY_P}ไม่สมควรได้สิทธิมนุษยชน,negate_pos_h,hateful,406,406,0,0
3.0,,,3,Highland Indigenous People,คนกะเหรี่ยง,hateful,พวก{IDENTITY_P}ไม่มีทางดูดีเลย,negate_pos_h,hateful,403,403,0,0
3.0,,,3,islam,คนอิสลาม,hateful,ไม่เห็นหรือไงว่าอีพวก{IDENTITY_P}มันต่ำตม,phrase_question_h,hateful,446,446,0,0
3.0,,,3,islam,คนอิสลาม,hateful,ถ้าถามเราอ่ะนะ{IDENTITY_P}แบบมึงก็ไม่ต่างจากหนูหรอก,phrase_opinion_h,hateful,471,471,0,0
,3.0,,3,Thai-Laos,คนลาว,non-hateful,ตอนนี้เรากำลังเรียนรู้เกี่ยวกับ{IDENTITY_P}เยอะเลย,ident_neutral_nh,non-hateful,489,489,0,0
2.0,1.0,,2,Thai,คนไทย,hateful,กุคงโอเคกับ{IDENTITY_P} ถ้าพวกมันไม่เหี้ยขนาดนี้,ref_subs_clause_h,hateful,381,381,0,0
3.0,,,3,male,ผู้ชาย,hateful,ไอ้ลิงนั้นฉลาดกว่าพวก{IDENTITY_P}รวมกันอีก,derog_impl_h,hateful,64,64,0,0
3.0,,,3,disbabled,คนพิการ,hateful,ให้ตายยังไงกุก็ไม่เดทกับ{IDENTITY_S}หรอก,derog_impl_h,hateful,76,76,0,0
3.0,,,3,elderly,ผู้สูงอายุ,hateful,กุว่ามีแค่{IDENTITY_P}เท่านั้นแหละที่โง่ขนาดนี้,phrase_opinion_h,hateful,463,463,0,0
3.0,,,3,labour workers,แรงงาน,hateful,อยากให้มีคนไปหักคอไอ้พวก{IDENTITY_P}จริงๆ,phrase_opinion_h,hateful,478,478,0,0
3.0,,,3,women,นาง,hateful,ชีวิตอีพวก{IDENTITY_A}ไม่มีค่าอะไรเลย,negate_pos_h,hateful,413,413,0,0
3.0,,,3,tomboy,ทอม,hateful,ไอพวก{IDENTITY_P}ไม่ควรมีที่ยืนในประเทศที่เจริญแล้วแบบนี้,derog_impl_h,hateful,80,80,0,0
3.0,,,3,disbabled,คนพิการ,hateful,ไอพวก{SLUR_P} ทำอีกแล้ว,slur_h,hateful,128,128,0,1
3.0,,,3,migrant workers,แรงงานต่างด้าว,hateful,ก็แค่พวก{IDENTITY_P} ยิงแม่งทิ้งไปเลยดีกว่า,ref_subs_sent_h,hateful,396,396,0,0
3.0,,,3,Thai Isan,คนอีสาน,hateful,อีพวก{IDENTITY_P}สกปรกในสายตาเรา,phrase_opinion_h,hateful,466,466,0,0
3.0,,,3,hinduism,คนฮินดู,hateful,อีพวก{IDENTITY_P}แบบนั้นแม่งน่ารังเกียจ,derog_neg_attrib_h,hateful,28,28,0,0
3.0,,,3,Thai,คนไทย,hateful,กุเกลียดพวก{IDENTITY_P}มากๆ,derog_neg_emote_h,hateful,8,8,0,0
3.0,,,3,hinduism,คนฮินดู,hateful,พวก{IDENTITY_P}นี่แม่งไม่มีอะไรแย่กว่ามึงแล้วจริงๆ,ref_subs_sent_h,hateful,384,384,0,0
3.0,,,3,gay,เกย์,hateful,อีพวก{IDENTITY_P}สกปรกในสายตาเรา,phrase_opinion_h,hateful,466,466,0,0
1.0,2.0,,2,islam,คนอิสลาม,non-hateful,คนต้องเข้าใจว่า{IDENTITY_P}ไม่ใช่ภัยต่อสังคม,negate_neg_nh,non-hateful,425,425,0,0
3.0,,,3,buddhism,คนพุทธ,hateful,ไอสัด {IDENTITY_S}จะต้องตายด้วยความทรมาณจากมือของกุ,threat_dir_h,hateful,100,100,0,0
,3.0,,3,Cambodians,คนเขมร,non-hateful,"มึงเขียนไปดิว่า ""กุจะฆ่า{IDENTITY_S}"" แค่มึงเตรียมโดนฟ้องศาลได้เลย",counter_quote_nh,non-hateful,543,543,0,0
2.0,1.0,,2,buddhism,คนพุทธ,hateful,มึงก็แค่{SLUR_S}ในสายตากู,slur_h,hateful,122,122,0,1
3.0,,,3,Cambodians,คนเขมร,hateful,{IDENTITY_P} แบบมึงน่ะ ไม่ต่างอะไรกับหนูตามท่อเลย,derog_dehum_h,hateful,51,51,0,0
3.0,,,3,Thai,คนไทย,hateful,อีพวก{IDENTITY_P}สกปรกในสายตาเรา,phrase_opinion_h,hateful,466,466,0,0
3.0,,,3,Thai Isan,คนอีสาน,hateful,อีพวก{IDENTITY_P}มันโง่เง่ากันทุกคนเลย,derog_neg_attrib_h,hateful,40,40,0,0
3.0,,,3,migrant workers,แรงงานต่างด้าว,hateful,ชีวิตพวก{IDENTITY_P}แม่งไม่มีค่าอะไรสำหรับกุเลย,ref_subs_clause_h,hateful,379,379,0,0
,3.0,,3,gay,เกย์,non-hateful,กุจะไม่ยอมให้มีการฆ่าล้างเผ่าพันธุ์{IDENTITY_P}ในประเทศนี้,negate_neg_nh,non-hateful,431,431,0,0
3.0,,,3,Malay,คนมาเล,hateful,ควรให้คนไปจัดการกับไอพวก{IDENTITY_P}ให้หมด,threat_norm_h,hateful,119,119,0,0
3.0,,,3,migrant workers,แรงงานต่างด้าว,hateful,อีพวก{IDENTITY_P}ไม่ควรอยู่บนโลกนี้,negate_pos_h,hateful,421,421a,0,0
3.0,,,3,Myanmar,คนพม่า,hateful,ควรให้คนไปจัดการกับไอพวก{IDENTITY_P}ให้หมด,threat_norm_h,hateful,119,119,0,0
3.0,,,3,christianity,คนคริสต์,hateful,มันเป็นสันดานของอีพวก{IDENTITY_P}ที่จะไม่มีวันเจริญ,derog_neg_attrib_h,hateful,32,32,0,0
3.0,,,3,Chinese-Thai,คนไทยเชื้อสายจีน,hateful,พวกเราจะโจมตีพวก{IDENTITY_P}อย่างมึงจนกว่ามึงจะหายไป,threat_dir_h,hateful,92,92,0,0
3.0,,,3,women,ผู้หญิง,hateful,เห็นไหมว่าเราจะดีกว่านี้ถ้าอีพวก{IDENTITY_P} ถูกกำจัดออกไป,phrase_question_h,hateful,457,457,0,0
3.0,,,3,labour workers,แรงงาน,hateful,กุไม่ได้มีปัญหาอะไรกับพวก{IDENTITY_P}หรอก แต่ส่วนมากพวกมันน่ารังเกียจชิบหาย,ref_subs_clause_h,hateful,365,365,0,0
2.0,1.0,,2,Thai Isan,คนอีสาน,hateful,กุคงโอเคกับ{IDENTITY_P} ถ้าพวกมันไม่เหี้ยขนาดนี้,ref_subs_clause_h,hateful,381,381,0,0
,3.0,,3,tomboy,ทอม,non-hateful,ดีใจที่คนเริ่มรู้แล้วว่า{IDENTITY_P}ไม่ได้โง่เลยสักนิด,negate_neg_nh,non-hateful,426,426b,0,0
3.0,,,3,Malay,คนมาเล,hateful,ไอพวก{IDENTITY_P}แบบมึงไม่คู่ควรจะอยู่ต่อไป,threat_norm_h,hateful,102,102,0,0
,3.0,,3,Highland Indigenous People,คนกะเหรี่ยง,non-hateful,ใครที่ไปแช่งว่า{IDENTITY_P}ควรตายๆ ไป สมควรโดนจับเข้าคุกให้หมด,counter_quote_nh,non-hateful,542,542,0,0
,3.0,,3,Thai Isan,คนอีสาน,non-hateful,มีแต่{IDENTITY_P}เท่านั้นแหละ ที่ใจดีและเห็นอกเห็นใจแบบนี้,ident_pos_nh,non-hateful,511,511,0,0
3.0,,,3,women,ผู้หญิง,hateful,อีพวก{IDENTITY_P}สกปรกในสายตาเรา,phrase_opinion_h,hateful,466,466,0,0
3.0,,,3,Thai-Central,คนกรุง,hateful,ไม่เข้าใจเลยว่าทำไมถึงชอบ{IDENTITY_P}ทุกอย่างทั้งหมดเกี่ยวกับมันน่าขยะแขยงสุดๆ อ่ะ,ref_subs_sent_h,hateful,383,383,0,0
,3.0,,3,disbabled,คนพิการ,non-hateful,พวก{IDENTITY_P} ได้เป็นสมาชิกสภาฯ 3 คน,ident_neutral_nh,non-hateful,495,495,0,0
3.0,,,3,boy,เด็กผู้ชาย,hateful,{IDENTITY_P} คงคิดว่ามันพิเศษกว่าคนอื่น กุเกลียดคนแบบนี้ชิบหาย,ref_subs_sent_h,hateful,382,382a,0,0
3.0,,,3,male,ผู้ชาย,hateful,อยากเห็นอีพวก{IDENTITY_P}เจ็บปวด,threat_norm_h,hateful,103,103,0,0
,3.0,,3,Chinese-Thai,คนไทยเชื้อสายจีน,non-hateful,เราต้องไม่ให้{IDENTITY_P}โดนทำร้ายอีกต่อไป,negate_neg_nh,non-hateful,435,435b,0,0
3.0,,,3,Malay,คนมาเล,hateful,พวกมึงกับ{IDENTITY_P}ทั้งหมดคือโรคร้ายของสังคมเลยละ,derog_dehum_h,hateful,58,58,0,0
3.0,,,3,gay,เกย์,hateful,กุไม่ได้มีปัญหาอะไรกับพวก{IDENTITY_P}หรอก แต่ส่วนมากพวกมันน่ารังเกียจชิบหาย,ref_subs_clause_h,hateful,365,365,0,0
3.0,,,3,girl,เด็กผู้หญิง,hateful,พวกมึงกับ{IDENTITY_P}ทั้งหมดคือโรคร้ายของสังคมเลยละ,derog_dehum_h,hateful,58,58,0,0
3.0,,,3,Chinese-Thai,คนไทยเชื้อสายจีน,hateful,{IDENTITY_P} คงคิดว่ามันพิเศษกว่าคนอื่น กุเกลียดคนแบบนี้ชิบหาย,ref_subs_sent_h,hateful,382,382a,0,0
3.0,,,3,labour workers,แรงงาน,hateful,คนไม่รู้จริงๆ เหรอว่า{IDENTITY_P}น่ารังเกียจ,phrase_question_h,hateful,445,445,0,0
1.0,2.0,,2,gay,เกย์,non-hateful,โรงเรียนกูแทบไม่มีพวก{IDENTITY_P},ident_neutral_nh,non-hateful,497,497a,0,1
3.0,,,3,buddhism,คนพุทธ,hateful,เราจะยิง{IDENTITY_S}ต่อไปที่เห็น,threat_dir_h,hateful,84,84a,1,0
3.0,,,3,Thai,คนไทย,hateful,อีพวก{IDENTITY_P}แบบนั้นแม่งน่ารังเกียจ,derog_neg_attrib_h,hateful,28,28,0,0
3.0,,,3,christianity,คนคริสต์,hateful,อีพวก{IDENTITY_P}แบบนั้นแม่งน่ารังเกียจ,derog_neg_attrib_h,hateful,28,28,0,0
2.0,,1.0,2,women,ผู้หญิง,hateful,มีแต่พวก io จาก{IDENTITY_P}เท่านั้นแหละที่คอยมาแซะรัฐบาล,derog_dehum_h,hateful,60,60b,0,0
2.0,,1.0,2,male,ผู้ชาย,hateful,พวก{IDENTITY_P}นี่แม่งไม่มีอะไรแย่กว่ามึงแล้วจริงๆ,ref_subs_sent_h,hateful,384,384,0,0
3.0,,,3,trans/ladyboy,คนแปลงเพศ,hateful,แน่นอนว่าพวก{IDENTITY_P}ไม่สมควรได้สิทธิมนุษยชน,negate_pos_h,hateful,406,406,0,0
3.0,,,3,Thai,คนไทย,hateful,พวก{IDENTITY_P}นี่มันน่าขยะแขยงจริงๆ,derog_neg_attrib_h,hateful,24,24,0,0
,3.0,,3,elderly,ผู้สูงอายุ,non-hateful,อย่ายืนเฉยดิ พวก{IDENTITY_P}กำลังโดนฆ่าอยู่,negate_neg_nh,non-hateful,440,440,0,0
3.0,,,3,islam,คนอิสลาม,hateful,อย่าให้{IDENTITY_S}มีชีวิตอยู่ต่อไปเลย,negate_pos_h,hateful,417,417,0,0
3.0,,,3,gay,เกย์,hateful,แม่งโคตรเกลียดพวก{IDENTITY_P}ที่อยู่แถวนี้,derog_neg_emote_h,hateful,6,6,0,0
3.0,,,3,trans/ladyboy,คนแปลงเพศ,hateful,อีพวก{IDENTITY_P}มันโง่เง่ากันทุกคนเลย,derog_neg_attrib_h,hateful,40,40,0,0
,3.0,,3,migrant workers,แรงงานต่างด้าว,non-hateful,กุรัก{IDENTITY_P}มากกกกก,ident_pos_nh,non-hateful,503,503,0,0
3.0,,,3,Highland Indigenous People,คนกะเหรี่ยง,hateful,อีพวก{IDENTITY_P}ไม่เหมือนเราเลย มันต้องตาย,ref_subs_clause_h,hateful,375,375,0,0
3.0,,,3,migrant workers,แรงงานต่างด้าว,hateful,จะทรมานพวก{IDENTITY_P}แบบไม่มีเมตตา,threat_dir_h,hateful,93,93,0,0
3.0,,,3,Malay,คนมาเล,hateful,มี{IDENTITY_P}บางคนได้เป็นรัฐบาล แม่งก็ยังเป็นแค่ขยะสำหรับกุอยู่ดี,ref_subs_sent_h,hateful,390,390,0,0
3.0,,,3,girl,เด็กผู้หญิง,hateful,ไอ้ลิงนั้นฉลาดกว่าพวก{IDENTITY_P}รวมกันอีก,derog_impl_h,hateful,64,64,0,0
3.0,,,3,disbabled,คนพิการ,hateful,กุต้องไปข่มขืน{IDENTITY_S}วันนี้,threat_dir_h,hateful,87,87,0,0
2.0,1.0,,2,male,ผู้ชาย,hateful,ถ้าพวก{IDENTITY_P}อย่างมึงไม่ยอมปรับตัวเข้าหาสังคม ก็สมควรโดนแบบนี้แหละ,ref_subs_clause_h,hateful,376,376,0,0
1.0,2.0,,2,trans/ladyboy,คนแปลงเพศ,non-hateful,ไม่มี{IDENTITY_S}คนไหนสมควรโดนประหารชีวิตทั้งนั้นแหละ,negate_neg_nh,non-hateful,441,441,0,0
3.0,,,3,male,ชายแท้,hateful,เป็นสันดานของ{SLUR_S}ที่มีมาตั้งแต่เกิดแล้วละ,slur_h,hateful,127,127,0,0
3.0,,,3,Thai-Central,คนกรุง,hateful,มี{IDENTITY_P}บางคนได้เป็นรัฐบาล แม่งก็ยังเป็นแค่ขยะสำหรับกุอยู่ดี,ref_subs_sent_h,hateful,390,390,0,0
3.0,,,3,Thai-Central,คนกรุง,hateful,พวก{IDENTITY_P}นี่มันน่าขยะแขยงจริงๆ,derog_neg_attrib_h,hateful,24,24,0,0
3.0,,,3,Cambodians,คนเขมร,hateful,ไม่เข้าใจเลยว่าทำไมถึงชอบ{IDENTITY_P}ทุกอย่างทั้งหมดเกี่ยวกับมันน่าขยะแขยงสุดๆ อ่ะ,ref_subs_sent_h,hateful,383,383,0,0
3.0,,,3,trans/ladyboy,คนแปลงเพศ,hateful,คงจะดีถ้ามีคนไปรัดคอพวก{IDENTITY_P}ให้ตายๆ ไป,threat_norm_h,hateful,113,113a,0,0
3.0,,,3,Thai,คนไทย,hateful,เจอ{IDENTITY_P}มาหลายคน กุเกลียดหมดเลย,ref_subs_clause_h,hateful,362,362,0,0
3.0,,,3,Thai Isan,คนอีสาน,hateful,พวก{IDENTITY_P}มันเป็นพวกสัตว์ชั้นต่ำ,derog_dehum_h,hateful,59,59b,0,0
3.0,,,3,Cambodians,คนเขมร,hateful,พวก{IDENTITY_P}มันเป็นพวกสัตว์ชั้นต่ำ,derog_dehum_h,hateful,59,59b,0,0
3.0,,,3,islam,คนอิสลาม,hateful,พวก{IDENTITY_P}แม่งไม่ให้เกียรติพวกเรา กุจะทำให้พวกมันรู้สำนึกบ้าง,ref_subs_sent_h,hateful,393,393,0,0
3.0,,,3,elderly,ผู้สูงอายุ,hateful,พวก{IDENTITY_P}คงไม่กล้าขำกุ ถ้ากุเริ่มยิงใส่พวกแม่ง,ref_subs_clause_h,hateful,374,374,0,0
3.0,,,3,trans/ladyboy,คนแปลงเพศ,hateful,ไม่มีอะไรเหี้ยไปกว่าไอ{IDENTITY_S}แล้ว,derog_neg_emote_h,hateful,14,14,0,0
3.0,,,3,Myanmar,คนพม่า,hateful,พวก{IDENTITY_P}อย่างมึงนี่มันน่าสมเพชจริงๆ,derog_neg_attrib_h,hateful,29,29,0,0
3.0,,,3,Cambodians,คนเขมร,hateful,เราไม่กินอาหารที่กับอิพวก{IDENTITY_S}จับเด็ดขาด,derog_impl_h,hateful,66,66a,1,0
3.0,,,3,Cambodians,คนเขมร,hateful,พวก{IDENTITY_P}คงไม่กล้าขำกุ ถ้ากุเริ่มยิงใส่พวกแม่ง,ref_subs_clause_h,hateful,374,374,0,0
3.0,,,3,christianity,คนคริสต์,hateful,พวก{IDENTITY_P}ไปตายซะเถอะ,profanity_h,hateful,243,243,0,0
3.0,,,3,labour workers,แรงงาน,hateful,อีพวก{IDENTITY_P}มันโง่เง่ากันทุกคนเลย,derog_neg_attrib_h,hateful,40,40,0,0
3.0,,,3,elderly,ผู้สูงอายุ,hateful,ขอให้{IDENTITY_P}ตายห่าให้หมด,threat_dir_h,hateful,98,98,0,0
3.0,,,3,girl,เด็กผู้หญิง,hateful,พวก{IDENTITY_P}เป็นสัตว์ชั้นต่ำของสังคม,derog_dehum_h,hateful,49,49,0,0
3.0,,,3,Thai,คนไทย,hateful,ก็แค่พวก{IDENTITY_P} ยิงแม่งทิ้งไปเลยดีกว่า,ref_subs_sent_h,hateful,396,396,0,0
3.0,,,3,male,ผู้ชาย,hateful,อยากให้มีคนไปหักคอไอ้พวก{IDENTITY_P}จริงๆ,phrase_opinion_h,hateful,478,478,0,0
3.0,,,3,Cambodians,คนเขมร,hateful,อีพวก{IDENTITY_P}ไม่เหมือนเราเลย มันต้องตาย,ref_subs_clause_h,hateful,375,375,0,0
3.0,,,3,Thai Isan,คนอีสาน,hateful,{IDENTITY_P}สมควรจะอยู่ในสวนสัตว์เลย,derog_impl_h,hateful,61,61,0,0
,3.0,,3,migrant workers,แรงงานต่างด้าว,non-hateful,นี่เป็นครั้งแรกที่{IDENTITY_S}ถูกเสนอชื่อขึ้นมา,ident_neutral_nh,non-hateful,493,493,0,0
,3.0,,3,Malay,คนมาเล,non-hateful,ถ้าไม่มี{IDENTITY_P}แบบมึง โลกคงแย่แน่เลย,ident_pos_nh,non-hateful,531,531,0,0
3.0,,,3,boy,เด็กผู้ชาย,hateful,กุจะทำให้พวก{IDENTITY_P}ทรมาณ,threat_dir_h,hateful,85,85,0,0
,3.0,,3,buddhism,คนพุทธ,non-hateful,"อะไรที่ทำให้มึงพูดว่า ""{IDENTITY_P} น่ารังเกียจขนาดนี้""",counter_quote_nh,non-hateful,533,533,0,0
3.0,,,3,buddhism,คนพุทธ,hateful,อีพวก{IDENTITY_P} เหี้ยทั้งนั้น,ref_subs_sent_h,hateful,400,400,0,0
3.0,,,3,islam,คนอิสลาม,hateful,พวก{IDENTITY_P}ไปตายซะเถอะ,profanity_h,hateful,243,243,0,0
3.0,,,3,elderly,ผู้สูงอายุ,hateful,เป็นธรรมดาของ{IDENTITY_S}ที่จะเหี้ยแบบนี้,profanity_h,hateful,252,252,0,0
3.0,,,3,girl,เด็กผู้หญิง,hateful,พวกเราจะโจมตีพวก{IDENTITY_P}อย่างมึงจนกว่ามึงจะหายไป,threat_dir_h,hateful,92,92,0,0
3.0,,,3,disbabled,คนพิการ,hateful,มี{IDENTITY_P}บางคนได้เป็นรัฐบาล แม่งก็ยังเป็นแค่ขยะสำหรับกุอยู่ดี,ref_subs_sent_h,hateful,390,390,0,0
3.0,,,3,Highland Indigenous People,คนกะเหรี่ยง,hateful,มึงก็แค่{SLUR_S}ในสายตากู,slur_h,hateful,122,122,0,1
,3.0,,3,Thai-Central,คนกรุง,non-hateful,พรุ่งนี้กุจะไปช่วย{IDENTITY_S},ident_pos_nh,non-hateful,523,523,0,0
,3.0,,3,,,non-hateful,โคตรเจ๋ง,profanity_nh,non-hateful,304,304,0,0
,3.0,,3,disbabled,คนพิการ,non-hateful,เราควรเคารพ{IDENTITY_P} นะ,ident_pos_nh,non-hateful,525,525b,0,0
3.0,,,3,labour workers,แรงงาน,hateful,กุจะทำให้พวก{IDENTITY_P}ทรมาณ,threat_dir_h,hateful,85,85,0,0
3.0,,,3,girl,เด็กผู้หญิง,hateful,เมื่อไหร่คนจะเข้าใจว่าอีพวก{IDENTITY_P}นี่แหละที่โหดและรุนแรง,phrase_question_h,hateful,447,447,0,0
3.0,,,3,buddhism,คนพุทธ,hateful,เห็นไหมว่าเราจะดีกว่านี้ถ้าอีพวก{IDENTITY_P} ถูกกำจัดออกไป,phrase_question_h,hateful,457,457,0,0
3.0,,,3,Thai-Central,คนกรุง,hateful,ก็พวก{IDENTITY_P}มันโง่แบบนี้เป็นปกติอยู่แล้วนิ,phrase_opinion_h,hateful,464,464,0,0
3.0,,,3,migrant workers,แรงงานต่างด้าว,hateful,เราไม่กินอาหารที่กับอิพวก{IDENTITY_S}จับเด็ดขาด,derog_impl_h,hateful,66,66a,1,0
3.0,,,3,elderly,ผู้สูงอายุ,hateful,ไม่แปลกหรอกที่ไอเดียมันห่วยแตก ก็มันมาจาก{IDENTITY_S}นี่หว่า,ref_subs_sent_h,hateful,399,399,0,0
3.0,,,3,Thai Isan,คนอีสาน,hateful,ไอเดียที่ออกจากปาก{IDENTITY_S}น่ะ ก็เป็นเพียงความคิดห่วยแตกอันนึง,profanity_h,hateful,253,253,0,0
,3.0,,3,Thai-Central,คนกรุง,non-hateful,การที่มึงเกลียด{IDENTITY_P}นี่โคตรเข้าใจผิดเลย,counter_ref_nh,non-hateful,552,552,0,0
3.0,,,3,Highland Indigenous People,คนกะเหรี่ยง,hateful,กุไม่ได้มีปัญหาอะไรกับพวก{IDENTITY_P}หรอก แต่ส่วนมากพวกมันน่ารังเกียจชิบหาย,ref_subs_clause_h,hateful,365,365,0,0
1.0,2.0,,2,Malay,คนมาเล,non-hateful,มากกว่าครึ่งที่เป็น{IDENTITY_P},ident_neutral_nh,non-hateful,494,494,0,1
3.0,,,3,Thai-Laos,คนลาว,hateful,ไม่เข้าใจเลยว่าทำไมถึงชอบ{IDENTITY_P}ทุกอย่างทั้งหมดเกี่ยวกับมันน่าขยะแขยงสุดๆ อ่ะ,ref_subs_sent_h,hateful,383,383,0,0
1.0,2.0,,2,trans/ladyboy,คนแปลงเพศ,non-hateful,เราควรเคารพ{IDENTITY_P} นะ,ident_pos_nh,non-hateful,525,525b,0,0
3.0,,,3,girl,เด็กผู้หญิง,hateful,ไม่น่ามีใครเหี้ยไปกว่าพวก{IDENTITY_P}ละ,derog_neg_emote_h,hateful,12,12,0,0
,3.0,,3,migrant workers,แรงงานต่างด้าว,non-hateful,{IDENTITY_P} นี่แหละ ที่สมควรเป็นหนึ่งในรัฐบาลของเรา,ident_pos_nh,non-hateful,518,518,0,0
3.0,,,3,Thai,คนไทย,hateful,มี{IDENTITY_P}บางคนได้เป็นรัฐบาล แม่งก็ยังเป็นแค่ขยะสำหรับกุอยู่ดี,ref_subs_sent_h,hateful,390,390,0,0
3.0,,,3,migrant workers,แรงงานต่างด้าว,hateful,ในโลกที่ยุติธรรม อีพวก{IDENTITY_P}อย่างมึงควรตายห่าให้หมด,threat_norm_h,hateful,114,114,0,0
3.0,,,3,labour workers,แรงงาน,hateful,ในโลกที่ยุติธรรม อีพวก{IDENTITY_P}อย่างมึงควรตายห่าให้หมด,threat_norm_h,hateful,114,114,0,0
3.0,,,3,tomboy,ทอม,hateful,ไม่แปลกหรอกที่ไอเดียมันห่วยแตก ก็มันมาจาก{IDENTITY_S}นี่หว่า,ref_subs_sent_h,hateful,399,399,0,0
3.0,,,3,tomboy,ทอม,hateful,{IDENTITY_P}สมควรจะอยู่ในสวนสัตว์เลย,derog_impl_h,hateful,61,61,0,0
3.0,,,3,Thai-Central,คนกรุง,hateful,หมากุยังฉลาดกว่าพวก{IDENTITY_S}ทุกตัวเลย,derog_impl_h,hateful,63,63,0,0
3.0,,,3,Thai-Laos,คนลาว,hateful,ไม่มีทางที่กุจะยื่นมือไปช่วยชีวิต{IDENTITY_S}หรอกนะ,negate_pos_h,hateful,419,419,0,0
1.0,2.0,,2,Thai-Central,คนเมือง,non-hateful,มันไม่โอเคเลยที่จะเรียกคนว่า{SLUR_S},counter_ref_nh,non-hateful,566,566,2,0
3.0,,,3,tomboy,ทอม,hateful,{IDENTITY_P} ในประเทศนี้ทำกุหงุดหงิดชิบหายเลย,profanity_h,hateful,255,255,0,0
1.0,2.0,,2,Myanmar,คนพม่า,non-hateful,เราต้องไม่ให้{IDENTITY_P}โดนทำร้ายอีกต่อไป,negate_neg_nh,non-hateful,435,435b,0,0
3.0,,,3,Chinese-Thai,คนไทยเชื้อสายจีน,hateful,ทน{IDENTITY_P}ไม่ไหวเลยวะ,derog_neg_emote_h,hateful,2,2a,0,0
3.0,,,3,christianity,คนคริสต์,hateful,ไม่น่ามีใครเหี้ยไปกว่าพวก{IDENTITY_P}ละ,derog_neg_emote_h,hateful,12,12,0,0
,3.0,,3,women,ผู้หญิง,non-hateful,กุรัก{IDENTITY_P}มากกกกก,ident_pos_nh,non-hateful,503,503,0,0
3.0,,,3,girl,เด็กผู้หญิง,hateful,กุเชื่อแล้วว่าอีพวก{IDENTITY_P}ก็แค่พวกสัตว์ชั้นต่ำ,phrase_opinion_h,hateful,470,470,0,0
3.0,,,3,christianity,คนคริสต์,hateful,ไอ้พวก{IDENTITY_P}ที่กล้าเถียงกุ กุอยากจะฆ่ามันให้ตาย,ref_subs_clause_h,hateful,372,372,0,0
1.0,2.0,,2,trans/ladyboy,คนแปลงเพศ,non-hateful,กุไม่มีทางทำร้าย{IDENTITY_S}เด็ดขาด,negate_neg_nh,non-hateful,434,434,0,0
3.0,,,3,male,ผู้ชาย,hateful,พวก{IDENTITY_P}แม่งไม่ให้เกียรติพวกเรา กุจะทำให้พวกมันรู้สำนึกบ้าง,ref_subs_sent_h,hateful,393,393,0,0
3.0,,,3,women,ผู้หญิง,hateful,ไอพวก{IDENTITY_P}ไปตายซะเถอะ,profanity_h,hateful,246,246,0,0
1.0,2.0,,2,women,ผู้หญิง,non-hateful,ใครที่ไปแช่งว่า{IDENTITY_P}ควรตายๆ ไป สมควรโดนจับเข้าคุกให้หมด,counter_quote_nh,non-hateful,542,542,0,0
3.0,,,3,christianity,คนคริสต์,hateful,มีแต่พวก{IDENTITY_P}เท่านั้นแหละที่โง่ได้ขนาดนี้,derog_neg_attrib_h,hateful,34,34,0,0
3.0,,,3,girl,เด็กผู้หญิง,hateful,อีพวก{IDENTITY_P} เหี้ยทั้งนั้น,ref_subs_sent_h,hateful,400,400,0,0
3.0,,,3,tomboy,ทอม,hateful,อีพวก{IDENTITY_P}ไม่ควรอยู่บนโลกนี้,negate_pos_h,hateful,421,421a,0,0
3.0,,,3,women,ผู้หญิง,hateful,กำจัด{IDENTITY_P}ให้สิ้นซากไปเลยดีกว่า,threat_dir_h,hateful,95,95,0,0
3.0,,,3,hinduism,คนฮินดู,hateful,อีพวก{IDENTITY_P}มันน่ารำคาญจริงๆ,derog_dehum_h,hateful,50,50,0,0
,3.0,,3,Chinese-Thai,คนไทยเชื้อสายจีน,non-hateful,มึงจะเหมารวมว่า{IDENTITY_P}ทุกคนโง่ไม่ได้ปะวะ,counter_ref_nh,non-hateful,557,557,0,0
3.0,,,3,gay,เกย์,hateful,{IDENTITY_P} พวกนี้ควรจะถูกประหารให้สิ้นซากไป,threat_norm_h,hateful,112,112a,0,0
3.0,,,3,trans/ladyboy,คนแปลงเพศ,hateful,ควรเป็นเรื่องถูกกฎหมายที่จะฆ่า{IDENTITY_S}อย่างเช่นมึง,threat_norm_h,hateful,111,111a,0,0
3.0,,,3,Chinese-Thai,คนไทยเชื้อสายจีน,hateful,ไม่เข้าใจเลยว่าทำไมถึงชอบ{IDENTITY_P}ทุกอย่างทั้งหมดเกี่ยวกับมันน่าขยะแขยงสุดๆ อ่ะ,ref_subs_sent_h,hateful,383,383,0,0
3.0,,,3,migrant workers,แรงงานต่างด้าว,hateful,พวก{IDENTITY_P}มันรกโลก,derog_dehum_h,hateful,55,55,0,0
3.0,,,3,Thai,คนไทย,hateful,เกลียดพวก{IDENTITY_P}จนไม่รู้จะพูดยังไงดี,derog_neg_emote_h,hateful,19,19,0,0
1.0,2.0,,2,Thai-Laos,คนลาว,non-hateful,ถ้าจะไปด่า{IDENTITY_P}ให้ไปตาย อย่าหวังให้พวกเขาเคารพมึงเลย,counter_ref_nh,non-hateful,569,569,0,0
3.0,,,3,hinduism,คนฮินดู,hateful,ทุก{IDENTITY_P}น่ารังเกียจ,derog_neg_attrib_h,hateful,22,22a,1,0
3.0,,,3,Thai-Laos,คนลาว,hateful,อีพวก{IDENTITY_P}ที่ป่วยควรถูกพาไปหาหมอรักษาสัตว์นะ หมอรักษาคนไม่เหมาะกับพวกมัน,derog_impl_h,hateful,62,62,0,0
2.0,,1.0,2,trans/ladyboy,คนแปลงเพศ,hateful,พวก{IDENTITY_P}นี่แม่งไม่มีอะไรแย่กว่ามึงแล้วจริงๆ,ref_subs_sent_h,hateful,384,384,0,0
3.0,,,3,Highland Indigenous People,คนกะเหรี่ยง,hateful,เราจะยิง{IDENTITY_S}ต่อไปที่เห็น,threat_dir_h,hateful,84,84a,1,0
1.0,2.0,,2,Highland Indigenous People,คนกะเหรี่ยง,non-hateful,มันไม่โอเคเลยที่จะเรียกคนว่า{SLUR_S},counter_ref_nh,non-hateful,566,566,1,0
3.0,,,3,labour workers,แรงงาน,hateful,{IDENTITY_P} พวกนี้มันเข้ากับสังคมไม่ได้หรอก ควรโดนประหารให้หมด,ref_subs_sent_h,hateful,397,397,0,0
2.0,1.0,,2,Highland Indigenous People,คนกะเหรี่ยง,hateful,กุคงโอเคกับ{IDENTITY_P} ถ้าพวกมันไม่เหี้ยขนาดนี้,ref_subs_clause_h,hateful,381,381,0,0
,3.0,,3,trans/ladyboy,คนแปลงเพศ,non-hateful,มากกว่าครึ่งที่เป็น{IDENTITY_P},ident_neutral_nh,non-hateful,494,494,0,1
3.0,,,3,elderly,ผู้สูงอายุ,hateful,อีพวก{IDENTITY_P}มันน่ารำคาญจริงๆ,derog_dehum_h,hateful,50,50,0,0
3.0,,,3,women,ผู้หญิง,hateful,จากสันดานพวก{IDENTITY_P}แม่งก็เป็นได้แค่ขยะสังคมเท่านั้นแหละ,profanity_h,hateful,251,251,0,0
3.0,,,3,tomboy,ทอม,hateful,น่าจะมีใครไปแทงพวก{IDENTITY_P}ให้ตายๆ ไปซะที,threat_norm_h,hateful,118,118,0,0
,3.0,,3,tomboy,ทอม,non-hateful,ในโลกที่ยุติธรรม{IDENTITY_P}ทุกคนควรได้รับการยกย่อง,ident_pos_nh,non-hateful,530,530,0,0
3.0,,,3,trans/ladyboy,คนแปลงเพศ,hateful,ขอให้{IDENTITY_P}ตายห่าให้หมด,threat_dir_h,hateful,98,98,0,0
3.0,,,3,tomboy,ทอม,hateful,อยากเห็นอีพวก{IDENTITY_P}เจ็บปวด,threat_norm_h,hateful,103,103,0,0
2.0,,1.0,0,male,นาย,hateful,ชีวิตของ{IDENTITY_A}อาจจะไม่มีค่าอะไรสำหรับมึง แต่ความคิดของมึงมันไม่มีค่าอะไรเลย,counter_ref_nh,non-hateful,570,570,0,0
3.0,,,3,migrant workers,แรงงานต่างด้าว,hateful,ไอ้ลิงนั้นฉลาดกว่าพวก{IDENTITY_P}รวมกันอีก,derog_impl_h,hateful,64,64,0,0
,3.0,,3,Thai-Central,คนกรุง,non-hateful,มึงจะเหมารวมว่า{IDENTITY_P}ทุกคนโง่ไม่ได้ปะวะ,counter_ref_nh,non-hateful,557,557,0,0
,3.0,,3,gay,เกย์,non-hateful,เค้าจะทำให้{IDENTITY_P}ยิ้มให้ได้,ident_pos_nh,non-hateful,522,522,0,0
3.0,,,3,buddhism,คนพุทธ,hateful,ควรให้คนไปจัดการกับไอพวก{IDENTITY_P}ให้หมด,threat_norm_h,hateful,119,119,0,0
3.0,,,3,buddhism,คนพุทธ,hateful,ไม่แปลกหรอกที่ไอเดียมันห่วยแตก ก็มันมาจาก{IDENTITY_S}นี่หว่า,ref_subs_sent_h,hateful,399,399,0,0
,3.0,,3,Thai-Laos,คนลาว,non-hateful,ในโลกที่ยุติธรรม{IDENTITY_P}ทุกคนควรได้รับการยกย่อง,ident_pos_nh,non-hateful,530,530,0,0
3.0,,,3,Chinese-Thai,คนไทยเชื้อสายจีน,hateful,ชีวิตพวก{IDENTITY_P}แม่งไม่มีค่าอะไรสำหรับกุเลย,ref_subs_clause_h,hateful,379,379,0,0
2.0,,1.0,2,Highland Indigenous People,คนกะเหรี่ยง,hateful,มีแต่พวก io จาก{IDENTITY_P}เท่านั้นแหละที่คอยมาแซะรัฐบาล,derog_dehum_h,hateful,60,60b,0,0
3.0,,,3,islam,คนอิสลาม,hateful,ขอให้{IDENTITY_P}ตายห่าให้หมด,threat_dir_h,hateful,98,98,0,0
3.0,,,3,trans/ladyboy,ตุ๊ด,hateful,ไอพวก{SLUR_P} ทำอีกแล้ว,slur_h,hateful,128,128,0,1
3.0,,,3,migrant workers,แรงงานต่างด้าว,hateful,เท่าที่เรารู้อีพวก{IDENTITY_P}เป็นขยะของมนุษย์,phrase_opinion_h,hateful,469,469b,0,0
3.0,,,3,migrant workers,แรงงานต่างด้าว,hateful,มีแต่พวก{IDENTITY_P}เท่านั้นแหละที่โง่ได้ขนาดนี้,derog_neg_attrib_h,hateful,34,34,0,0
1.0,2.0,,2,Cambodians,คนเขมร,non-hateful,มันทำงานกับพวก{IDENTITY_P}เยอะ,ident_neutral_nh,non-hateful,486,486,0,0
3.0,,,3,Malay,คนมาเล,hateful,ไอพวกอำนาจล้มมืออย่าง{IDENTITY_P}เป็นภัยต่อประเทศเรา,derog_neg_attrib_h,hateful,30,30,0,0
1.0,2.0,,2,girl,เด็กผู้หญิง,non-hateful,อย่ายืนเฉยดิ พวก{IDENTITY_P}กำลังโดนฆ่าอยู่,negate_neg_nh,non-hateful,440,440,0,0
,3.0,,3,women,ผู้หญิง,non-hateful,อย่ายืนเฉยดิ พวก{IDENTITY_P}กำลังโดนฆ่าอยู่,negate_neg_nh,non-hateful,440,440,0,0
3.0,,,3,trans/ladyboy,คนแปลงเพศ,hateful,ให้ตายยังไงกุก็ไม่เดทกับ{IDENTITY_S}หรอก,derog_impl_h,hateful,76,76,0,0
,3.0,,3,male,ผู้ชาย,non-hateful,พรุ่งนี้กุจะไปช่วย{IDENTITY_S},ident_pos_nh,non-hateful,523,523,0,0
,3.0,,3,Cambodians,คนเขมร,non-hateful,อย่ายืนเฉยดิ พวก{IDENTITY_P}กำลังโดนฆ่าอยู่,negate_neg_nh,non-hateful,440,440,0,0
3.0,,,3,hinduism,คนฮินดู,hateful,ไอเดียที่ออกจากปาก{IDENTITY_S}น่ะ ก็เป็นเพียงความคิดห่วยแตกอันนึง,profanity_h,hateful,253,253,0,0
3.0,,,3,trans/ladyboy,ตุ๊ด,hateful,กุว่าชีวิตพวก{IDENTITY_A}แม่งไร้ค่า,phrase_opinion_h,hateful,481,481,0,0
3.0,,,3,boy,เด็กผู้ชาย,hateful,พวก{IDENTITY_P}ไม่มีทางดูดีเลย,negate_pos_h,hateful,403,403,0,0
2.0,1.0,,2,disbabled,คนพิการ,hateful,ถ้าพวก{IDENTITY_P}อย่างมึงไม่ยอมปรับตัวเข้าหาสังคม ก็สมควรโดนแบบนี้แหละ,ref_subs_clause_h,hateful,376,376,0,0
,3.0,,3,gay,เกย์,non-hateful,"ควรโดนแบนไปเลยที่ไปบอกว่า ""{IDENTITY_P} สมควรตาย""",counter_quote_nh,non-hateful,544,544,0,0
3.0,,,3,tomboy,ทอม,hateful,ไม่น่ามีใครเหี้ยไปกว่าพวก{IDENTITY_P}ละ,derog_neg_emote_h,hateful,12,12,0,0
,3.0,,3,Thai-Laos,คนลาว,non-hateful,การที่มึงเกลียด{IDENTITY_P}นี่โคตรเข้าใจผิดเลย,counter_ref_nh,non-hateful,552,552,0,0
,3.0,,3,Thai-Central,คนกรุง,non-hateful,มึงต้องรับผิดชอบคำพูดของมึงนะ ถ้ามึงพูดว่ามึงจะไปข่มขืน{IDENTITY_S},counter_ref_nh,non-hateful,562,562,0,0
,3.0,,3,male,ผู้ชาย,non-hateful,คนต้องเข้าใจว่า{IDENTITY_P}ไม่ใช่ภัยต่อสังคม,negate_neg_nh,non-hateful,425,425,0,0
3.0,,,3,christianity,คนคริสต์,hateful,พวก{IDENTITY_P}เป็นสัตว์ชั้นต่ำของสังคม,derog_dehum_h,hateful,49,49,0,0
1.0,2.0,,2,gay,เกย์,non-hateful,การเรียก{IDENTITY_P}ว่าเป็นแมลงสาบมันเป็นสิ่งที่แย่มากๆ นะ,counter_ref_nh,non-hateful,559,559,0,0
3.0,,,3,hinduism,คนฮินดู,hateful,พวก{IDENTITY_P}อย่างมึงนี่มันน่าสมเพชจริงๆ,derog_neg_attrib_h,hateful,29,29,0,0
,3.0,,3,labour workers,แรงงาน,non-hateful,รัก{IDENTITY_P}จังเลยยย 💖💖💖,ident_pos_nh,non-hateful,502,502,0,0
3.0,,,3,women,ผู้หญิง,hateful,ไม่เข้าใจเลยว่าทำไมถึงชอบ{IDENTITY_P}ทุกอย่างทั้งหมดเกี่ยวกับมันน่าขยะแขยงสุดๆ อ่ะ,ref_subs_sent_h,hateful,383,383,0,0
3.0,,,3,elderly,ผู้สูงอายุ,hateful,พวก{IDENTITY_P}มันรกโลก,derog_dehum_h,hateful,55,55,0,0
,3.0,,3,disbabled,คนพิการ,non-hateful,อย่ายืนเฉยดิ พวก{IDENTITY_P}กำลังโดนฆ่าอยู่,negate_neg_nh,non-hateful,440,440,0,0
3.0,,,3,boy,เด็กผู้ชาย,hateful,พวกมึงและ{IDENTITY_P}ในประเทศนี้ทำให้กุโคตรโกรธเลย,derog_neg_emote_h,hateful,18,18,0,0
3.0,,,3,Thai Isan,คนอีสาน,hateful,อีพวก{IDENTITY_P}ไม่เหมือนเราเลย มันต้องตาย,ref_subs_clause_h,hateful,375,375,0,0
,3.0,,3,christianity,คนคริสต์,non-hateful,พรุ่งนี้กุจะไปกอด{IDENTITY_S},ident_pos_nh,non-hateful,520,520,0,0
3.0,,,3,buddhism,คนพุทธ,hateful,กุต้องไปข่มขืน{IDENTITY_S}วันนี้,threat_dir_h,hateful,87,87,0,0
3.0,,,3,boy,เด็กผู้ชาย,hateful,อยากเห็นอีพวก{IDENTITY_P}เจ็บปวด,threat_norm_h,hateful,103,103,0,0
3.0,,,3,Cambodians,คนเขมร,hateful,ควรให้คนไปจัดการกับไอพวก{IDENTITY_P}ให้หมด,threat_norm_h,hateful,119,119,0,0
3.0,,,3,migrant workers,แรงงานต่างด้าว,hateful,{IDENTITY_P} คงคิดว่ามันพิเศษกว่าคนอื่น กุเกลียดคนแบบนี้ชิบหาย,ref_subs_sent_h,hateful,382,382a,0,0
3.0,,,3,Myanmar,คนพม่า,hateful,อีพวก{IDENTITY_P} เหี้ยทั้งนั้น,ref_subs_sent_h,hateful,400,400,0,0
3.0,,,3,male,ผู้ชาย,hateful,คนไม่รู้จริงๆ เหรอว่า{IDENTITY_P}น่ารังเกียจ,phrase_question_h,hateful,445,445,0,0
,3.0,,3,trans/ladyboy,คนแปลงเพศ,non-hateful,"การที่มึงบอกว่า ""{IDENTITY_P} แม่งเป็นพวกขยะ"" มันแสดงถึงตัวมึงเองนะเว้ย",counter_quote_nh,non-hateful,551,551,0,0
3.0,,,3,islam,คนอิสลาม,hateful,พวกเราจะโจมตีพวก{IDENTITY_P}อย่างมึงจนกว่ามึงจะหายไป,threat_dir_h,hateful,92,92,0,0
3.0,,,3,Thai,คนไทย,hateful,งงว่าทำไมคนถึงสนใจไอพวก{IDENTITY_P},derog_impl_h,hateful,71,71,0,0
3.0,,,3,Myanmar,คนพม่า,hateful,ไอพวก{IDENTITY_P} ที่คิดว่าตัวเองเท่ากับกู กูโกรธมาก,derog_neg_emote_h,hateful,16,16,0,0
,3.0,,3,girl,เด็กผู้หญิง,non-hateful,"การที่มึงบอกว่า ""{IDENTITY_P} แม่งเป็นพวกขยะ"" มันแสดงถึงตัวมึงเองนะเว้ย",counter_quote_nh,non-hateful,551,551,0,0
,3.0,,3,,,non-hateful,เราควรแขวนรูปพวกนี้ทั้งหมด,target_obj_nh,non-hateful,618,618,0,0
3.0,,,3,Thai-Central,คนกรุง,hateful,ไอเดียที่ออกจากปาก{IDENTITY_S}น่ะ ก็เป็นเพียงความคิดห่วยแตกอันนึง,profanity_h,hateful,253,253,0,0
3.0,,,3,tomboy,ทอม,hateful,หมากุยังฉลาดกว่าพวก{IDENTITY_S}ทุกตัวเลย,derog_impl_h,hateful,63,63,0,0
3.0,,,3,disbabled,คนพิการ,hateful,แม่งโคตรเกลียดพวก{IDENTITY_P}ที่อยู่แถวนี้,derog_neg_emote_h,hateful,6,6,0,0
3.0,,,3,male,ผู้ชาย,hateful,กุว่ามีแค่{IDENTITY_P}เท่านั้นแหละที่โง่ขนาดนี้,phrase_opinion_h,hateful,463,463,0,0
3.0,,,3,islam,คนอิสลาม,hateful,{IDENTITY_P}สมควรจะอยู่ในสวนสัตว์เลย,derog_impl_h,hateful,61,61,0,0
1.0,2.0,,2,Thai,คนไทย,non-hateful,คนต้องเข้าใจว่า{IDENTITY_P}ไม่ใช่ภัยต่อสังคม,negate_neg_nh,non-hateful,425,425,0,0
3.0,,,3,women,นาง,hateful,ชีวิต{IDENTITY_A}มันไร้ค่า ไม่ต้องไปปกป้องหรอก,negate_pos_h,hateful,409,409,0,0
,3.0,,3,tomboy,ทอม,non-hateful,ถ้าจะไปด่า{IDENTITY_P}ให้ไปตาย อย่าหวังให้พวกเขาเคารพมึงเลย,counter_ref_nh,non-hateful,569,569,0,0
3.0,,,3,Thai Isan,คนอีสาน,hateful,อยากให้มีคนไปหักคอไอ้พวก{IDENTITY_P}จริงๆ,phrase_opinion_h,hateful,478,478,0,0
3.0,,,3,male,ผู้ชาย,hateful,อีพวก{IDENTITY_P}แบบนั้นแม่งน่ารังเกียจ,derog_neg_attrib_h,hateful,28,28,0,0
3.0,,,3,gay,เกย์,hateful,ควรเป็นเรื่องถูกกฎหมายที่จะฆ่า{IDENTITY_S}อย่างเช่นมึง,threat_norm_h,hateful,111,111a,0,0
3.0,,,3,Thai Isan,คนอีสาน,hateful,เท่าที่เรารู้อีพวก{IDENTITY_P}เป็นขยะของมนุษย์,phrase_opinion_h,hateful,469,469b,0,0
3.0,,,3,Cambodians,คนเขมร,hateful,{IDENTITY_P} คงคิดว่ามันพิเศษกว่าคนอื่น กุเกลียดคนแบบนี้ชิบหาย,ref_subs_sent_h,hateful,382,382a,0,0
2.0,1.0,,2,disbabled,คนพิการ,hateful,กุคงโอเคกับ{IDENTITY_P} ถ้าพวกมันไม่เหี้ยขนาดนี้,ref_subs_clause_h,hateful,381,381,0,0
3.0,,,3,Thai Isan,คนอีสาน,hateful,สำหรับกุแล้ว ไอพวก{IDENTITY_P}ควรไปแขวนคอ,phrase_opinion_h,hateful,476,476,0,0
3.0,,,3,Cambodians,คนเขมร,hateful,ไอพวกอำนาจล้มมืออย่าง{IDENTITY_P}เป็นภัยต่อประเทศเรา,derog_neg_attrib_h,hateful,30,30,0,0
3.0,,,3,Thai-Central,คนกรุง,hateful,แม่งโคตรเกลียดพวก{IDENTITY_P}ที่อยู่แถวนี้,derog_neg_emote_h,hateful,6,6,0,0
3.0,,,3,Highland Indigenous People,คนกะเหรี่ยง,hateful,ก็พวก{IDENTITY_P}มันโง่แบบนี้เป็นปกติอยู่แล้วนิ,phrase_opinion_h,hateful,464,464,0,0
3.0,,,3,buddhism,คนพุทธ,hateful,สำหรับกุแล้ว ไอพวก{IDENTITY_P}ควรไปแขวนคอ,phrase_opinion_h,hateful,476,476,0,0
3.0,,,3,disbabled,คนพิการ,hateful,เห็นไหมว่าเราจะดีกว่านี้ถ้าอีพวก{IDENTITY_P} ถูกกำจัดออกไป,phrase_question_h,hateful,457,457,0,0
3.0,,,3,Highland Indigenous People,คนกะเหรี่ยง,hateful,อีพวก{IDENTITY_P}โง่กันทุกคน,negate_pos_h,hateful,404,404,0,0
,3.0,,3,christianity,คนคริสต์,non-hateful,"ควรโดนแบนไปเลยที่ไปบอกว่า ""{IDENTITY_P} สมควรตาย""",counter_quote_nh,non-hateful,544,544,0,0
,3.0,,3,Chinese-Thai,คนไทยเชื้อสายจีน,non-hateful,ใครที่ไปแช่งว่า{IDENTITY_P}ควรตายๆ ไป สมควรโดนจับเข้าคุกให้หมด,counter_quote_nh,non-hateful,542,542,0,0
3.0,,,3,islam,คนอิสลาม,hateful,ไอพวก{IDENTITY_P}ไปตายซะเถอะ,profanity_h,hateful,246,246,0,0
3.0,,,3,gay,เกย์,hateful,{IDENTITY_P} แม่งเหี้ยกันทุกคนเลย,profanity_h,hateful,256,256,0,0
3.0,,,3,women,ผู้หญิง,hateful,พวก{IDENTITY_P}ไม่มีทางดูดีเลย,negate_pos_h,hateful,403,403,0,0
,3.0,,3,christianity,คนคริสต์,non-hateful,ดีใจที่คนเริ่มรู้แล้วว่า{IDENTITY_P}ไม่ได้โง่เลยสักนิด,negate_neg_nh,non-hateful,426,426b,0,0
3.0,,,3,Chinese-Thai,คนไทยเชื้อสายจีน,hateful,อีพวก{IDENTITY_P}สกปรกในสายตาเรา,phrase_opinion_h,hateful,466,466,0,0
3.0,,,3,women,ผู้หญิง,hateful,พวก{IDENTITY_P}อย่างมึงนี่มันน่าสมเพชจริงๆ,derog_neg_attrib_h,hateful,29,29,0,0
3.0,,,0,hinduism,คนฮินดู,hateful,มันมีไอ{IDENTITY_S}ในทีมฟุตบอลของกู,ident_neutral_nh,non-hateful,491,491b,0,1
3.0,,,3,islam,คนอิสลาม,hateful,อีพวก{IDENTITY_P} เหี้ยทั้งนั้น,ref_subs_sent_h,hateful,400,400,0,0
3.0,,,3,labour workers,แรงงาน,hateful,พวก{IDENTITY_P}อย่างมึงเป็นเหี้ยไรมากปะ,profanity_h,hateful,242,242b,0,0
,3.0,,3,Thai Isan,คนอีสาน,non-hateful,"ทำไมถึงพูด ""{IDENTITY_P} น่ารังเกียจ"" แล้วไม่รู้ว่ามันไม่ดีนี่นะ",counter_quote_nh,non-hateful,535,535,0,0
3.0,,,3,Malay,คนมาเล,hateful,พวก{IDENTITY_P}อย่างมึงเป็นเหี้ยไรมากปะ,profanity_h,hateful,242,242b,0,0
,3.0,,3,Malay,คนมาเล,non-hateful,กุไม่มีทางทำร้าย{IDENTITY_S}เด็ดขาด,negate_neg_nh,non-hateful,434,434,0,0
3.0,,,3,Cambodians,คนขแมร์,hateful,ทำไมคนไม่รู้สึกว่าชีวิตของพวก{IDENTITY_A}มันไม่มีค่าเลยวะ,phrase_question_h,hateful,451,451a,0,0
,3.0,,0,labour workers,แรงงาน,non-hateful,การลงโทษด้วยการเผาทั้งเป็นกับ{IDENTITY_P}มันรุนแรงเกินไป,threat_norm_h,hateful,120,120b,0,0
,3.0,,3,hinduism,คนฮินดู,non-hateful,ตอนนี้เรากำลังเรียนรู้เกี่ยวกับ{IDENTITY_P}เยอะเลย,ident_neutral_nh,non-hateful,489,489,0,0
,3.0,,3,Highland Indigenous People,คนกะเหรี่ยง,non-hateful,"การที่มึงบอกว่า ""{IDENTITY_P} แม่งเป็นพวกขยะ"" มันแสดงถึงตัวมึงเองนะเว้ย",counter_quote_nh,non-hateful,551,551,0,0
3.0,,,3,labour workers,แรงงาน,hateful,กำจัด{IDENTITY_P}ให้สิ้นซากไปเลยดีกว่า,threat_dir_h,hateful,95,95,0,0
3.0,,,3,male,ผู้ชาย,hateful,ทำไมไอพวก{IDENTITY_P}เป็นห่ากันแบบนี้หมดเลยวะ,phrase_question_h,hateful,460,460,0,0
1.0,2.0,,2,Myanmar,คนพม่า,non-hateful,มันทำงานกับพวก{IDENTITY_P}เยอะ,ident_neutral_nh,non-hateful,486,486,0,0
,3.0,,3,child,เด็ก,non-hateful,เราไม่เคยมีประธานาธิบดีที่เป็น{IDENTITY_A}เลย,ident_neutral_nh,non-hateful,496,496,0,0
3.0,,,3,Malay,คนมาเล,hateful,จากสันดานพวก{IDENTITY_P}แม่งก็เป็นได้แค่ขยะสังคมเท่านั้นแหละ,profanity_h,hateful,251,251,0,0
2.0,1.0,,2,buddhism,คนพุทธ,hateful,ถ้าพวก{IDENTITY_P}อย่างมึงไม่ยอมปรับตัวเข้าหาสังคม ก็สมควรโดนแบบนี้แหละ,ref_subs_clause_h,hateful,376,376,0,0
3.0,,,3,trans/ladyboy,คนแปลงเพศ,hateful,กุจะทำให้พวก{IDENTITY_P}ทรมาณ,threat_dir_h,hateful,85,85,0,0
3.0,,,3,buddhism,คนพุทธ,hateful,ไอเดียที่ออกจากปาก{IDENTITY_S}น่ะ ก็เป็นเพียงความคิดห่วยแตกอันนึง,profanity_h,hateful,253,253,0,0
3.0,,,3,Malay,คนมาเลย์,hateful,กุว่าชีวิตพวก{IDENTITY_A}แม่งไร้ค่า,phrase_opinion_h,hateful,481,481,0,0
3.0,,,3,Thai-Laos,คนลาว,hateful,กุหมั่นใส้{IDENTITY_P}ชห,derog_neg_emote_h,hateful,4,4,0,0
3.0,,,3,Thai-Laos,คนลาว,hateful,กุจะทำให้พวก{IDENTITY_P}ทรมาณ,threat_dir_h,hateful,85,85,0,0
3.0,,,3,migrant workers,แรงงานต่างด้าว,hateful,อยากให้มีคนไปหักคอไอ้พวก{IDENTITY_P}จริงๆ,phrase_opinion_h,hateful,478,478,0,0
3.0,,,3,male,ผู้ชาย,hateful,ไอพวก{IDENTITY_P}ไม่ควรมีที่ยืนในประเทศที่เจริญแล้วแบบนี้,derog_impl_h,hateful,80,80,0,0
2.0,1.0,,2,Myanmar,คนพม่า,hateful,ถ้าพวก{IDENTITY_P}อย่างมึงไม่ยอมปรับตัวเข้าหาสังคม ก็สมควรโดนแบบนี้แหละ,ref_subs_clause_h,hateful,376,376,0,0
,3.0,,3,Thai-Laos,คนลาว,non-hateful,มีแต่{IDENTITY_P}เท่านั้นแหละ ที่ใจดีและเห็นอกเห็นใจแบบนี้,ident_pos_nh,non-hateful,511,511,0,0
3.0,,,3,Myanmar,คนพม่า,hateful,เท่าที่เรารู้อีพวก{IDENTITY_P}เป็นขยะของมนุษย์,phrase_opinion_h,hateful,469,469b,0,0
3.0,,,3,hinduism,คนฮินดู,hateful,พวกมึงกับ{IDENTITY_P}ทั้งหมดคือโรคร้ายของสังคมเลยละ,derog_dehum_h,hateful,58,58,0,0
2.0,,1.0,2,gay,เกย์,hateful,พวก{IDENTITY_P}นี่แม่งไม่มีอะไรแย่กว่ามึงแล้วจริงๆ,ref_subs_sent_h,hateful,384,384,0,0
3.0,,,3,hinduism,คนฮินดู,hateful,กุเชื่อแล้วว่าอีพวก{IDENTITY_P}ก็แค่พวกสัตว์ชั้นต่ำ,phrase_opinion_h,hateful,470,470,0,0
3.0,,,3,women,ผู้หญิง,hateful,ทำไมพวกมึงยังไม่เข้าใจอีกว่าพวก{IDENTITY_P}เป็นขยะสังคม,phrase_question_h,hateful,450,450,0,0
3.0,,,3,girl,เด็กผู้หญิง,hateful,เป็นสันดานของ{SLUR_S}ที่มีมาตั้งแต่เกิดแล้วละ,slur_h,hateful,127,127,0,0
3.0,,,3,Thai Isan,คนอีสาน,hateful,จากสันดานพวก{IDENTITY_P}แม่งก็เป็นได้แค่ขยะสังคมเท่านั้นแหละ,profanity_h,hateful,251,251,0,0
3.0,,,3,Cambodians,คนเขมร,hateful,ชีวิตพวก{IDENTITY_P}แม่งไม่มีค่าอะไรสำหรับกุเลย,ref_subs_clause_h,hateful,379,379,0,0
3.0,,,3,christianity,คนคริสต์,hateful,น่าจะมีใครไปแทงพวก{IDENTITY_P}ให้ตายๆ ไปซะที,threat_norm_h,hateful,118,118,0,0
3.0,,,3,migrant workers,แรงงานต่างด้าว,hateful,แน่นอนว่าพวก{IDENTITY_P}ไม่สมควรได้สิทธิมนุษยชน,negate_pos_h,hateful,406,406,0,0
3.0,,,3,gay,เกย์,hateful,พวก{IDENTITY_P}เป็นสัตว์ชั้นต่ำของสังคม,derog_dehum_h,hateful,49,49,0,0
3.0,,,3,labour workers,แรงงาน,hateful,ไอพวก{IDENTITY_P}ไม่ควรมีที่ยืนในประเทศที่เจริญแล้วแบบนี้,derog_impl_h,hateful,80,80,0,0
3.0,,,0,disbabled,คนพิการ,hateful,ไม่รู้ตัวเหรอว่ามึงเหี้ยขนาดไหนที่ไปเรียก{IDENTITY_P}ว่าเป็นขยะ,counter_ref_nh,non-hateful,558,558,0,0
3.0,,,3,girl,เด็กผู้หญิง,hateful,ควรให้คนไปจัดการกับไอพวก{IDENTITY_P}ให้หมด,threat_norm_h,hateful,119,119,0,0
3.0,,,0,buddhism,คนพุทธ,hateful,การที่มึงเกลียด{IDENTITY_P}นี่โคตรเข้าใจผิดเลย,counter_ref_nh,non-hateful,552,552,0,0
3.0,,,3,boy,เด็กผู้ชาย,hateful,เออ ถึงเวลายอมรับกันได้แล้วว่า{IDENTITY_P}มันเหมือนเซลล์ร้ายเลยละ,phrase_question_h,hateful,452,452b,0,0
3.0,,,3,Thai-Laos,คนลาว,hateful,ทน{IDENTITY_P}ไม่ไหวเลยวะ,derog_neg_emote_h,hateful,2,2a,0,0
,3.0,,3,migrant workers,แรงงานต่างด้าว,non-hateful,"มึงเขียนไปดิว่า ""กุจะฆ่า{IDENTITY_S}"" แค่มึงเตรียมโดนฟ้องศาลได้เลย",counter_quote_nh,non-hateful,543,543,0,0
,3.0,,3,girl,เด็กผู้หญิง,non-hateful,เราต้องไม่ให้{IDENTITY_P}โดนทำร้ายอีกต่อไป,negate_neg_nh,non-hateful,435,435b,0,0
2.0,,1.0,2,Cambodians,คนเขมร,hateful,พวก{IDENTITY_P}นี่แม่งไม่มีอะไรแย่กว่ามึงแล้วจริงๆ,ref_subs_sent_h,hateful,384,384,0,0
,3.0,,3,buddhism,คนพุทธ,non-hateful,"กุจะไม่ทนกับโพสต์แบบว่า ""{IDENTITY_P} น่ารังเกียจ""เลย",counter_quote_nh,non-hateful,536,536,0,0
,3.0,,3,buddhism,คนพุทธ,non-hateful,มึงจะเหมารวมว่า{IDENTITY_P}ทุกคนโง่ไม่ได้ปะวะ,counter_ref_nh,non-hateful,557,557,0,0
3.0,,,3,migrant workers,แรงงานต่างด้าว,hateful,อีพวก{IDENTITY_P}ไม่สมควรมีชีวิตเหมือนคนอื่น,negate_pos_h,hateful,408,408,0,0
,3.0,,0,christianity,คนคริสต์,non-hateful,การลงโทษด้วยการเผาทั้งเป็นกับ{IDENTITY_P}มันรุนแรงเกินไป,threat_norm_h,hateful,120,120b,0,0
3.0,,,3,elderly,ผู้สูงอายุ,hateful,ไอ้พวก{IDENTITY_P}ที่กล้าเถียงกุ กุอยากจะฆ่ามันให้ตาย,ref_subs_clause_h,hateful,372,372,0,0
,3.0,,3,women,ผู้หญิง,non-hateful,"ทำไมถึงพูด ""{IDENTITY_P} น่ารังเกียจ"" แล้วไม่รู้ว่ามันไม่ดีนี่นะ",counter_quote_nh,non-hateful,535,535,0,0
3.0,,,3,Highland Indigenous People,คนกะเหรี่ยง,hateful,มันเป็นสันดานของไอพวก{IDENTITY_S}ที่น่ารำคาญและเหี้ย,profanity_h,hateful,259,259,0,0
3.0,,,3,male,ผู้ชาย,hateful,กุเชื่อแล้วว่าอีพวก{IDENTITY_P}ก็แค่พวกสัตว์ชั้นต่ำ,phrase_opinion_h,hateful,470,470,0,0
2.0,,1.0,2,trans/ladyboy,คนแปลงเพศ,hateful,มีแต่พวก io จาก{IDENTITY_P}เท่านั้นแหละที่คอยมาแซะรัฐบาล,derog_dehum_h,hateful,60,60b,0,0
3.0,,,3,Thai Isan,คนอีสาน,hateful,พวก{IDENTITY_P}ไม่มีทางดูดีเลย,negate_pos_h,hateful,403,403,0,0
,3.0,,3,disbabled,คนพิการ,non-hateful,มึงต้องรับผิดชอบคำพูดของมึงนะ ถ้ามึงพูดว่ามึงจะไปข่มขืน{IDENTITY_S},counter_ref_nh,non-hateful,562,562,0,0
3.0,,,3,Thai-Laos,คนลาว,hateful,ไอสัด {IDENTITY_S}จะต้องตายด้วยความทรมาณจากมือของกุ,threat_dir_h,hateful,100,100,0,0
3.0,,,3,Thai,คนไทย,hateful,{IDENTITY_P} พวกนี้มันเข้ากับสังคมไม่ได้หรอก ควรโดนประหารให้หมด,ref_subs_sent_h,hateful,397,397,0,0
3.0,,,3,elderly,ผู้สูงอายุ,hateful,พวก{IDENTITY_P}แม่งไม่ให้เกียรติพวกเรา กุจะทำให้พวกมันรู้สำนึกบ้าง,ref_subs_sent_h,hateful,393,393,0,0
3.0,,,3,trans/ladyboy,คนแปลงเพศ,hateful,อีพวก{IDENTITY_P}ที่ป่วยควรถูกพาไปหาหมอรักษาสัตว์นะ หมอรักษาคนไม่เหมาะกับพวกมัน,derog_impl_h,hateful,62,62,0,0
,3.0,,3,Malay,คนมาเลย์,non-hateful,"ใครที่ส่งข้อความมาให้กุว่า ""มึงมันก็แค่{SLUR_S}สำหรับกุ"" กุจะบล็อกให้หมด",counter_quote_nh,non-hateful,547,547,0,0
3.0,,,3,male,นาย,hateful,ชีวิต{IDENTITY_A}มันไร้ค่า ไม่ต้องไปปกป้องหรอก,negate_pos_h,hateful,409,409,0,0
3.0,,,3,Thai,คนไทย,hateful,เราจะยิง{IDENTITY_S}ต่อไปที่เห็น,threat_dir_h,hateful,84,84a,1,0
1.0,2.0,,2,migrant workers,แรงงานต่างด้าว,non-hateful,เราควรเคารพ{IDENTITY_P} นะ,ident_pos_nh,non-hateful,525,525b,0,0
3.0,,,3,islam,คนอิสลาม,hateful,กุไม่ได้มีปัญหาอะไรกับพวก{IDENTITY_P}หรอก แต่ส่วนมากพวกมันน่ารังเกียจชิบหาย,ref_subs_clause_h,hateful,365,365,0,0
3.0,,,3,christianity,คนคริสต์,hateful,พวก{IDENTITY_P}แม่งไม่ให้เกียรติพวกเรา กุจะทำให้พวกมันรู้สำนึกบ้าง,ref_subs_sent_h,hateful,393,393,0,0
,3.0,,3,Myanmar,คนพม่า,non-hateful,รัก{IDENTITY_P}จังเลยยย 💖💖💖,ident_pos_nh,non-hateful,502,502,0,0
3.0,,,3,child,เด็ก,hateful,ชีวิตอีพวก{IDENTITY_A}ไม่มีค่าอะไรเลย,negate_pos_h,hateful,413,413,0,0
3.0,,,3,male,ผู้ชาย,hateful,ไอพวก{IDENTITY_P}ไปตายซะเถอะ,profanity_h,hateful,246,246,0,0
3.0,,,3,labour workers,แรงงาน,hateful,มีแต่พวก{IDENTITY_P}เท่านั้นแหละที่โง่ได้ขนาดนี้,derog_neg_attrib_h,hateful,34,34,0,0
3.0,,,3,Thai Isan,คนอีสาน,hateful,จะทรมานพวก{IDENTITY_P}แบบไม่มีเมตตา,threat_dir_h,hateful,93,93,0,0
3.0,,,3,tomboy,ทอม,hateful,กุจะทำให้พวก{IDENTITY_P}ทรมาณ,threat_dir_h,hateful,85,85,0,0
3.0,,,3,buddhism,คนพุทธ,hateful,กุหมั่นใส้{IDENTITY_P}ชห,derog_neg_emote_h,hateful,4,4,0,0
1.0,2.0,,2,hinduism,คนฮินดู,non-hateful,เราไม่ควรปล่อยให้{IDENTITY_P}ต้องทนทุกข์,negate_neg_nh,non-hateful,439,439,0,0
,3.0,,3,christianity,คนคริสต์,non-hateful,พรุ่งนี้กุจะไปช่วย{IDENTITY_S},ident_pos_nh,non-hateful,523,523,0,0
3.0,,,3,elderly,ผู้สูงอายุ,hateful,ไอพวก{IDENTITY_P}ไปตายซะเถอะ,profanity_h,hateful,246,246,0,0
1.0,2.0,,2,Chinese-Thai,คนไทยเชื้อสายจีน,non-hateful,ถ้าไม่มี{IDENTITY_P}แบบมึง โลกคงแย่แน่เลย,ident_pos_nh,non-hateful,531,531,0,0
,3.0,,3,boy,เด็กผู้ชาย,non-hateful,ในโลกที่ยุติธรรม{IDENTITY_P}ทุกคนควรได้รับการยกย่อง,ident_pos_nh,non-hateful,530,530,0,0
2.0,,1.0,2,christianity,คนคริสต์,hateful,พวก{IDENTITY_P}นี่แม่งไม่มีอะไรแย่กว่ามึงแล้วจริงๆ,ref_subs_sent_h,hateful,384,384,0,0
3.0,,,3,boy,เด็กผู้ชาย,hateful,ถ้าถามเราอ่ะนะ{IDENTITY_P}แบบมึงก็ไม่ต่างจากหนูหรอก,phrase_opinion_h,hateful,471,471,0,0
,3.0,,3,Malay,คนมาเล,non-hateful,พวก{IDENTITY_P} ได้เป็นสมาชิกสภาฯ 3 คน,ident_neutral_nh,non-hateful,495,495,0,0
3.0,,,3,tomboy,ทอม,hateful,จะทรมานพวก{IDENTITY_P}แบบไม่มีเมตตา,threat_dir_h,hateful,93,93,0,0
1.0,2.0,,2,gay,เกย์,non-hateful,กุอยู่กับพวก{IDENTITY_P}สองคน,ident_neutral_nh,non-hateful,483,483,0,0
3.0,,,3,Thai Isan,คนอีสาน,hateful,{IDENTITY_P} พวกนี้ควรจะถูกประหารให้สิ้นซากไป,threat_norm_h,hateful,112,112a,0,0
3.0,,,3,hinduism,คนฮินดู,hateful,ทำไมพวกมึงยังไม่เข้าใจอีกว่าพวก{IDENTITY_P}เป็นขยะสังคม,phrase_question_h,hateful,450,450,0,0
3.0,,,3,Chinese-Thai,คนไทยเชื้อสายจีน,hateful,ไอเดียที่ออกจากปาก{IDENTITY_S}น่ะ ก็เป็นเพียงความคิดห่วยแตกอันนึง,profanity_h,hateful,253,253,0,0
3.0,,,3,Highland Indigenous People,คนกะเหรี่ยง,hateful,เกลียดพวก{IDENTITY_P}จนไม่รู้จะพูดยังไงดี,derog_neg_emote_h,hateful,19,19,0,0
1.0,2.0,,2,tomboy,ทอม,non-hateful,มึงต้องรับผิดชอบคำพูดของมึงนะ ถ้ามึงพูดว่ามึงจะไปข่มขืน{IDENTITY_S},counter_ref_nh,non-hateful,562,562,0,0
3.0,,,3,christianity,คนคริสต์,hateful,จะทรมานพวก{IDENTITY_P}แบบไม่มีเมตตา,threat_dir_h,hateful,93,93,0,0
3.0,,,3,Myanmar,คนพม่า,hateful,{IDENTITY_P}สมควรจะอยู่ในสวนสัตว์เลย,derog_impl_h,hateful,61,61,0,0
,3.0,,3,migrant workers,แรงงานต่างด้าว,non-hateful,พวก{IDENTITY_P} ได้เป็นสมาชิกสภาฯ 3 คน,ident_neutral_nh,non-hateful,495,495,0,0
2.0,1.0,,2,Myanmar,คนพม่า,hateful,กุคงโอเคกับ{IDENTITY_P} ถ้าพวกมันไม่เหี้ยขนาดนี้,ref_subs_clause_h,hateful,381,381,0,0
3.0,,,3,hinduism,คนฮินดู,hateful,อีพวก{IDENTITY_P}ไม่ควรอยู่บนโลกนี้,negate_pos_h,hateful,421,421a,0,0
3.0,,,3,Chinese-Thai,คนไทยเชื้อสายจีน,hateful,พวก{IDENTITY_P}มันเป็นพวกสัตว์ชั้นต่ำ,derog_dehum_h,hateful,59,59b,0,0
3.0,,,3,Highland Indigenous People,คนกะเหรี่ยง,hateful,พวก{IDENTITY_P}อย่างมึงเป็นเหี้ยไรมากปะ,profanity_h,hateful,242,242b,0,0
3.0,,,3,Thai Isan,คนอีสาน,hateful,กุเชื่อแล้วว่าอีพวก{IDENTITY_P}ก็แค่พวกสัตว์ชั้นต่ำ,phrase_opinion_h,hateful,470,470,0,0
3.0,,,3,islam,คนอิสลาม,hateful,ชีวิตพวก{IDENTITY_P}แม่งไม่มีค่าอะไรสำหรับกุเลย,ref_subs_clause_h,hateful,379,379,0,0
3.0,,,3,Highland Indigenous People,คนกะเหรี่ยง,hateful,เจอ{IDENTITY_P}มาหลายคน กุเกลียดหมดเลย,ref_subs_clause_h,hateful,362,362,0,0
3.0,,,3,Cambodians,คนเขมร,hateful,มันเป็นสันดานของอีพวก{IDENTITY_P}ที่จะไม่มีวันเจริญ,derog_neg_attrib_h,hateful,32,32,0,0
3.0,,,3,trans/ladyboy,คนแปลงเพศ,hateful,คนไม่รู้จริงๆ เหรอว่า{IDENTITY_P}น่ารังเกียจ,phrase_question_h,hateful,445,445,0,0
3.0,,,3,migrant workers,แรงงานต่างด้าว,hateful,พวก{IDENTITY_P}ต้องไสหัวออกไปจากประเทศของเราให้หมด,profanity_h,hateful,245,245,0,0
,3.0,,3,Thai-Laos,คนลาว,non-hateful,เราไม่ได้เกลียดพวก{IDENTITY_P},negate_neg_nh,non-hateful,423,423,0,0
2.0,,1.0,2,migrant workers,แรงงานต่างด้าว,hateful,พวก{IDENTITY_P}นี่แม่งไม่มีอะไรแย่กว่ามึงแล้วจริงๆ,ref_subs_sent_h,hateful,384,384,0,0
3.0,,,3,hinduism,คนฮินดู,hateful,เป็นธรรมดาของ{IDENTITY_S}ที่จะเหี้ยแบบนี้,profanity_h,hateful,252,252,0,0
3.0,,,3,Thai-Central,คนกรุง,hateful,กุไม่ได้มีปัญหาอะไรกับพวก{IDENTITY_P}หรอก แต่ส่วนมากพวกมันน่ารังเกียจชิบหาย,ref_subs_clause_h,hateful,365,365,0,0
1.0,2.0,,2,,,non-hateful,เกลียดมึงว่ะ,target_indiv_nh,non-hateful,637,637,0,0
3.0,,,3,Thai-Laos,คนลาว,hateful,อีพวก{IDENTITY_P}ไม่สมควรมีชีวิตเหมือนคนอื่น,negate_pos_h,hateful,408,408,0,0
3.0,,,3,elderly,ผู้สูงอายุ,hateful,อีพวก{IDENTITY_P}โง่กันทุกคน,negate_pos_h,hateful,404,404,0,0
2.0,1.0,,2,Thai-Central,คนเมือง,hateful,มึงก็แค่{SLUR_S}ในสายตากู,slur_h,hateful,122,122,0,1
3.0,,,3,Malay,คนมาเล,hateful,ไม่เห็นหรือไงว่าอีพวก{IDENTITY_P}มันต่ำตม,phrase_question_h,hateful,446,446,0,0
,3.0,,3,Chinese-Thai,คนไทยเชื้อสายจีน,non-hateful,มีแต่{IDENTITY_P}เท่านั้นแหละ ที่ใจดีและเห็นอกเห็นใจแบบนี้,ident_pos_nh,non-hateful,511,511,0,0
3.0,,,3,labour workers,แรงงาน,hateful,พวก{IDENTITY_P}แม่งโคตรน่ารำคาญเลยว่ะ,derog_dehum_h,hateful,57,57,0,0
3.0,,,3,gay,เกย์,hateful,พวก{IDENTITY_P}ไม่มีทางดูดีเลย,negate_pos_h,hateful,403,403,0,0
3.0,,,3,women,ผู้หญิง,hateful,เป็นธรรมดาของ{IDENTITY_S}ที่จะเหี้ยแบบนี้,profanity_h,hateful,252,252,0,0
3.0,,,3,labour workers,แรงงาน,hateful,พวก{IDENTITY_P}ไม่มีทางดูดีเลย,negate_pos_h,hateful,403,403,0,0
,3.0,,3,Thai-Central,คนกรุง,non-hateful,กุจะไม่ยอมให้มีการฆ่าล้างเผ่าพันธุ์{IDENTITY_P}ในประเทศนี้,negate_neg_nh,non-hateful,431,431,0,0
3.0,,,3,Thai Isan,คนอีสาน,hateful,พวก{IDENTITY_P}อย่างมึงเป็นเหี้ยไรมากปะ,profanity_h,hateful,242,242b,0,0
,3.0,,3,male,ผู้ชาย,non-hateful,"กุจะไม่ทนกับโพสต์แบบว่า ""{IDENTITY_P} น่ารังเกียจ""เลย",counter_quote_nh,non-hateful,536,536,0,0
3.0,,,3,Cambodians,คนเขมร,hateful,อีพวก{IDENTITY_P}แบบมึงควรรู้ว่าชีวิตมึงไร้ค่า,ref_subs_clause_h,hateful,371,371,0,0
3.0,,,3,Thai-Laos,คนลาว,hateful,พวก{IDENTITY_P}ไม่มีทางดูดีเลย,negate_pos_h,hateful,403,403,0,0
1.0,2.0,,2,Thai,คนไทย,non-hateful,โรงเรียนกูแทบไม่มีพวก{IDENTITY_P},ident_neutral_nh,non-hateful,497,497a,0,1
3.0,,,3,women,ผู้หญิง,hateful,{IDENTITY_P} แม่งเหี้ยกันทุกคนเลย,profanity_h,hateful,256,256,0,0
,3.0,,3,labour workers,แรงงาน,non-hateful,มึงต้องรับผิดชอบคำพูดของมึงนะ ถ้ามึงพูดว่ามึงจะไปข่มขืน{IDENTITY_S},counter_ref_nh,non-hateful,562,562,0,0
,3.0,,3,male,ชายแท้,non-hateful,มันไม่โอเคเลยที่จะเรียกคนว่า{SLUR_S},counter_ref_nh,non-hateful,566,566,0,0
3.0,,,3,Thai Isan,คนอีสาน,hateful,ไม่น่ามีใครเหี้ยไปกว่าพวก{IDENTITY_P}ละ,derog_neg_emote_h,hateful,12,12,0,0
3.0,,,3,hinduism,คนฮินดู,hateful,อีพวก{IDENTITY_P}สกปรกในสายตาเรา,phrase_opinion_h,hateful,466,466,0,0
3.0,,,3,disbabled,คนพิการ,hateful,ไม่เห็นหรือไงว่าอีพวก{IDENTITY_P}มันต่ำตม,phrase_question_h,hateful,446,446,0,0
,3.0,,3,labour workers,แรงงาน,non-hateful,กุไม่มีทางทำร้าย{IDENTITY_S}เด็ดขาด,negate_neg_nh,non-hateful,434,434,0,0
,3.0,,3,Malay,คนมาเลย์,non-hateful,รู้สึกไม่ดีที่เห็นคนพวกนั้นไปด้อยค่าชีวิต{IDENTITY_A},counter_ref_nh,non-hateful,560,560,0,0
3.0,,,3,Thai,คนไทย,hateful,พวก{IDENTITY_P}มันรกโลก,derog_dehum_h,hateful,55,55,0,0
3.0,,,3,Myanmar,คนพม่า,hateful,ไอพวก{IDENTITY_P}แบบมึงไม่คู่ควรจะอยู่ต่อไป,threat_norm_h,hateful,102,102,0,0
3.0,,,3,Thai-Central,คนกรุง,hateful,มันเป็นสันดานของไอพวก{IDENTITY_S}ที่น่ารำคาญและเหี้ย,profanity_h,hateful,259,259,0,0
3.0,,,3,tomboy,ทอม,hateful,พวก{IDENTITY_P}เป็นสัตว์ชั้นต่ำของสังคม,derog_dehum_h,hateful,49,49,0,0
,3.0,,3,boy,เด็กผู้ชาย,non-hateful,มี{IDENTITY_P}ในคอร์สมึงป่ะ,ident_neutral_nh,non-hateful,488,488,0,1
3.0,,,3,elderly,ผู้สูงอายุ,hateful,คงจะดีถ้ามีคนไปรัดคอพวก{IDENTITY_P}ให้ตายๆ ไป,threat_norm_h,hateful,113,113a,0,0
3.0,,,3,christianity,คนคริสต์,hateful,พวก{IDENTITY_P}มันเป็นพวกสัตว์ชั้นต่ำ,derog_dehum_h,hateful,59,59b,0,0
3.0,,,3,trans/ladyboy,ตุ๊ด,hateful,พวกมันก็แค่{SLUR_P},slur_h,hateful,125,125,0,0
3.0,,,3,Thai-Laos,คนลาว,hateful,เป็นสันดานของ{SLUR_S}ที่มีมาตั้งแต่เกิดแล้วละ,slur_h,hateful,127,127,0,0
,3.0,,3,boy,เด็กผู้ชาย,non-hateful,เราต้องไม่ให้{IDENTITY_P}โดนทำร้ายอีกต่อไป,negate_neg_nh,non-hateful,435,435b,0,0
1.0,2.0,,2,gay,เกย์,non-hateful,ไม่มี{IDENTITY_S}คนไหนสมควรโดนประหารชีวิตทั้งนั้นแหละ,negate_neg_nh,non-hateful,441,441,0,0
3.0,,,3,Myanmar,คนพม่า,hateful,อีพวก{IDENTITY_P}เป็นขยะสังคม,derog_dehum_h,hateful,48,48,0,0
,3.0,,3,male,ชายแท้,non-hateful,"เราไม่ให้เกียรติคนที่เขียนว่า ""มี{SLUR_P}เยอะเกินในประเทศนี้""",counter_quote_nh,non-hateful,546,546,0,0
3.0,,,3,elderly,ผู้สูงอายุ,hateful,อีพวก{IDENTITY_P}แบบนั้นแม่งน่ารังเกียจ,derog_neg_attrib_h,hateful,28,28,0,1
2.0,,1.0,2,christianity,คนคริสต์,hateful,มีแต่พวก io จาก{IDENTITY_P}เท่านั้นแหละที่คอยมาแซะรัฐบาล,derog_dehum_h,hateful,60,60b,0,0
3.0,,,3,Thai-Laos,คนลาว,hateful,อีพวก{IDENTITY_P}โง่กันทุกคน,negate_pos_h,hateful,404,404,0,0
3.0,,,3,Thai-Central,คนกรุง,hateful,พวก{IDENTITY_P}เป็นสัตว์ชั้นต่ำของสังคม,derog_dehum_h,hateful,49,49,0,0
3.0,,,3,Cambodians,คนเขมร,hateful,ทุก{IDENTITY_P}น่ารังเกียจ,derog_neg_attrib_h,hateful,22,22a,1,0
3.0,,,3,girl,เด็กผู้หญิง,hateful,ให้ตายยังไงกุก็ไม่เดทกับ{IDENTITY_S}หรอก,derog_impl_h,hateful,76,76,0,0
3.0,,,3,male,ผู้ชาย,hateful,{IDENTITY_P} พวกนี้ควรจะถูกประหารให้สิ้นซากไป,threat_norm_h,hateful,112,112a,0,0
3.0,,,3,migrant workers,แรงงานต่างด้าว,hateful,เกลียดพวก{IDENTITY_P}จนไม่รู้จะพูดยังไงดี,derog_neg_emote_h,hateful,19,19,0,0
3.0,,,3,gay,เกย์,hateful,ชีวิตพวก{IDENTITY_P}แม่งไม่มีค่าอะไรสำหรับกุเลย,ref_subs_clause_h,hateful,379,379,0,0
3.0,,,3,girl,เด็กผู้หญิง,hateful,เกลียดพวก{IDENTITY_P}จนไม่รู้จะพูดยังไงดี,derog_neg_emote_h,hateful,19,19,0,0
3.0,,,3,Chinese-Thai,คนไทยเชื้อสายจีน,hateful,ไม่เห็นหรือไงว่าอีพวก{IDENTITY_P}มันต่ำตม,phrase_question_h,hateful,446,446,0,0
2.0,1.0,,2,Cambodians,คนเขมร,hateful,ถ้าพวก{IDENTITY_P}อย่างมึงไม่ยอมปรับตัวเข้าหาสังคม ก็สมควรโดนแบบนี้แหละ,ref_subs_clause_h,hateful,376,376,0,0
,3.0,,3,islam,คนอิสลาม,non-hateful,"ใครที่ส่งข้อความมาให้กุว่า ""มึงมันก็แค่{SLUR_S}สำหรับกุ"" กุจะบล็อกให้หมด",counter_quote_nh,non-hateful,547,547,0,0
3.0,,,3,Highland Indigenous People,คนกะเหรี่ยง,hateful,ทำไมไอพวก{IDENTITY_P}เป็นห่ากันแบบนี้หมดเลยวะ,phrase_question_h,hateful,460,460,0,0
3.0,,,3,disbabled,คนพิการ,hateful,ไม่มีอะไรเหี้ยไปกว่าไอ{IDENTITY_S}แล้ว,derog_neg_emote_h,hateful,14,14,0,0
,3.0,,3,women,ผู้หญิง,non-hateful,มากกว่าครึ่งที่เป็น{IDENTITY_P},ident_neutral_nh,non-hateful,494,494,0,1
3.0,,,3,girl,เด็กผู้หญิง,hateful,พวก{IDENTITY_P}นี่มันน่าขยะแขยงจริงๆ,derog_neg_attrib_h,hateful,24,24,0,0
,3.0,,3,Highland Indigenous People,คนกะเหรี่ยง,non-hateful,กุรัก{IDENTITY_P}มากกกกก,ident_pos_nh,non-hateful,503,503,0,0
3.0,,,3,Cambodians,คนเขมร,hateful,เมื่อไหร่คนจะเข้าใจว่าอีพวก{IDENTITY_P}นี่แหละที่โหดและรุนแรง,phrase_question_h,hateful,447,447,0,0
3.0,,,3,tomboy,ทอม,hateful,เราจะยิง{IDENTITY_S}ต่อไปที่เห็น,threat_dir_h,hateful,84,84a,1,0
3.0,,,3,Highland Indigenous People,คนกะเหรี่ยง,hateful,{IDENTITY_P} คงคิดว่ามันพิเศษกว่าคนอื่น กุเกลียดคนแบบนี้ชิบหาย,ref_subs_sent_h,hateful,382,382a,0,0
3.0,,,3,Thai,คนไทย,hateful,พวก{IDENTITY_P}ไปตายซะเถอะ,profanity_h,hateful,243,243,0,0
3.0,,,3,trans/ladyboy,คนแปลงเพศ,hateful,เกลียดไอ{IDENTITY_S}ที่สุดในโลก,derog_impl_h,hateful,79,79,0,0
,3.0,,3,Myanmar,คนพม่า,non-hateful,การเรียก{IDENTITY_P}ว่าเป็นแมลงสาบมันเป็นสิ่งที่แย่มากๆ นะ,counter_ref_nh,non-hateful,559,559,0,0
3.0,,,3,Malay,คนมาเล,hateful,อยากให้มีคนไปหักคอไอ้พวก{IDENTITY_P}จริงๆ,phrase_opinion_h,hateful,478,478,0,0
3.0,,,3,Cambodians,คนเขมร,hateful,เราจะยิง{IDENTITY_S}ต่อไปที่เห็น,threat_dir_h,hateful,84,84a,1,0
3.0,,,3,tomboy,ทอม,hateful,ชีวิตพวก{IDENTITY_P}แม่งไม่มีค่าอะไรสำหรับกุเลย,ref_subs_clause_h,hateful,379,379,0,0
3.0,,,3,hinduism,คนฮินดู,hateful,ไม่เข้าใจเลยว่าทำไมถึงชอบ{IDENTITY_P}ทุกอย่างทั้งหมดเกี่ยวกับมันน่าขยะแขยงสุดๆ อ่ะ,ref_subs_sent_h,hateful,383,383,0,0
3.0,,,3,women,ผู้หญิง,hateful,อย่าให้{IDENTITY_S}มีชีวิตอยู่ต่อไปเลย,negate_pos_h,hateful,417,417,0,0
3.0,,,3,buddhism,คนพุทธ,hateful,{IDENTITY_P} ในประเทศนี้ทำกุหงุดหงิดชิบหายเลย,profanity_h,hateful,255,255,0,0
3.0,,,3,Cambodians,คนเขมร,hateful,กุไม่ได้มีปัญหาอะไรกับพวก{IDENTITY_P}หรอก แต่ส่วนมากพวกมันน่ารังเกียจชิบหาย,ref_subs_clause_h,hateful,365,365,0,0
3.0,,,3,Malay,คนมาเล,hateful,อีพวก{IDENTITY_P}สกปรกในสายตาเรา,phrase_opinion_h,hateful,466,466,0,0
3.0,,,3,labour workers,แรงงาน,hateful,กูจะทำร้ายพวก{IDENTITY_P}แบบมึง,threat_dir_h,hateful,88,88,0,0
3.0,,,3,disbabled,คนพิการ,hateful,ไอพวก{IDENTITY_P}แบบมึงไม่คู่ควรจะอยู่ต่อไป,threat_norm_h,hateful,102,102,0,0
3.0,,,3,Chinese-Thai,คนไทยเชื้อสายจีน,hateful,อีพวก{IDENTITY_P}โง่กันทุกคน,negate_pos_h,hateful,404,404,0,0
3.0,,,3,Thai Isan,คนอีสาน,hateful,กุไม่ได้มีปัญหาอะไรกับพวก{IDENTITY_P}หรอก แต่ส่วนมากพวกมันน่ารังเกียจชิบหาย,ref_subs_clause_h,hateful,365,365,0,0
3.0,,,3,gay,เกย์,hateful,{IDENTITY_P} พวกนี้มันเข้ากับสังคมไม่ได้หรอก ควรโดนประหารให้หมด,ref_subs_sent_h,hateful,397,397,0,0
3.0,,,3,hinduism,คนฮินดู,hateful,กุเกลียดพวก{IDENTITY_P}มากๆ,derog_neg_emote_h,hateful,8,8,0,0
3.0,,,3,christianity,คนคริสต์,hateful,อีพวก{IDENTITY_P}ที่ป่วยควรถูกพาไปหาหมอรักษาสัตว์นะ หมอรักษาคนไม่เหมาะกับพวกมัน,derog_impl_h,hateful,62,62,0,0
3.0,,,3,Thai,คนไทย,hateful,แม่งโคตรเกลียดพวก{IDENTITY_P}ที่อยู่แถวนี้,derog_neg_emote_h,hateful,6,6,0,0
1.0,2.0,,2,Malay,คนมาเล,non-hateful,มีแต่{IDENTITY_P}เท่านั้นแหละ ที่ใจดีและเห็นอกเห็นใจแบบนี้,ident_pos_nh,non-hateful,511,511,0,0
2.0,1.0,,2,male,นาย,hateful,ชีวิตพวก{IDENTITY_A}มันไร้ค่า,derog_dehum_h,hateful,53,53,0,0
3.0,,,3,Thai-Central,คนกรุง,hateful,อีพวก{IDENTITY_P}ไม่ควรอยู่บนโลกนี้,negate_pos_h,hateful,421,421a,0,0
3.0,,,3,Malay,คนมาเล,hateful,พวกมึงและ{IDENTITY_P}ในประเทศนี้ทำให้กุโคตรโกรธเลย,derog_neg_emote_h,hateful,18,18,0,0
3.0,,,3,Thai,คนไทย,hateful,พวกมึงและ{IDENTITY_P}ในประเทศนี้ทำให้กุโคตรโกรธเลย,derog_neg_emote_h,hateful,18,18,0,0
3.0,,,3,elderly,ผู้สูงอายุ,hateful,{IDENTITY_P}สมควรจะอยู่ในสวนสัตว์เลย,derog_impl_h,hateful,61,61,0,0
3.0,,,3,Chinese-Thai,คนไทยเชื้อสายจีน,hateful,อย่าให้{IDENTITY_S}มีชีวิตอยู่ต่อไปเลย,negate_pos_h,hateful,417,417,0,0
3.0,,,3,Malay,คนมาเล,hateful,อยากเห็นอีพวก{IDENTITY_P}เจ็บปวด,threat_norm_h,hateful,103,103,0,0
1.0,2.0,,2,disbabled,คนพิการ,non-hateful,ถ้าจะไปด่า{IDENTITY_P}ให้ไปตาย อย่าหวังให้พวกเขาเคารพมึงเลย,counter_ref_nh,non-hateful,569,569,0,0
3.0,,,3,Myanmar,คนพม่า,hateful,สำหรับกูแล้ว ไอ้พวก{IDENTITY_P}ก็ไปตายซะเถอะ,phrase_opinion_h,hateful,480,480,0,0
3.0,,,3,hinduism,คนฮินดู,hateful,อีพวก{IDENTITY_P}เป็นขยะสังคม,derog_dehum_h,hateful,48,48,0,0
1.0,2.0,,2,Myanmar,คนพม่า,non-hateful,พรุ่งนี้กุจะไปกอด{IDENTITY_S},ident_pos_nh,non-hateful,520,520,0,0
3.0,,,3,migrant workers,แรงงานต่างด้าว,hateful,หมากุยังฉลาดกว่าพวก{IDENTITY_S}ทุกตัวเลย,derog_impl_h,hateful,63,63,0,0
,3.0,,3,boy,เด็กผู้ชาย,non-hateful,พรุ่งนี้กุจะไปกอด{IDENTITY_S},ident_pos_nh,non-hateful,520,520,0,0
3.0,,,3,buddhism,คนพุทธ,hateful,อีพวก{IDENTITY_P}มันโง่เง่ากันทุกคนเลย,derog_neg_attrib_h,hateful,40,40,0,0
3.0,,,3,trans/ladyboy,คนแปลงเพศ,hateful,พวก{IDENTITY_P}คงไม่กล้าขำกุ ถ้ากุเริ่มยิงใส่พวกแม่ง,ref_subs_clause_h,hateful,374,374,0,0
,3.0,,3,disbabled,คนพิการ,non-hateful,"การที่มึงบอกว่า ""{IDENTITY_P} แม่งเป็นพวกขยะ"" มันแสดงถึงตัวมึงเองนะเว้ย",counter_quote_nh,non-hateful,551,551,0,0
3.0,,,3,buddhism,คนพุทธ,hateful,อีพวก{IDENTITY_P}เป็นขยะสังคม,derog_dehum_h,hateful,48,48,0,0
,3.0,,3,gay,เกย์,non-hateful,"เราไม่ให้เกียรติคนที่เขียนว่า ""มี{SLUR_P}เยอะเกินในประเทศนี้""",counter_quote_nh,non-hateful,546,546,0,0
3.0,,,3,labour workers,แรงงาน,hateful,พวก{IDENTITY_P}แม่งไม่ให้เกียรติพวกเรา กุจะทำให้พวกมันรู้สำนึกบ้าง,ref_subs_sent_h,hateful,393,393,0,0
3.0,,,3,islam,คนอิสลาม,hateful,แม่งโคตรเกลียดพวก{IDENTITY_P}ที่อยู่แถวนี้,derog_neg_emote_h,hateful,6,6,0,0
3.0,,,3,male,ผู้ชาย,hateful,ถ้าถามเราอ่ะนะ{IDENTITY_P}แบบมึงก็ไม่ต่างจากหนูหรอก,phrase_opinion_h,hateful,471,471,0,0
,3.0,,3,Thai Isan,คนอีสาน,non-hateful,"เราไม่ให้เกียรติคนที่เขียนว่า ""มี{SLUR_P}เยอะเกินในประเทศนี้""",counter_quote_nh,non-hateful,546,546,0,0
,3.0,,3,gay,เกย์,non-hateful,มากกว่าครึ่งที่เป็น{IDENTITY_P},ident_neutral_nh,non-hateful,494,494,0,1
3.0,,,3,tomboy,ทอม,hateful,ในโลกที่ยุติธรรม อีพวก{IDENTITY_P}อย่างมึงควรตายห่าให้หมด,threat_norm_h,hateful,114,114,0,0
3.0,,,3,christianity,คนคริสต์,hateful,ในโลกที่ยุติธรรม อีพวก{IDENTITY_P}อย่างมึงควรตายห่าให้หมด,threat_norm_h,hateful,114,114,0,0
1.0,2.0,,2,Chinese-Thai,คนไทยเชื้อสายจีน,non-hateful,อย่ายืนเฉยดิ พวก{IDENTITY_P}กำลังโดนฆ่าอยู่,negate_neg_nh,non-hateful,440,440,0,0
,3.0,,3,elderly,ผู้สูงอายุ,non-hateful,เค้าจะทำให้{IDENTITY_P}ยิ้มให้ได้,ident_pos_nh,non-hateful,522,522,0,0
3.0,,,3,trans/ladyboy,คนแปลงเพศ,hateful,อีพวก{IDENTITY_P}แบบมึงควรรู้ว่าชีวิตมึงไร้ค่า,ref_subs_clause_h,hateful,371,371,0,0
,3.0,,3,tomboy,ทอม,non-hateful,ไม่มี{IDENTITY_S}คนไหนสมควรโดนประหารชีวิตทั้งนั้นแหละ,negate_neg_nh,non-hateful,441,441,0,0
3.0,,,3,Thai-Central,คนกรุง,hateful,เท่าที่เรารู้อีพวก{IDENTITY_P}เป็นขยะของมนุษย์,phrase_opinion_h,hateful,469,469b,0,0
3.0,,,3,Thai-Laos,คนลาว,hateful,ให้ตายยังไงกุก็ไม่เดทกับ{IDENTITY_S}หรอก,derog_impl_h,hateful,76,76,0,0
3.0,,,3,male,ผู้ชาย,hateful,สำหรับกูแล้ว ไอ้พวก{IDENTITY_P}ก็ไปตายซะเถอะ,phrase_opinion_h,hateful,480,480,0,0
3.0,,,3,girl,เด็กผู้หญิง,hateful,กุว่ามีแค่{IDENTITY_P}เท่านั้นแหละที่โง่ขนาดนี้,phrase_opinion_h,hateful,463,463,0,0
3.0,,,3,tomboy,ทอม,hateful,{IDENTITY_P} แบบมึงน่ะ ไม่ต่างอะไรกับหนูตามท่อเลย,derog_dehum_h,hateful,51,51,0,0
3.0,,,3,disbabled,คนพิการ,hateful,ไอ้ลิงนั้นฉลาดกว่าพวก{IDENTITY_P}รวมกันอีก,derog_impl_h,hateful,64,64,0,0
1.0,2.0,,2,elderly,ผู้สูงอายุ,non-hateful,มันทำงานกับพวก{IDENTITY_P}เยอะ,ident_neutral_nh,non-hateful,486,486,0,0
1.0,2.0,,2,Thai,คนไทย,non-hateful,มันทำงานกับพวก{IDENTITY_P}เยอะ,ident_neutral_nh,non-hateful,486,486,0,0
1.0,2.0,,2,gay,เกย์,non-hateful,คนต้องเข้าใจว่า{IDENTITY_P}ไม่ใช่ภัยต่อสังคม,negate_neg_nh,non-hateful,425,425,0,0
3.0,,,3,Thai-Laos,คนลาว,hateful,{IDENTITY_P}สมควรจะอยู่ในสวนสัตว์เลย,derog_impl_h,hateful,61,61,0,0
,3.0,,3,christianity,คนคริสต์,non-hateful,"อะไรที่ทำให้มึงพูดว่า ""{IDENTITY_P} น่ารังเกียจขนาดนี้""",counter_quote_nh,non-hateful,533,533,0,0
1.0,2.0,,1,disbabled,คนพิการ,non-hateful,การลงโทษด้วยการเผาทั้งเป็นกับ{IDENTITY_P}มันรุนแรงเกินไป,threat_norm_h,hateful,120,120b,0,0
3.0,,,3,Thai-Laos,คนลาว,hateful,{IDENTITY_P} พวกนี้มันเข้ากับสังคมไม่ได้หรอก ควรโดนประหารให้หมด,ref_subs_sent_h,hateful,397,397,0,0
,3.0,,3,hinduism,คนฮินดู,non-hateful,เราควรเคารพ{IDENTITY_P} นะ,ident_pos_nh,non-hateful,525,525b,0,0
3.0,,,3,Highland Indigenous People,คนกะเหรี่ยง,hateful,เป็นธรรมดาของ{IDENTITY_S}ที่จะเหี้ยแบบนี้,profanity_h,hateful,252,252,0,0
3.0,,,3,Highland Indigenous People,คนกะเหรี่ยง,hateful,ให้ตายยังไงกุก็ไม่เดทกับ{IDENTITY_S}หรอก,derog_impl_h,hateful,76,76,0,0
3.0,,,3,labour workers,แรงงาน,hateful,พวกมึงและ{IDENTITY_P}ในประเทศนี้ทำให้กุโคตรโกรธเลย,derog_neg_emote_h,hateful,18,18,0,0
,3.0,,3,Thai Isan,คนอีสาน,non-hateful,เราไม่ควรปล่อยให้{IDENTITY_P}ต้องทนทุกข์,negate_neg_nh,non-hateful,439,439,0,0
3.0,,,3,elderly,ผู้สูงอายุ,hateful,{IDENTITY_P} พวกนี้มันเข้ากับสังคมไม่ได้หรอก ควรโดนประหารให้หมด,ref_subs_sent_h,hateful,397,397,0,0
3.0,,,3,women,ผู้หญิง,hateful,คนไม่รู้จริงๆ เหรอว่า{IDENTITY_P}น่ารังเกียจ,phrase_question_h,hateful,445,445,0,0
,3.0,,3,trans/ladyboy,ตุ๊ด,non-hateful,"ใครที่ส่งข้อความมาให้กุว่า ""มึงมันก็แค่{SLUR_S}สำหรับกุ"" กุจะบล็อกให้หมด",counter_quote_nh,non-hateful,547,547,0,0
1.0,2.0,,2,hinduism,คนฮินดู,non-hateful,กุอยู่กับพวก{IDENTITY_P}สองคน,ident_neutral_nh,non-hateful,483,483,0,0
3.0,,,3,girl,เด็กผู้หญิง,hateful,ขอให้{IDENTITY_P}ตายห่าให้หมด,threat_dir_h,hateful,98,98,0,0
,3.0,,3,gay,เกย์,non-hateful,เราควรเคารพ{IDENTITY_P} นะ,ident_pos_nh,non-hateful,525,525b,0,0
,3.0,,3,Thai Isan,คนอีสาน,non-hateful,อย่ายืนเฉยดิ พวก{IDENTITY_P}กำลังโดนฆ่าอยู่,negate_neg_nh,non-hateful,440,440,0,0
1.0,2.0,,2,Chinese-Thai,คนไทยเชื้อสายจีน,non-hateful,ดีใจที่คนเริ่มรู้แล้วว่า{IDENTITY_P}ไม่ได้โง่เลยสักนิด,negate_neg_nh,non-hateful,426,426b,0,0
3.0,,,3,Cambodians,คนขแมร์,hateful,ชีวิตพวก{IDENTITY_A}มันไร้ค่า,derog_dehum_h,hateful,53,53,0,0
,3.0,,3,disbabled,คนพิการ,non-hateful,กุรัก{IDENTITY_P}มากกกกก,ident_pos_nh,non-hateful,503,503,0,0
3.0,,,3,boy,เด็กผู้ชาย,hateful,พวก{IDENTITY_P}แม่งโคตรน่ารำคาญเลยว่ะ,derog_dehum_h,hateful,57,57,0,0
3.0,,,3,elderly,ผู้สูงอายุ,hateful,อีพวก{IDENTITY_P}ไม่ควรอยู่บนโลกนี้,negate_pos_h,hateful,421,421a,0,0
3.0,,,3,women,ผู้หญิง,hateful,พวก{IDENTITY_P}แม่งโคตรน่ารำคาญเลยว่ะ,derog_dehum_h,hateful,57,57,0,0
3.0,,,3,islam,คนอิสลาม,hateful,{IDENTITY_P} พวกนี้ควรจะถูกประหารให้สิ้นซากไป,threat_norm_h,hateful,112,112a,0,0
3.0,,,3,migrant workers,แรงงานต่างด้าว,hateful,ไอพวก{IDENTITY_P}แบบมึงไม่คู่ควรจะอยู่ต่อไป,threat_norm_h,hateful,102,102,0,0
,3.0,,3,christianity,คนคริสต์,non-hateful,"มึงเขียนไปดิว่า ""กุจะฆ่า{IDENTITY_S}"" แค่มึงเตรียมโดนฟ้องศาลได้เลย",counter_quote_nh,non-hateful,543,543,0,0
,3.0,,3,buddhism,คนพุทธ,non-hateful,ดีใจที่คนเริ่มรู้แล้วว่า{IDENTITY_P}ไม่ได้โง่เลยสักนิด,negate_neg_nh,non-hateful,426,426b,0,0
,3.0,,3,Malay,คนมาเล,non-hateful,"กุจะไม่ทนกับโพสต์แบบว่า ""{IDENTITY_P} น่ารังเกียจ""เลย",counter_quote_nh,non-hateful,536,536,0,0
,3.0,,3,hinduism,คนฮินดู,non-hateful,"ควรโดนแบนไปเลยที่ไปบอกว่า ""{IDENTITY_P} สมควรตาย""",counter_quote_nh,non-hateful,544,544,0,0
3.0,,,3,buddhism,คนพุทธ,hateful,เกลียดพวก{IDENTITY_P}จนไม่รู้จะพูดยังไงดี,derog_neg_emote_h,hateful,19,19,0,0
3.0,,,3,buddhism,คนพุทธ,hateful,พวก{IDENTITY_P}คงไม่กล้าขำกุ ถ้ากุเริ่มยิงใส่พวกแม่ง,ref_subs_clause_h,hateful,374,374,0,0
3.0,,,3,hinduism,คนฮินดู,hateful,พวก{IDENTITY_P}แม่งโคตรน่ารำคาญเลยว่ะ,derog_dehum_h,hateful,57,57,0,0
3.0,,,3,Malay,คนมาเล,hateful,กุว่ามีแค่{IDENTITY_P}เท่านั้นแหละที่โง่ขนาดนี้,phrase_opinion_h,hateful,463,463,0,0
3.0,,,3,Highland Indigenous People,คนกะเหรี่ยง,hateful,พวก{IDENTITY_P}อย่างมึงนี่มันน่าสมเพชจริงๆ,derog_neg_attrib_h,hateful,29,29,0,0
3.0,,,3,Cambodians,คนเขมร,hateful,อีพวก{IDENTITY_P}โง่กันทุกคน,negate_pos_h,hateful,404,404,0,0
1.0,2.0,,2,,,non-hateful,ไอ้เหี้ยนี่แม่งเลวชิบหาย,target_indiv_nh,non-hateful,700,700,0,0
3.0,,,3,Thai-Laos,คนลาว,hateful,พวก{IDENTITY_P}ไปตายซะเถอะ,profanity_h,hateful,243,243,0,0
3.0,,,3,male,ผู้ชาย,hateful,พวก{IDENTITY_P}นี่มันน่าขยะแขยงจริงๆ,derog_neg_attrib_h,hateful,24,24,0,0
,3.0,,3,Chinese-Thai,คนไทยเชื้อสายจีน,non-hateful,{IDENTITY_P} นี่แหละ ที่สมควรเป็นหนึ่งในรัฐบาลของเรา,ident_pos_nh,non-hateful,518,518,0,0
3.0,,,3,hinduism,คนฮินดู,hateful,พวก{IDENTITY_P}ไปตายซะเถอะ,profanity_h,hateful,243,243,0,0
,3.0,,3,islam,คนอิสลาม,non-hateful,มีแต่{IDENTITY_P}เท่านั้นแหละ ที่ใจดีและเห็นอกเห็นใจแบบนี้,ident_pos_nh,non-hateful,511,511,0,0
2.0,1.0,,1,Chinese-Thai,คนไทยเชื้อสายจีน,hateful,ไม่รู้ตัวเหรอว่ามึงเหี้ยขนาดไหนที่ไปเรียก{IDENTITY_P}ว่าเป็นขยะ,counter_ref_nh,non-hateful,558,558,0,0
3.0,,,3,elderly,คนสูงวัย,hateful,ชีวิตพวก{IDENTITY_A}มันไร้ค่า,derog_dehum_h,hateful,53,53,0,0
3.0,,,3,hinduism,คนฮินดู,hateful,กุจะทำให้พวก{IDENTITY_P}ทรมาณ,threat_dir_h,hateful,85,85,0,0
3.0,,,3,Thai-Laos,คนลาว,hateful,สำหรับกูแล้ว ไอ้พวก{IDENTITY_P}ก็ไปตายซะเถอะ,phrase_opinion_h,hateful,480,480,0,0
3.0,,,3,islam,คนอิสลาม,hateful,แน่นอนว่าพวก{IDENTITY_P}ไม่สมควรได้สิทธิมนุษยชน,negate_pos_h,hateful,406,406,0,0
3.0,,,3,tomboy,ทอม,hateful,อีพวก{IDENTITY_P}ไม่เหมือนเราเลย มันต้องตาย,ref_subs_clause_h,hateful,375,375,0,0
,3.0,,3,boy,เด็กผู้ชาย,non-hateful,ดีใจที่คนเริ่มรู้แล้วว่า{IDENTITY_P}ไม่ได้โง่เลยสักนิด,negate_neg_nh,non-hateful,426,426b,0,0
3.0,,,3,migrant workers,แรงงานต่างด้าว,hateful,เออ ถึงเวลายอมรับกันได้แล้วว่า{IDENTITY_P}มันเหมือนเซลล์ร้ายเลยละ,phrase_question_h,hateful,452,452b,0,0
,3.0,,3,tomboy,ทอม,non-hateful,พรุ่งนี้กุจะไปช่วย{IDENTITY_S},ident_pos_nh,non-hateful,523,523,0,0
2.0,1.0,,2,tomboy,ทอม,hateful,ถ้าพวก{IDENTITY_P}อย่างมึงไม่ยอมปรับตัวเข้าหาสังคม ก็สมควรโดนแบบนี้แหละ,ref_subs_clause_h,hateful,376,376,0,0
3.0,,,3,Cambodians,คนเขมร,hateful,อยากให้มีคนไปหักคอไอ้พวก{IDENTITY_P}จริงๆ,phrase_opinion_h,hateful,478,478,0,0
3.0,,,3,Thai-Central,คนเมือง,hateful,กุจะหักคอมึง ไอ{IDENTITY_A},threat_dir_h,hateful,91,91,1,0
3.0,,,3,Thai-Laos,คนลาว,hateful,ควรให้คนไปจัดการกับไอพวก{IDENTITY_P}ให้หมด,threat_norm_h,hateful,119,119,0,0
3.0,,,3,Chinese-Thai,คนไทยเชื้อสายจีน,hateful,เมื่อไหร่คนจะเข้าใจว่าอีพวก{IDENTITY_P}นี่แหละที่โหดและรุนแรง,phrase_question_h,hateful,447,447,0,0
3.0,,,3,Cambodians,คนเขมร,hateful,พวกมึงกับ{IDENTITY_P}ทั้งหมดคือโรคร้ายของสังคมเลยละ,derog_dehum_h,hateful,58,58,0,0
3.0,,,3,women,ผู้หญิง,hateful,ให้ตายยังไงกุก็ไม่เดทกับ{IDENTITY_S}หรอก,derog_impl_h,hateful,76,76,0,0
3.0,,,3,girl,เด็กผู้หญิง,hateful,มีแต่พวก io จาก{IDENTITY_P}เท่านั้นแหละที่คอยมาแซะรัฐบาล,derog_dehum_h,hateful,60,60b,0,0
2.0,1.0,,2,male,ชายแท้,hateful,พวกมันก็แค่{SLUR_P},slur_h,hateful,125,125,0,1
3.0,,,3,gay,เกย์,hateful,พวกมึงกับ{IDENTITY_P}ทั้งหมดคือโรคร้ายของสังคมเลยละ,derog_dehum_h,hateful,58,58,0,0
3.0,,,3,Thai-Central,คนกรุง,hateful,เกลียดพวก{IDENTITY_P}จนไม่รู้จะพูดยังไงดี,derog_neg_emote_h,hateful,19,19,0,0
3.0,,,3,trans/ladyboy,คนแปลงเพศ,hateful,กุไม่ได้มีปัญหาอะไรกับพวก{IDENTITY_P}หรอก แต่ส่วนมากพวกมันน่ารังเกียจชิบหาย,ref_subs_clause_h,hateful,365,365,0,0
3.0,,,3,tomboy,ทอม,hateful,แน่นอนว่าพวก{IDENTITY_P}ไม่สมควรได้สิทธิมนุษยชน,negate_pos_h,hateful,406,406,0,0
3.0,,,3,girl,เด็กผู้หญิง,hateful,แน่นอนว่าพวก{IDENTITY_P}ไม่สมควรได้สิทธิมนุษยชน,negate_pos_h,hateful,406,406,0,0
,3.0,,3,migrant workers,แรงงานต่างด้าว,non-hateful,"ใครที่ส่งข้อความมาให้กุว่า ""มึงมันก็แค่{SLUR_S}สำหรับกุ"" กุจะบล็อกให้หมด",counter_quote_nh,non-hateful,547,547,0,0
3.0,,,3,labour workers,แรงงาน,hateful,อีพวก{IDENTITY_P}เป็นขยะสังคม,derog_dehum_h,hateful,48,48,0,0
,3.0,,3,Chinese-Thai,คนไทยเชื้อสายจีน,non-hateful,"ใครที่ส่งข้อความมาให้กุว่า ""มึงมันก็แค่{SLUR_S}สำหรับกุ"" กุจะบล็อกให้หมด",counter_quote_nh,non-hateful,547,547,0,0
3.0,,,3,Thai Isan,คนอีสาน,hateful,กุเกลียดพวก{IDENTITY_P}มากๆ,derog_neg_emote_h,hateful,8,8,0,0
3.0,,,3,Thai-Laos,คนลาว,hateful,งงว่าทำไมคนถึงสนใจไอพวก{IDENTITY_P},derog_impl_h,hateful,71,71,0,0
,3.0,,3,tomboy,ทอม,non-hateful,"ควรโดนแบนไปเลยที่ไปบอกว่า ""{IDENTITY_P} สมควรตาย""",counter_quote_nh,non-hateful,544,544,0,0
3.0,,,3,Thai-Laos,คนลาว,hateful,เท่าที่เรารู้อีพวก{IDENTITY_P}เป็นขยะของมนุษย์,phrase_opinion_h,hateful,469,469b,0,0
,3.0,,3,Malay,คนมาเล,non-hateful,โรงเรียนกูแทบไม่มีพวก{IDENTITY_P},ident_neutral_nh,non-hateful,497,497a,0,1
3.0,,,3,gay,เกย์,hateful,เราจะยิง{IDENTITY_S}ต่อไปที่เห็น,threat_dir_h,hateful,84,84a,1,0
3.0,,,3,hinduism,คนฮินดู,hateful,จะทรมานพวก{IDENTITY_P}แบบไม่มีเมตตา,threat_dir_h,hateful,93,93,0,0
,3.0,,3,Thai,คนไทย,non-hateful,เค้าจะทำให้{IDENTITY_P}ยิ้มให้ได้,ident_pos_nh,non-hateful,522,522,0,0
3.0,,,3,migrant workers,แรงงานต่างด้าว,hateful,เกลียดไอ{IDENTITY_S}ที่สุดในโลก,derog_impl_h,hateful,79,79,0,0
3.0,,,3,gay,เกย์,hateful,เราไม่กินอาหารที่กับอิพวก{IDENTITY_S}จับเด็ดขาด,derog_impl_h,hateful,66,66a,1,0
3.0,,,3,Thai Isan,คนอีสาน,hateful,คงจะดีถ้ามีคนไปรัดคอพวก{IDENTITY_P}ให้ตายๆ ไป,threat_norm_h,hateful,113,113a,0,0
,3.0,,3,Highland Indigenous People,คนกะเหรี่ยง,non-hateful,ไม่มี{IDENTITY_S}คนไหนสมควรโดนประหารชีวิตทั้งนั้นแหละ,negate_neg_nh,non-hateful,441,441,0,0
,3.0,,3,buddhism,คนพุทธ,non-hateful,"ประโยคอย่าง ""อีพวก{IDENTITY_P}เป็นขยะ"" มันเจ็บใจสุดๆ",counter_quote_nh,non-hateful,537,537,0,0
3.0,,,3,Myanmar,คนพม่า,hateful,ไอพวก{IDENTITY_P}ไปตายซะเถอะ,profanity_h,hateful,246,246,0,0
3.0,,,3,trans/ladyboy,คนแปลงเพศ,hateful,กำจัด{IDENTITY_P}ให้สิ้นซากไปเลยดีกว่า,threat_dir_h,hateful,95,95,0,0
3.0,,,3,women,ผู้หญิง,hateful,จะทรมานพวก{IDENTITY_P}แบบไม่มีเมตตา,threat_dir_h,hateful,93,93,0,0
1.0,2.0,,1,Thai,คนไทย,non-hateful,การลงโทษด้วยการเผาทั้งเป็นกับ{IDENTITY_P}มันรุนแรงเกินไป,threat_norm_h,hateful,120,120b,0,0
3.0,,,3,hinduism,คนฮินดู,hateful,มันเป็นสันดานของอีพวก{IDENTITY_P}ที่จะไม่มีวันเจริญ,derog_neg_attrib_h,hateful,32,32,0,0
,3.0,,3,disbabled,คนพิการ,non-hateful,เค้าจะทำให้{IDENTITY_P}ยิ้มให้ได้,ident_pos_nh,non-hateful,522,522,0,0
1.0,2.0,,1,Thai-Laos,คนลาว,non-hateful,การลงโทษด้วยการเผาทั้งเป็นกับ{IDENTITY_P}มันรุนแรงเกินไป,threat_norm_h,hateful,120,120b,0,0
,3.0,,3,gay,เกย์,non-hateful,กุไม่มีทางทำร้าย{IDENTITY_S}เด็ดขาด,negate_neg_nh,non-hateful,434,434,0,0
3.0,,,3,Thai-Central,คนกรุง,hateful,อีพวก{IDENTITY_P}มันโง่เง่ากันทุกคนเลย,derog_neg_attrib_h,hateful,40,40,0,0
3.0,,,3,Malay,คนมาเล,hateful,พวก{IDENTITY_P}แม่งโคตรน่ารำคาญเลยว่ะ,derog_dehum_h,hateful,57,57,0,0
,3.0,,3,Cambodians,คนเขมร,non-hateful,เราไม่ควรปล่อยให้{IDENTITY_P}ต้องทนทุกข์,negate_neg_nh,non-hateful,439,439,0,0
3.0,,,3,disbabled,คนพิการ,hateful,พวกเราจะโจมตีพวก{IDENTITY_P}อย่างมึงจนกว่ามึงจะหายไป,threat_dir_h,hateful,92,92,0,0
3.0,,,3,women,ผู้หญิง,hateful,ไอ้ลิงนั้นฉลาดกว่าพวก{IDENTITY_P}รวมกันอีก,derog_impl_h,hateful,64,64,0,0
3.0,,,3,islam,คนอิสลาม,hateful,ไอ้ลิงนั้นฉลาดกว่าพวก{IDENTITY_P}รวมกันอีก,derog_impl_h,hateful,64,64,0,0
3.0,,,3,christianity,คนคริสต์,hateful,พวก{IDENTITY_P}แม่งโคตรน่ารำคาญเลยว่ะ,derog_dehum_h,hateful,57,57,0,0
3.0,,,3,tomboy,ทอม,hateful,อีพวก{IDENTITY_P}แบบมึงควรรู้ว่าชีวิตมึงไร้ค่า,ref_subs_clause_h,hateful,371,371,0,0
3.0,,,3,Malay,คนมาเล,hateful,{IDENTITY_P} พวกนี้ควรจะถูกประหารให้สิ้นซากไป,threat_norm_h,hateful,112,112a,0,0
3.0,,,3,hinduism,คนฮินดู,hateful,{IDENTITY_P} คงคิดว่ามันพิเศษกว่าคนอื่น กุเกลียดคนแบบนี้ชิบหาย,ref_subs_sent_h,hateful,382,382a,0,0
1.0,2.0,,2,Cambodians,คนเขมร,non-hateful,นี่เป็นครั้งแรกที่{IDENTITY_S}ถูกเสนอชื่อขึ้นมา,ident_neutral_nh,non-hateful,493,493,0,0
3.0,,,3,trans/ladyboy,คนแปลงเพศ,hateful,เมื่อไหร่คนจะเข้าใจว่าอีพวก{IDENTITY_P}นี่แหละที่โหดและรุนแรง,phrase_question_h,hateful,447,447,0,0
3.0,,,3,Chinese-Thai,คนไทยเชื้อสายจีน,hateful,เจอ{IDENTITY_P}มาหลายคน กุเกลียดหมดเลย,ref_subs_clause_h,hateful,362,362,0,0
3.0,,,3,hinduism,คนฮินดู,hateful,คงจะดีถ้ามีคนไปรัดคอพวก{IDENTITY_P}ให้ตายๆ ไป,threat_norm_h,hateful,113,113a,0,0
3.0,,,3,Myanmar,คนพม่า,hateful,เป็นธรรมดาของ{IDENTITY_S}ที่จะเหี้ยแบบนี้,profanity_h,hateful,252,252,0,0
3.0,,,3,Thai-Laos,คนลาว,hateful,อีพวก{IDENTITY_P} เหี้ยทั้งนั้น,ref_subs_sent_h,hateful,400,400,0,0
1.0,2.0,,2,hinduism,คนฮินดู,non-hateful,พรุ่งนี้กุจะไปช่วย{IDENTITY_S},ident_pos_nh,non-hateful,523,523,0,0
1.0,2.0,,2,disbabled,คนพิการ,non-hateful,ใครที่ไปแช่งว่า{IDENTITY_P}ควรตายๆ ไป สมควรโดนจับเข้าคุกให้หมด,counter_quote_nh,non-hateful,542,542,0,0
1.0,2.0,,2,trans/ladyboy,ตุ๊ด,non-hateful,ทำไมคิดว่ามันโอเคที่จะเรียกกุว่า{SLUR_S},counter_ref_nh,non-hateful,568,568,0,0
3.0,,,3,buddhism,คนพุทธ,hateful,กุว่ามีแค่{IDENTITY_P}เท่านั้นแหละที่โง่ขนาดนี้,phrase_opinion_h,hateful,463,463,0,0
,3.0,,3,migrant workers,แรงงานต่างด้าว,non-hateful,มี{IDENTITY_P}ในคอร์สมึงป่ะ,ident_neutral_nh,non-hateful,488,488,0,1
3.0,,,3,Myanmar,คนพม่า,hateful,มันเป็นสันดานของไอพวก{IDENTITY_S}ที่น่ารำคาญและเหี้ย,profanity_h,hateful,259,259,0,0
1.0,2.0,,2,women,นาง,non-hateful,เราไม่เคยมีประธานาธิบดีที่เป็น{IDENTITY_A}เลย,ident_neutral_nh,non-hateful,496,496,2,0
3.0,,,3,Malay,คนมาเล,hateful,อีพวก{IDENTITY_P}ไม่ควรอยู่บนโลกนี้,negate_pos_h,hateful,421,421a,0,0
3.0,,,3,Malay,คนมาเล,hateful,น่าจะมีใครไปแทงพวก{IDENTITY_P}ให้ตายๆ ไปซะที,threat_norm_h,hateful,118,118,0,0
3.0,,,3,Myanmar,คนพม่า,hateful,คงจะดีถ้ามีคนไปรัดคอพวก{IDENTITY_P}ให้ตายๆ ไป,threat_norm_h,hateful,113,113a,0,0
3.0,,,3,boy,เด็กผู้ชาย,hateful,พวก{IDENTITY_P}คงไม่กล้าขำกุ ถ้ากุเริ่มยิงใส่พวกแม่ง,ref_subs_clause_h,hateful,374,374,0,0
2.0,1.0,,1,gay,เกย์,hateful,ไม่รู้ตัวเหรอว่ามึงเหี้ยขนาดไหนที่ไปเรียก{IDENTITY_P}ว่าเป็นขยะ,counter_ref_nh,non-hateful,558,558,0,0
3.0,,,3,Highland Indigenous People,คนกะเหรี่ยง,hateful,กูจะทำร้ายพวก{IDENTITY_P}แบบมึง,threat_dir_h,hateful,88,88,0,0
3.0,,,3,Highland Indigenous People,คนกะเหรี่ยง,hateful,ไอพวก{IDENTITY_P}ไม่ควรมีที่ยืนในประเทศที่เจริญแล้วแบบนี้,derog_impl_h,hateful,80,80,0,0
3.0,,,3,male,ผู้ชาย,hateful,กุต้องไปข่มขืน{IDENTITY_S}วันนี้,threat_dir_h,hateful,87,87,0,0
,3.0,,3,girl,เด็กผู้หญิง,non-hateful,"ควรโดนแบนไปเลยที่ไปบอกว่า ""{IDENTITY_P} สมควรตาย""",counter_quote_nh,non-hateful,544,544,0,0
3.0,,,3,labour workers,แรงงาน,hateful,เท่าที่เรารู้อีพวก{IDENTITY_P}เป็นขยะของมนุษย์,phrase_opinion_h,hateful,469,469b,0,0
3.0,,,3,islam,คนอิสลาม,hateful,ถ้ากุตื่นมาแล้วเป็น{IDENTITY_S} กุคงฆ่าตัวตาย,derog_impl_h,hateful,78,78,0,0
1.0,2.0,,2,Thai,คนไทย,non-hateful,การที่มึงเกลียด{IDENTITY_P}นี่โคตรเข้าใจผิดเลย,counter_ref_nh,non-hateful,552,552,0,0
3.0,,,3,disbabled,คนพิการ,hateful,{IDENTITY_P} พวกนี้ควรจะถูกประหารให้สิ้นซากไป,threat_norm_h,hateful,112,112a,0,0
3.0,,,3,labour workers,แรงงาน,hateful,มันเป็นสันดานของอีพวก{IDENTITY_P}ที่จะไม่มีวันเจริญ,derog_neg_attrib_h,hateful,32,32,0,0
3.0,,,3,Thai-Laos,คนลาว,hateful,เห็นไหมว่าเราจะดีกว่านี้ถ้าอีพวก{IDENTITY_P} ถูกกำจัดออกไป,phrase_question_h,hateful,457,457,0,0
1.0,2.0,,2,Thai Isan,คนอีสาน,non-hateful,เราควรเคารพ{IDENTITY_P} นะ,ident_pos_nh,non-hateful,525,525b,0,0
3.0,,,3,Thai-Central,คนกรุง,hateful,ไม่มีอะไรเหี้ยไปกว่าไอ{IDENTITY_S}แล้ว,derog_neg_emote_h,hateful,14,14,0,0
,3.0,,3,disbabled,คนพิการ,non-hateful,"ควรโดนแบนไปเลยที่ไปบอกว่า ""{IDENTITY_P} สมควรตาย""",counter_quote_nh,non-hateful,544,544,0,0
3.0,,,3,Thai-Central,คนกรุง,hateful,คงจะดีถ้ามีคนไปรัดคอพวก{IDENTITY_P}ให้ตายๆ ไป,threat_norm_h,hateful,113,113a,0,0
3.0,,,3,Cambodians,คนเขมร,hateful,ทำไมไอพวก{IDENTITY_P}เป็นห่ากันแบบนี้หมดเลยวะ,phrase_question_h,hateful,460,460,0,0
1.0,2.0,,2,labour workers,แรงงาน,non-hateful,ตอนนี้เรากำลังเรียนรู้เกี่ยวกับ{IDENTITY_P}เยอะเลย,ident_neutral_nh,non-hateful,489,489,0,0
,3.0,,3,trans/ladyboy,คนแปลงเพศ,non-hateful,มึงต้องรับผิดชอบคำพูดของมึงนะ ถ้ามึงพูดว่ามึงจะไปข่มขืน{IDENTITY_S},counter_ref_nh,non-hateful,562,562,0,0
,3.0,,3,hinduism,คนฮินดู,non-hateful,มันไม่โอเคเลยที่จะเรียกคนว่า{SLUR_S},counter_ref_nh,non-hateful,566,566,1,0
,3.0,,3,tomboy,ทอม,non-hateful,เราต้องไม่ให้{IDENTITY_P}โดนทำร้ายอีกต่อไป,negate_neg_nh,non-hateful,435,435b,0,0
3.0,,,3,labour workers,แรงงาน,hateful,ทุก{IDENTITY_P}น่ารังเกียจ,derog_neg_attrib_h,hateful,22,22a,1,0
3.0,,,3,Highland Indigenous People,คนกะเหรี่ยง,hateful,ไม่น่ามีใครเหี้ยไปกว่าพวก{IDENTITY_P}ละ,derog_neg_emote_h,hateful,12,12,0,0
3.0,,,3,labour workers,แรงงาน,hateful,ไอ้ลิงนั้นฉลาดกว่าพวก{IDENTITY_P}รวมกันอีก,derog_impl_h,hateful,64,64,0,0
1.0,2.0,,2,Chinese-Thai,คนไทยเชื้อสายจีน,non-hateful,มี{IDENTITY_P}ในคอร์สมึงป่ะ,ident_neutral_nh,non-hateful,488,488,0,1
3.0,,,3,gay,เกย์,hateful,{IDENTITY_P}สมควรจะอยู่ในสวนสัตว์เลย,derog_impl_h,hateful,61,61,0,0
3.0,,,3,Thai-Central,คนกรุง,hateful,ไอพวก{IDENTITY_P} ที่คิดว่าตัวเองเท่ากับกู กูโกรธมาก,derog_neg_emote_h,hateful,16,16,0,0
3.0,,,3,tomboy,ทอม,hateful,อีพวก{IDENTITY_P}มันน่ารำคาญจริงๆ,derog_dehum_h,hateful,50,50,0,0
3.0,,,3,tomboy,ทอม,hateful,มันเป็นสันดานของไอพวก{IDENTITY_S}ที่น่ารำคาญและเหี้ย,profanity_h,hateful,259,259,0,0
3.0,,,3,male,ผู้ชาย,hateful,คงจะดีถ้ามีคนไปรัดคอพวก{IDENTITY_P}ให้ตายๆ ไป,threat_norm_h,hateful,113,113a,0,0
3.0,,,3,women,ผู้หญิง,hateful,พวก{IDENTITY_P}นี่มันน่าขยะแขยงจริงๆ,derog_neg_attrib_h,hateful,24,24,0,0
3.0,,,3,women,นาง,hateful,กุว่าชีวิตพวก{IDENTITY_A}แม่งไร้ค่า,phrase_opinion_h,hateful,481,481,0,0
,3.0,,3,Malay,คนมาเลย์,non-hateful,"เราไม่ให้เกียรติคนที่เขียนว่า ""มี{SLUR_P}เยอะเกินในประเทศนี้""",counter_quote_nh,non-hateful,546,546,0,0
,3.0,,3,male,นาย,non-hateful,เราไม่เคยมีประธานาธิบดีที่เป็น{IDENTITY_A}เลย,ident_neutral_nh,non-hateful,496,496,2,0
3.0,,,3,Malay,คนมาเล,hateful,{IDENTITY_P} แบบมึงน่ะ ไม่ต่างอะไรกับหนูตามท่อเลย,derog_dehum_h,hateful,51,51,0,0
3.0,,,3,male,ผู้ชาย,hateful,พวก{IDENTITY_P}แม่งโคตรน่ารำคาญเลยว่ะ,derog_dehum_h,hateful,57,57,0,1
3.0,,,3,Thai Isan,คนอีสาน,hateful,หมากุยังฉลาดกว่าพวก{IDENTITY_S}ทุกตัวเลย,derog_impl_h,hateful,63,63,0,0
,3.0,,3,buddhism,คนพุทธ,non-hateful,มากกว่าครึ่งที่เป็น{IDENTITY_P},ident_neutral_nh,non-hateful,494,494,0,1
3.0,,,3,gay,เกย์,hateful,อีพวก{IDENTITY_P}มันโง่เง่ากันทุกคนเลย,derog_neg_attrib_h,hateful,40,40,0,0
,3.0,,3,Thai Isan,คนอีสาน,non-hateful,"ใครที่ส่งข้อความมาให้กุว่า ""มึงมันก็แค่{SLUR_S}สำหรับกุ"" กุจะบล็อกให้หมด",counter_quote_nh,non-hateful,547,547,0,0
3.0,,,3,Thai-Laos,คนลาว,hateful,เจอ{IDENTITY_P}มาหลายคน กุเกลียดหมดเลย,ref_subs_clause_h,hateful,362,362,0,0
3.0,,,3,Highland Indigenous People,คนกะเหรี่ยง,hateful,พวก{IDENTITY_P}คงไม่กล้าขำกุ ถ้ากุเริ่มยิงใส่พวกแม่ง,ref_subs_clause_h,hateful,374,374,0,0
3.0,,,3,Cambodians,คนเขมร,hateful,ถ้า{IDENTITY_P}หายไปจากโลกนี้ ชีวิตเราคงจะดีขึ้นเยอะ,threat_norm_h,hateful,107,107,0,0
3.0,,,3,Cambodians,คนเขมร,hateful,กุว่ามีแค่{IDENTITY_P}เท่านั้นแหละที่โง่ขนาดนี้,phrase_opinion_h,hateful,463,463,0,0
3.0,,,3,gay,เกย์,hateful,พวก{IDENTITY_P}ก็แบบนี้แหละ มันน่ารังเกียจชิบหาย,ref_subs_sent_h,hateful,385,385,0,0
,3.0,,3,Chinese-Thai,คนไทยเชื้อสายจีน,non-hateful,กุรัก{IDENTITY_P}มากกกกก,ident_pos_nh,non-hateful,503,503,0,0
,3.0,,3,trans/ladyboy,คนแปลงเพศ,non-hateful,"ประโยคอย่าง ""อีพวก{IDENTITY_P}เป็นขยะ"" มันเจ็บใจสุดๆ",counter_quote_nh,non-hateful,537,537,0,0
3.0,,,3,Malay,คนมาเล,hateful,{IDENTITY_P}สมควรจะอยู่ในสวนสัตว์เลย,derog_impl_h,hateful,61,61,0,0
,3.0,,3,migrant workers,แรงงานต่างด้าว,non-hateful,"กุจะไม่ทนกับโพสต์แบบว่า ""{IDENTITY_P} น่ารังเกียจ""เลย",counter_quote_nh,non-hateful,536,536,0,0
3.0,,,3,labour workers,แรงงาน,hateful,เมื่อไหร่คนจะเข้าใจว่าอีพวก{IDENTITY_P}นี่แหละที่โหดและรุนแรง,phrase_question_h,hateful,447,447,0,0
3.0,,,3,girl,เด็กผู้หญิง,hateful,มันเป็นสันดานของไอพวก{IDENTITY_S}ที่น่ารำคาญและเหี้ย,profanity_h,hateful,259,259,0,0
3.0,,,3,Malay,คนมาเล,hateful,ถ้า{IDENTITY_P}หายไปจากโลกนี้ ชีวิตเราคงจะดีขึ้นเยอะ,threat_norm_h,hateful,107,107,0,0
3.0,,,3,islam,คนอิสลาม,hateful,พวก{IDENTITY_P}นี่มันน่าขยะแขยงจริงๆ,derog_neg_attrib_h,hateful,24,24,0,0
3.0,,,3,Myanmar,คนพม่า,hateful,พวก{IDENTITY_P}คงไม่กล้าขำกุ ถ้ากุเริ่มยิงใส่พวกแม่ง,ref_subs_clause_h,hateful,374,374,0,0
,3.0,,3,Highland Indigenous People,คนกะเหรี่ยง,non-hateful,"ใครที่ส่งข้อความมาให้กุว่า ""มึงมันก็แค่{SLUR_S}สำหรับกุ"" กุจะบล็อกให้หมด",counter_quote_nh,non-hateful,547,547,0,0
,3.0,,3,Cambodians,คนเขมร,non-hateful,กุรัก{IDENTITY_P}มากกกกก,ident_pos_nh,non-hateful,503,503,0,0
1.0,2.0,,2,Myanmar,คนพม่า,non-hateful,โรงเรียนกูแทบไม่มีพวก{IDENTITY_P},ident_neutral_nh,non-hateful,497,497a,0,1
3.0,,,3,trans/ladyboy,คนแปลงเพศ,hateful,พวก{IDENTITY_P}แม่งไม่ให้เกียรติพวกเรา กุจะทำให้พวกมันรู้สำนึกบ้าง,ref_subs_sent_h,hateful,393,393,0,0
3.0,,,3,Malay,คนมาเล,hateful,ไอพวก{IDENTITY_P} ที่คิดว่าตัวเองเท่ากับกู กูโกรธมาก,derog_neg_emote_h,hateful,16,16,0,0
3.0,,,3,trans/ladyboy,คนแปลงเพศ,hateful,พวก{IDENTITY_P}แม่งโคตรน่ารำคาญเลยว่ะ,derog_dehum_h,hateful,57,57,0,0
3.0,,,3,gay,เกย์,hateful,กุจะทำให้พวก{IDENTITY_P}ทรมาณ,threat_dir_h,hateful,85,85,0,0
3.0,,,3,disbabled,คนพิการ,hateful,พวก{IDENTITY_P}มันรกโลก,derog_dehum_h,hateful,55,55,0,0
3.0,,,3,Highland Indigenous People,คนกะเหรี่ยง,hateful,ไอสัด {IDENTITY_S}จะต้องตายด้วยความทรมาณจากมือของกุ,threat_dir_h,hateful,100,100,0,0
3.0,,,3,gay,เกย์,hateful,ให้ตายยังไงกุก็ไม่เดทกับ{IDENTITY_S}หรอก,derog_impl_h,hateful,76,76,0,0
3.0,,,3,hinduism,คนฮินดู,hateful,ก็แค่พวก{IDENTITY_P} ยิงแม่งทิ้งไปเลยดีกว่า,ref_subs_sent_h,hateful,396,396,0,0
3.0,,,3,christianity,คนคริสต์,hateful,พวกมันก็แค่{SLUR_P},slur_h,hateful,125,125,0,1
3.0,,,3,Myanmar,คนพม่า,hateful,พวก{IDENTITY_P}ต้องไสหัวออกไปจากประเทศของเราให้หมด,profanity_h,hateful,245,245,0,0
3.0,,,3,Thai-Laos,คนลาว,hateful,มันเป็นสันดานของไอพวก{IDENTITY_S}ที่น่ารำคาญและเหี้ย,profanity_h,hateful,259,259,0,0
3.0,,,3,Thai-Central,คนกรุง,hateful,เห็นไหมว่าเราจะดีกว่านี้ถ้าอีพวก{IDENTITY_P} ถูกกำจัดออกไป,phrase_question_h,hateful,457,457,0,0
3.0,,,3,Thai Isan,คนอีสาน,hateful,อีพวก{IDENTITY_P}มันน่ารำคาญจริงๆ,derog_dehum_h,hateful,50,50,0,0
3.0,,,3,migrant workers,แรงงานต่างด้าว,hateful,กุไม่ได้มีปัญหาอะไรกับพวก{IDENTITY_P}หรอก แต่ส่วนมากพวกมันน่ารังเกียจชิบหาย,ref_subs_clause_h,hateful,365,365,0,0
,3.0,,3,Chinese-Thai,คนไทยเชื้อสายจีน,non-hateful,มึงต้องรับผิดชอบคำพูดของมึงนะ ถ้ามึงพูดว่ามึงจะไปข่มขืน{IDENTITY_S},counter_ref_nh,non-hateful,562,562,0,0
3.0,,,3,migrant workers,แรงงานต่างด้าว,hateful,กูจะทำร้ายพวก{IDENTITY_P}แบบมึง,threat_dir_h,hateful,88,88,0,0
3.0,,,3,Chinese-Thai,คนไทยเชื้อสายจีน,hateful,พวก{IDENTITY_P}อย่างมึงนี่มันน่าสมเพชจริงๆ,derog_neg_attrib_h,hateful,29,29,0,0
,3.0,,3,Thai Isan,คนอีสาน,non-hateful,กุอยู่กับพวก{IDENTITY_P}สองคน,ident_neutral_nh,non-hateful,483,483,0,0
3.0,,,3,Thai,คนไทย,hateful,กำจัด{IDENTITY_P}ให้สิ้นซากไปเลยดีกว่า,threat_dir_h,hateful,95,95,0,0
1.0,2.0,,2,Cambodians,คนเขมร,non-hateful,ถ้าไม่มี{IDENTITY_P}แบบมึง โลกคงแย่แน่เลย,ident_pos_nh,non-hateful,531,531,0,0
3.0,,,3,elderly,ผู้สูงอายุ,hateful,ไอพวก{IDENTITY_P}แบบมึงไม่คู่ควรจะอยู่ต่อไป,threat_norm_h,hateful,102,102,0,0
3.0,,,3,islam,คนอิสลาม,hateful,คนไม่รู้จริงๆ เหรอว่า{IDENTITY_P}น่ารังเกียจ,phrase_question_h,hateful,445,445,0,0
2.0,,1.0,2,Myanmar,คนพม่า,hateful,พวก{IDENTITY_P}นี่แม่งไม่มีอะไรแย่กว่ามึงแล้วจริงๆ,ref_subs_sent_h,hateful,384,384,0,0
,3.0,,3,buddhism,คนพุทธ,non-hateful,กุรัก{IDENTITY_P}มากกกกก,ident_pos_nh,non-hateful,503,503,0,0
,3.0,,3,girl,เด็กผู้หญิง,non-hateful,คนต้องเข้าใจว่า{IDENTITY_P}ไม่ใช่ภัยต่อสังคม,negate_neg_nh,non-hateful,425,425,0,0
3.0,,,3,tomboy,ทอม,hateful,สำหรับกุแล้ว ไอพวก{IDENTITY_P}ควรไปแขวนคอ,phrase_opinion_h,hateful,476,476,0,0
3.0,,,3,tomboy,ทอม,hateful,ก็พวก{IDENTITY_P}มันโง่แบบนี้เป็นปกติอยู่แล้วนิ,phrase_opinion_h,hateful,464,464,0,0
3.0,,,3,labour workers,แรงงาน,hateful,แล้วกุผิดตรงไหนที่บอกว่า{IDENTITY_P}อย่างมึงสมควรตาย,phrase_question_h,hateful,456,456,0,0
3.0,,,3,buddhism,คนพุทธ,hateful,ไอ้ลิงนั้นฉลาดกว่าพวก{IDENTITY_P}รวมกันอีก,derog_impl_h,hateful,64,64,0,0
3.0,,,3,Thai-Central,คนกรุง,hateful,อีพวก{IDENTITY_P}สกปรกในสายตาเรา,phrase_opinion_h,hateful,466,466,0,0
2.0,1.0,,2,girl,เด็กผู้หญิง,hateful,ทน{IDENTITY_P}ไม่ไหวเลยวะ,derog_neg_emote_h,hateful,2,2a,0,0
3.0,,,3,labour workers,แรงงาน,hateful,ไอสัด {IDENTITY_S}จะต้องตายด้วยความทรมาณจากมือของกุ,threat_dir_h,hateful,100,100,0,0
3.0,,,3,women,ผู้หญิง,hateful,ไอเดียที่ออกจากปาก{IDENTITY_S}น่ะ ก็เป็นเพียงความคิดห่วยแตกอันนึง,profanity_h,hateful,253,253,0,0
3.0,,,3,migrant workers,แรงงานต่างด้าว,hateful,พวก{IDENTITY_P}อย่างมึงนี่มันน่าสมเพชจริงๆ,derog_neg_attrib_h,hateful,29,29,0,0
3.0,,,3,buddhism,คนพุทธ,hateful,ทุก{IDENTITY_P}น่ารังเกียจ,derog_neg_attrib_h,hateful,22,22a,2,0
3.0,,,3,islam,คนอิสลาม,hateful,ไอพวก{IDENTITY_P} ที่คิดว่าตัวเองเท่ากับกู กูโกรธมาก,derog_neg_emote_h,hateful,16,16,0,0
1.0,2.0,,2,women,ผู้หญิง,non-hateful,พรุ่งนี้กุจะไปช่วย{IDENTITY_S},ident_pos_nh,non-hateful,523,523,0,0
3.0,,,3,trans/ladyboy,คนแปลงเพศ,hateful,พวก{IDENTITY_P}มันเป็นพวกสัตว์ชั้นต่ำ,derog_dehum_h,hateful,59,59b,0,0
2.0,1.0,,2,Thai Isan,คนอีสาน,hateful,ถ้าพวก{IDENTITY_P}อย่างมึงไม่ยอมปรับตัวเข้าหาสังคม ก็สมควรโดนแบบนี้แหละ,ref_subs_clause_h,hateful,376,376,0,0
3.0,,,3,boy,เด็กผู้ชาย,hateful,ถ้ากุตื่นมาแล้วเป็น{IDENTITY_S} กุคงฆ่าตัวตาย,derog_impl_h,hateful,78,78,0,0
3.0,,,3,elderly,ผู้สูงอายุ,hateful,ไม่เห็นหรือไงว่าอีพวก{IDENTITY_P}มันต่ำตม,phrase_question_h,hateful,446,446,0,0
1.0,2.0,,2,,,non-hateful,ร้านของมือสองมีแต่ของกากๆ,target_obj_nh,non-hateful,602,602,0,0
3.0,,,3,girl,เด็กผู้หญิง,hateful,{IDENTITY_P} แม่งเหี้ยกันทุกคนเลย,profanity_h,hateful,256,256,0,0
3.0,,,3,boy,เด็กผู้ชาย,hateful,ไม่เห็นหรือไงว่าอีพวก{IDENTITY_P}มันต่ำตม,phrase_question_h,hateful,446,446,0,0
,3.0,,3,women,ผู้หญิง,non-hateful,{IDENTITY_P} นี่แหละ ที่สมควรเป็นหนึ่งในรัฐบาลของเรา,ident_pos_nh,non-hateful,518,518,0,0
3.0,,,0,Thai-Laos,คนลาว,hateful,มันมีไอ{IDENTITY_S}ในทีมฟุตบอลของกู,ident_neutral_nh,non-hateful,491,491b,0,1
3.0,,,3,Highland Indigenous People,คนกะเหรี่ยง,hateful,ไอพวก{SLUR_P} ทำอีกแล้ว,slur_h,hateful,128,128,0,1
,3.0,,3,girl,เด็กผู้หญิง,non-hateful,กุไม่มีทางทำร้าย{IDENTITY_S}เด็ดขาด,negate_neg_nh,non-hateful,434,434,0,0
3.0,,,3,disbabled,คนพิการ,hateful,พวกมึงกับ{IDENTITY_P}ทั้งหมดคือโรคร้ายของสังคมเลยละ,derog_dehum_h,hateful,58,58,0,0
3.0,,,3,trans/ladyboy,คนแปลงเพศ,hateful,กุเกลียดพวก{IDENTITY_P}มากๆ,derog_neg_emote_h,hateful,8,8,0,0
3.0,,,3,disbabled,คนพิการ,hateful,เป็นสันดานของ{SLUR_S}ที่มีมาตั้งแต่เกิดแล้วละ,slur_h,hateful,127,127,0,0
2.0,1.0,,1,labour workers,แรงงาน,hateful,ไม่รู้ตัวเหรอว่ามึงเหี้ยขนาดไหนที่ไปเรียก{IDENTITY_P}ว่าเป็นขยะ,counter_ref_nh,non-hateful,558,558,0,0
3.0,,,3,Thai,คนไทย,hateful,พวก{IDENTITY_P}อย่างมึงเป็นเหี้ยไรมากปะ,profanity_h,hateful,242,242b,0,0
3.0,,,3,labour workers,แรงงาน,hateful,เกลียดไอ{IDENTITY_S}ที่สุดในโลก,derog_impl_h,hateful,79,79,0,0
3.0,,,3,girl,เด็กผู้หญิง,hateful,จากสันดานพวก{IDENTITY_P}แม่งก็เป็นได้แค่ขยะสังคมเท่านั้นแหละ,profanity_h,hateful,251,251,0,0
1.0,2.0,,2,Thai Isan,คนอีสาน,non-hateful,เราต้องไม่ให้{IDENTITY_P}โดนทำร้ายอีกต่อไป,negate_neg_nh,non-hateful,435,435b,0,0
3.0,,,3,Cambodians,คนเขมร,hateful,ถ้าถามเราอ่ะนะ{IDENTITY_P}แบบมึงก็ไม่ต่างจากหนูหรอก,phrase_opinion_h,hateful,471,471,0,0
1.0,2.0,,2,Thai-Laos,คนลาว,non-hateful,เราต้องไม่ให้{IDENTITY_P}โดนทำร้ายอีกต่อไป,negate_neg_nh,non-hateful,435,435b,0,0
,3.0,,3,buddhism,คนพุทธ,non-hateful,พรุ่งนี้กุจะไปช่วย{IDENTITY_S},ident_pos_nh,non-hateful,523,523,0,0
3.0,,,3,Chinese-Thai,คนไทยเชื้อสายจีน,hateful,พวก{IDENTITY_P}ไปตายซะเถอะ,profanity_h,hateful,243,243,0,0
3.0,,,3,hinduism,คนฮินดู,hateful,มันเป็นสันดานของไอพวก{IDENTITY_S}ที่น่ารำคาญและเหี้ย,profanity_h,hateful,259,259,0,0
3.0,,,3,disbabled,คนพิการ,hateful,คนไม่รู้จริงๆ เหรอว่า{IDENTITY_P}น่ารังเกียจ,phrase_question_h,hateful,445,445,0,0
3.0,,,3,Cambodians,คนเขมร,hateful,{IDENTITY_P}สมควรจะอยู่ในสวนสัตว์เลย,derog_impl_h,hateful,61,61,0,0
3.0,,,3,Chinese-Thai,คนไทยเชื้อสายจีน,hateful,ไอ้พวก{IDENTITY_P}ที่กล้าเถียงกุ กุอยากจะฆ่ามันให้ตาย,ref_subs_clause_h,hateful,372,372,0,0
3.0,,,3,boy,เด็กผู้ชาย,hateful,ไม่แปลกหรอกที่ไอเดียมันห่วยแตก ก็มันมาจาก{IDENTITY_S}นี่หว่า,ref_subs_sent_h,hateful,399,399,0,0
3.0,,,3,christianity,คนคริสต์,hateful,อีพวก{IDENTITY_P}เป็นขยะสังคม,derog_dehum_h,hateful,48,48,0,0
3.0,,,3,Thai-Central,คนกรุง,hateful,ก็แค่พวก{IDENTITY_P} ยิงแม่งทิ้งไปเลยดีกว่า,ref_subs_sent_h,hateful,396,396,0,0
3.0,,,3,hinduism,คนฮินดู,hateful,กุเจอ{IDENTITY_P}มามากพอจนรู้ละว่าพวกมันแม่งเหี้ยทุกคน,ref_subs_clause_h,hateful,380,380,0,0
,3.0,,3,christianity,คนคริสต์,non-hateful,มากกว่าครึ่งที่เป็น{IDENTITY_P},ident_neutral_nh,non-hateful,494,494,0,1
2.0,,1.0,2,islam,คนอิสลาม,hateful,มีแต่พวก io จาก{IDENTITY_P}เท่านั้นแหละที่คอยมาแซะรัฐบาล,derog_dehum_h,hateful,60,60b,0,0
3.0,,,3,buddhism,คนพุทธ,hateful,ไม่มีทางที่กุจะยื่นมือไปช่วยชีวิต{IDENTITY_S}หรอกนะ,negate_pos_h,hateful,419,419,0,0
1.0,2.0,,2,disbabled,คนพิการ,non-hateful,กุจะไม่ยอมให้มีการฆ่าล้างเผ่าพันธุ์{IDENTITY_P}ในประเทศนี้,negate_neg_nh,non-hateful,431,431,0,0
3.0,,,3,Thai Isan,คนอีสาน,hateful,เป็นสันดานของ{SLUR_S}ที่มีมาตั้งแต่เกิดแล้วละ,slur_h,hateful,127,127,0,0
3.0,,,3,buddhism,คนพุทธ,hateful,น่าจะมีใครไปแทงพวก{IDENTITY_P}ให้ตายๆ ไปซะที,threat_norm_h,hateful,118,118,0,0
,3.0,,3,Myanmar,คนพม่า,non-hateful,มึงจะเหมารวมว่า{IDENTITY_P}ทุกคนโง่ไม่ได้ปะวะ,counter_ref_nh,non-hateful,557,557,0,0
3.0,,,3,christianity,คนคริสต์,hateful,เมื่อไหร่คนจะเข้าใจว่าอีพวก{IDENTITY_P}นี่แหละที่โหดและรุนแรง,phrase_question_h,hateful,447,447,0,0
3.0,,,3,christianity,คนคริสต์,hateful,ไอสัด {IDENTITY_S}จะต้องตายด้วยความทรมาณจากมือของกุ,threat_dir_h,hateful,100,100,0,0
3.0,,,3,Thai Isan,คนอีสาน,hateful,{IDENTITY_P} แม่งเหี้ยกันทุกคนเลย,profanity_h,hateful,256,256,0,0
1.0,2.0,,2,women,ผู้หญิง,non-hateful,ดีใจที่คนเริ่มรู้แล้วว่า{IDENTITY_P}ไม่ได้โง่เลยสักนิด,negate_neg_nh,non-hateful,426,426b,0,0
3.0,,,3,labour workers,แรงงาน,hateful,อีพวก{IDENTITY_P}สกปรกในสายตาเรา,phrase_opinion_h,hateful,466,466,0,0
3.0,,,3,women,ผู้หญิง,hateful,กุเชื่อแล้วว่าอีพวก{IDENTITY_P}ก็แค่พวกสัตว์ชั้นต่ำ,phrase_opinion_h,hateful,470,470,0,0
3.0,,,3,trans/ladyboy,คนแปลงเพศ,hateful,เออ ถึงเวลายอมรับกันได้แล้วว่า{IDENTITY_P}มันเหมือนเซลล์ร้ายเลยละ,phrase_question_h,hateful,452,452b,0,0
3.0,,,3,gay,เกย์,hateful,มันเป็นสันดานของไอพวก{IDENTITY_S}ที่น่ารำคาญและเหี้ย,profanity_h,hateful,259,259,0,0
3.0,,,3,disbabled,คนพิการ,hateful,เออ ถึงเวลายอมรับกันได้แล้วว่า{IDENTITY_P}มันเหมือนเซลล์ร้ายเลยละ,phrase_question_h,hateful,452,452b,0,0
3.0,,,3,labour workers,แรงงาน,hateful,อีพวก{IDENTITY_P}แบบนั้นแม่งน่ารังเกียจ,derog_neg_attrib_h,hateful,28,28,0,0
3.0,,,3,christianity,คนคริสต์,hateful,ทำไมไอพวก{IDENTITY_P}เป็นห่ากันแบบนี้หมดเลยวะ,phrase_question_h,hateful,460,460,0,0
3.0,,,3,boy,เด็กผู้ชาย,hateful,พวก{IDENTITY_P}ต้องไสหัวออกไปจากประเทศของเราให้หมด,profanity_h,hateful,245,245,0,0
,3.0,,3,islam,คนอิสลาม,non-hateful,"ควรโดนแบนไปเลยที่ไปบอกว่า ""{IDENTITY_P} สมควรตาย""",counter_quote_nh,non-hateful,544,544,0,0
2.0,1.0,,2,women,ผู้หญิง,hateful,กุคงโอเคกับ{IDENTITY_P} ถ้าพวกมันไม่เหี้ยขนาดนี้,ref_subs_clause_h,hateful,381,381,0,0
3.0,,,3,Thai-Laos,คนลาว,hateful,ชีวิตพวก{IDENTITY_P}แม่งไม่มีค่าอะไรสำหรับกุเลย,ref_subs_clause_h,hateful,379,379,0,0
3.0,,,3,male,ผู้ชาย,hateful,ควรเป็นเรื่องถูกกฎหมายที่จะฆ่า{IDENTITY_S}อย่างเช่นมึง,threat_norm_h,hateful,111,111a,0,0
3.0,,,3,Chinese-Thai,คนไทยเชื้อสายจีน,hateful,ไอพวก{IDENTITY_P}ไม่ควรมีที่ยืนในประเทศที่เจริญแล้วแบบนี้,derog_impl_h,hateful,80,80,0,0
3.0,,,3,disbabled,คนพิการ,hateful,แล้วกุผิดตรงไหนที่บอกว่า{IDENTITY_P}อย่างมึงสมควรตาย,phrase_question_h,hateful,456,456,0,0
2.0,1.0,,1,trans/ladyboy,ตุ๊ด,hateful,ชีวิตของ{IDENTITY_A}อาจจะไม่มีค่าอะไรสำหรับมึง แต่ความคิดของมึงมันไม่มีค่าอะไรเลย,counter_ref_nh,non-hateful,570,570,0,0
,3.0,,3,Myanmar,คนพม่า,non-hateful,เค้าจะทำให้{IDENTITY_P}ยิ้มให้ได้,ident_pos_nh,non-hateful,522,522,0,0
,3.0,,3,Thai-Central,คนเมือง,non-hateful,"ใครที่ส่งข้อความมาให้กุว่า ""มึงมันก็แค่{SLUR_S}สำหรับกุ"" กุจะบล็อกให้หมด",counter_quote_nh,non-hateful,547,547,0,0
3.0,,,3,migrant workers,แรงงานต่างด้าว,hateful,พวกมึงกับ{IDENTITY_P}ทั้งหมดคือโรคร้ายของสังคมเลยละ,derog_dehum_h,hateful,58,58,0,0
2.0,1.0,,2,male,ชายแท้,hateful,มึงก็แค่{SLUR_S}ในสายตากู,slur_h,hateful,122,122,0,1
3.0,,,3,Chinese-Thai,คนไทยเชื้อสายจีน,hateful,กุว่ามีแค่{IDENTITY_P}เท่านั้นแหละที่โง่ขนาดนี้,phrase_opinion_h,hateful,463,463,0,0
3.0,,,3,disbabled,คนพิการ,hateful,อีพวก{IDENTITY_P}มันน่ารำคาญจริงๆ,derog_dehum_h,hateful,50,50,0,0
1.0,2.0,,2,Thai,คนไทย,non-hateful,ตอนนี้เรากำลังเรียนรู้เกี่ยวกับ{IDENTITY_P}เยอะเลย,ident_neutral_nh,non-hateful,489,489,0,0
3.0,,,3,labour workers,แรงงาน,hateful,พวก{IDENTITY_P}คงไม่กล้าขำกุ ถ้ากุเริ่มยิงใส่พวกแม่ง,ref_subs_clause_h,hateful,374,374,0,0
3.0,,,3,migrant workers,แรงงานต่างด้าว,hateful,พวกมันก็แค่{SLUR_P},slur_h,hateful,125,125,0,1
3.0,,,3,Thai Isan,คนอีสาน,hateful,เมื่อไหร่คนจะเข้าใจว่าอีพวก{IDENTITY_P}นี่แหละที่โหดและรุนแรง,phrase_question_h,hateful,447,447,0,0
3.0,,,3,boy,เด็กผู้ชาย,hateful,สำหรับกูแล้ว ไอ้พวก{IDENTITY_P}ก็ไปตายซะเถอะ,phrase_opinion_h,hateful,480,480,0,0
3.0,,,3,Thai-Laos,คนลาว,hateful,พวกเราจะโจมตีพวก{IDENTITY_P}อย่างมึงจนกว่ามึงจะหายไป,threat_dir_h,hateful,92,92,0,0
3.0,,,3,gay,เกย์,hateful,ทำไมพวกมึงยังไม่เข้าใจอีกว่าพวก{IDENTITY_P}เป็นขยะสังคม,phrase_question_h,hateful,450,450,0,0
3.0,,,3,tomboy,ทอม,hateful,เออ ถึงเวลายอมรับกันได้แล้วว่า{IDENTITY_P}มันเหมือนเซลล์ร้ายเลยละ,phrase_question_h,hateful,452,452b,0,0
,3.0,,3,trans/ladyboy,คนแปลงเพศ,non-hateful,รัก{IDENTITY_P}จังเลยยย 💖💖💖,ident_pos_nh,non-hateful,502,502,0,0
3.0,,,3,christianity,คนคริสต์,hateful,กุไม่ได้มีปัญหาอะไรกับพวก{IDENTITY_P}หรอก แต่ส่วนมากพวกมันน่ารังเกียจชิบหาย,ref_subs_clause_h,hateful,365,365,0,0
3.0,,,3,disbabled,คนพิการ,hateful,ไม่แปลกหรอกที่ไอเดียมันห่วยแตก ก็มันมาจาก{IDENTITY_S}นี่หว่า,ref_subs_sent_h,hateful,399,399,0,0
3.0,,,3,labour workers,แรงงาน,hateful,พวก{IDENTITY_P}เป็นสัตว์ชั้นต่ำของสังคม,derog_dehum_h,hateful,49,49,0,0
,3.0,,3,male,ผู้ชาย,non-hateful,กุไม่มีทางทำร้าย{IDENTITY_S}เด็ดขาด,negate_neg_nh,non-hateful,434,434,0,0
3.0,,,3,girl,เด็กผู้หญิง,hateful,มันเป็นสันดานของอีพวก{IDENTITY_P}ที่จะไม่มีวันเจริญ,derog_neg_attrib_h,hateful,32,32,0,0
,3.0,,3,Chinese-Thai,คนไทยเชื้อสายจีน,non-hateful,การที่มึงเกลียด{IDENTITY_P}นี่โคตรเข้าใจผิดเลย,counter_ref_nh,non-hateful,552,552,0,0
3.0,,,3,islam,คนอิสลาม,hateful,พวก{IDENTITY_P}มันเป็นพวกสัตว์ชั้นต่ำ,derog_dehum_h,hateful,59,59b,0,0
3.0,,,3,women,ผู้หญิง,hateful,พวก{IDENTITY_P}มันเป็นพวกสัตว์ชั้นต่ำ,derog_dehum_h,hateful,59,59b,0,0
3.0,,,3,Thai,คนไทย,hateful,ไอเดียที่ออกจากปาก{IDENTITY_S}น่ะ ก็เป็นเพียงความคิดห่วยแตกอันนึง,profanity_h,hateful,253,253,0,0
3.0,,,3,Cambodians,คนเขมร,hateful,พวก{IDENTITY_P}มันรกโลก,derog_dehum_h,hateful,55,55,0,0
1.0,2.0,,2,Highland Indigenous People,คนกะเหรี่ยง,non-hateful,มันทำงานกับพวก{IDENTITY_P}เยอะ,ident_neutral_nh,non-hateful,486,486,0,0
,3.0,,3,elderly,ผู้สูงอายุ,non-hateful,เราควรเคารพ{IDENTITY_P} นะ,ident_pos_nh,non-hateful,525,525b,0,0
3.0,,,3,Thai-Laos,คนลาว,hateful,ไม่มีอะไรเหี้ยไปกว่าไอ{IDENTITY_S}แล้ว,derog_neg_emote_h,hateful,14,14,0,0
3.0,,,3,disbabled,คนพิการ,hateful,พวก{IDENTITY_P}เป็นสัตว์ชั้นต่ำของสังคม,derog_dehum_h,hateful,49,49,0,0
3.0,,,3,buddhism,คนพุทธ,hateful,มีแต่พวก{IDENTITY_P}เท่านั้นแหละที่โง่ได้ขนาดนี้,derog_neg_attrib_h,hateful,34,34,0,0
3.0,,,3,Malay,คนมาเล,hateful,เป็นธรรมดาของ{IDENTITY_S}ที่จะเหี้ยแบบนี้,profanity_h,hateful,252,252,0,0
3.0,,,3,tomboy,ทอม,hateful,อีพวก{IDENTITY_P}มันโง่เง่ากันทุกคนเลย,derog_neg_attrib_h,hateful,40,40,0,0
1.0,2.0,,2,elderly,ผู้สูงอายุ,non-hateful,กุอยู่กับพวก{IDENTITY_P}สองคน,ident_neutral_nh,non-hateful,483,483,0,0
3.0,,,3,Chinese-Thai,คนไทยเชื้อสายจีน,hateful,กุจะทำให้พวก{IDENTITY_P}ทรมาณ,threat_dir_h,hateful,85,85,0,0
2.0,,1.0,2,tomboy,ทอม,hateful,พวก{IDENTITY_P}นี่แม่งไม่มีอะไรแย่กว่ามึงแล้วจริงๆ,ref_subs_sent_h,hateful,384,384,0,0
3.0,,,3,christianity,คนคริสต์,hateful,อีพวก{IDENTITY_P}มันโง่เง่ากันทุกคนเลย,derog_neg_attrib_h,hateful,40,40,0,0
3.0,,,3,disbabled,คนพิการ,hateful,ไอเดียที่ออกจากปาก{IDENTITY_S}น่ะ ก็เป็นเพียงความคิดห่วยแตกอันนึง,profanity_h,hateful,253,253,0,0
1.0,2.0,,2,migrant workers,แรงงานต่างด้าว,non-hateful,โรงเรียนกูแทบไม่มีพวก{IDENTITY_P},ident_neutral_nh,non-hateful,497,497a,0,1
3.0,,,3,child,เด็ก,hateful,ทำไมคนไม่รู้สึกว่าชีวิตของพวก{IDENTITY_A}มันไม่มีค่าเลยวะ,phrase_question_h,hateful,451,451a,0,0
,3.0,,3,Thai Isan,คนอีสาน,non-hateful,"อะไรที่ทำให้มึงพูดว่า ""{IDENTITY_P} น่ารังเกียจขนาดนี้""",counter_quote_nh,non-hateful,533,533,0,0
,3.0,,3,Chinese-Thai,คนไทยเชื้อสายจีน,non-hateful,พวก{IDENTITY_P} ได้เป็นสมาชิกสภาฯ 3 คน,ident_neutral_nh,non-hateful,495,495,0,0
3.0,,,3,girl,เด็กผู้หญิง,hateful,เจอ{IDENTITY_P}มาหลายคน กุเกลียดหมดเลย,ref_subs_clause_h,hateful,362,362,0,0
,3.0,,3,buddhism,คนพุทธ,non-hateful,{IDENTITY_P} นี่แหละ ที่สมควรเป็นหนึ่งในรัฐบาลของเรา,ident_pos_nh,non-hateful,518,518,0,0
3.0,,,3,tomboy,ทอม,hateful,{IDENTITY_P} คงคิดว่ามันพิเศษกว่าคนอื่น กุเกลียดคนแบบนี้ชิบหาย,ref_subs_sent_h,hateful,382,382a,0,0
1.0,2.0,,1,elderly,ผู้สูงอายุ,non-hateful,การลงโทษด้วยการเผาทั้งเป็นกับ{IDENTITY_P}มันรุนแรงเกินไป,threat_norm_h,hateful,120,120b,0,0
1.0,2.0,,2,trans/ladyboy,คนแปลงเพศ,non-hateful,เราไม่ได้เกลียดพวก{IDENTITY_P},negate_neg_nh,non-hateful,423,423,0,0
2.0,1.0,,1,tomboy,ทอม,hateful,ไม่รู้ตัวเหรอว่ามึงเหี้ยขนาดไหนที่ไปเรียก{IDENTITY_P}ว่าเป็นขยะ,counter_ref_nh,non-hateful,558,558,0,0
3.0,,,3,hinduism,คนฮินดู,hateful,พวก{IDENTITY_P}ต้องไสหัวออกไปจากประเทศของเราให้หมด,profanity_h,hateful,245,245,0,0
1.0,2.0,,2,boy,เด็กผู้ชาย,non-hateful,กุจะไม่ยอมให้มีการฆ่าล้างเผ่าพันธุ์{IDENTITY_P}ในประเทศนี้,negate_neg_nh,non-hateful,431,431,0,0
3.0,,,3,gay,เกย์,hateful,ทำไมไอพวก{IDENTITY_P}เป็นห่ากันแบบนี้หมดเลยวะ,phrase_question_h,hateful,460,460,0,0
3.0,,,3,migrant workers,แรงงานต่างด้าว,hateful,อีพวก{IDENTITY_P}ที่ป่วยควรถูกพาไปหาหมอรักษาสัตว์นะ หมอรักษาคนไม่เหมาะกับพวกมัน,derog_impl_h,hateful,62,62,0,0
3.0,,,3,hinduism,คนฮินดู,hateful,{IDENTITY_P}สมควรจะอยู่ในสวนสัตว์เลย,derog_impl_h,hateful,61,61,0,0
2.0,1.0,,2,islam,คนอิสลาม,hateful,กุคงโอเคกับ{IDENTITY_P} ถ้าพวกมันไม่เหี้ยขนาดนี้,ref_subs_clause_h,hateful,381,381,0,0
3.0,,,3,buddhism,คนพุทธ,hateful,เจอ{IDENTITY_P}มาหลายคน กุเกลียดหมดเลย,ref_subs_clause_h,hateful,362,362,0,0
3.0,,,3,Thai,คนไทย,hateful,เห็นไหมว่าเราจะดีกว่านี้ถ้าอีพวก{IDENTITY_P} ถูกกำจัดออกไป,phrase_question_h,hateful,457,457,0,0
3.0,,,3,christianity,คนคริสต์,hateful,ไอพวก{IDENTITY_P} ที่คิดว่าตัวเองเท่ากับกู กูโกรธมาก,derog_neg_emote_h,hateful,16,16,0,0
3.0,,,3,christianity,คนคริสต์,hateful,ไม่มีอะไรเหี้ยไปกว่าไอ{IDENTITY_S}แล้ว,derog_neg_emote_h,hateful,14,14,0,0
,3.0,,3,Thai-Central,คนกรุง,non-hateful,"มึงเขียนไปดิว่า ""กุจะฆ่า{IDENTITY_S}"" แค่มึงเตรียมโดนฟ้องศาลได้เลย",counter_quote_nh,non-hateful,543,543,0,0
3.0,,,3,trans/ladyboy,คนแปลงเพศ,hateful,อีพวก{IDENTITY_P} เหี้ยทั้งนั้น,ref_subs_sent_h,hateful,400,400,0,0
3.0,,,3,boy,เด็กผู้ชาย,hateful,พวกเราจะโจมตีพวก{IDENTITY_P}อย่างมึงจนกว่ามึงจะหายไป,threat_dir_h,hateful,92,92,0,0
3.0,,,3,Malay,คนมาเล,hateful,ก็แค่พวก{IDENTITY_P} ยิงแม่งทิ้งไปเลยดีกว่า,ref_subs_sent_h,hateful,396,396,0,0
3.0,,,3,women,ผู้หญิง,hateful,กุเกลียดพวก{IDENTITY_P}มากๆ,derog_neg_emote_h,hateful,8,8,0,0
3.0,,,3,trans/ladyboy,คนแปลงเพศ,hateful,{IDENTITY_P} แบบมึงน่ะ ไม่ต่างอะไรกับหนูตามท่อเลย,derog_dehum_h,hateful,51,51,0,0
1.0,2.0,,2,Thai Isan,คนอีสาน,non-hateful,{IDENTITY_P} นี่แหละ ที่สมควรเป็นหนึ่งในรัฐบาลของเรา,ident_pos_nh,non-hateful,518,518,0,0
2.0,1.0,,2,christianity,คนคริสต์,hateful,ถ้าพวก{IDENTITY_P}อย่างมึงไม่ยอมปรับตัวเข้าหาสังคม ก็สมควรโดนแบบนี้แหละ,ref_subs_clause_h,hateful,376,376,0,0
,3.0,,3,girl,เด็กผู้หญิง,non-hateful,"ประโยคอย่าง ""อีพวก{IDENTITY_P}เป็นขยะ"" มันเจ็บใจสุดๆ",counter_quote_nh,non-hateful,537,537,0,0
3.0,,,3,islam,คนอิสลาม,hateful,ไอพวก{SLUR_P} ทำอีกแล้ว,slur_h,hateful,128,128,0,1
3.0,,,3,Malay,คนมาเล,hateful,กุต้องไปข่มขืน{IDENTITY_S}วันนี้,threat_dir_h,hateful,87,87,0,0
,3.0,,3,migrant workers,แรงงานต่างด้าว,non-hateful,"ควรโดนแบนไปเลยที่ไปบอกว่า ""{IDENTITY_P} สมควรตาย""",counter_quote_nh,non-hateful,544,544,0,0
3.0,,,3,migrant workers,แรงงานต่างด้าว,hateful,ไม่เข้าใจเลยว่าทำไมถึงชอบ{IDENTITY_P}ทุกอย่างทั้งหมดเกี่ยวกับมันน่าขยะแขยงสุดๆ อ่ะ,ref_subs_sent_h,hateful,383,383,0,0
2.0,1.0,,1,Thai-Central,คนเมือง,hateful,ชีวิตของ{IDENTITY_A}อาจจะไม่มีค่าอะไรสำหรับมึง แต่ความคิดของมึงมันไม่มีค่าอะไรเลย,counter_ref_nh,non-hateful,570,570,0,0
1.0,2.0,,2,Thai-Central,คนเมือง,non-hateful,เราไม่เคยมีประธานาธิบดีที่เป็น{IDENTITY_A}เลย,ident_neutral_nh,non-hateful,496,496,1,0
3.0,,,3,elderly,ผู้สูงอายุ,hateful,พวก{IDENTITY_P}ก็แบบนี้แหละ มันน่ารังเกียจชิบหาย,ref_subs_sent_h,hateful,385,385,0,0
3.0,,,3,Thai-Central,คนกรุง,hateful,งงว่าทำไมคนถึงสนใจไอพวก{IDENTITY_P},derog_impl_h,hateful,71,71,0,0
2.0,1.0,,2,boy,เด็กผู้ชาย,hateful,กุคงโอเคกับ{IDENTITY_P} ถ้าพวกมันไม่เหี้ยขนาดนี้,ref_subs_clause_h,hateful,381,381,0,0
,3.0,,3,girl,เด็กผู้หญิง,non-hateful,นี่เป็นครั้งแรกที่{IDENTITY_S}ถูกเสนอชื่อขึ้นมา,ident_neutral_nh,non-hateful,493,493,0,0
3.0,,,3,trans/ladyboy,คนแปลงเพศ,hateful,ทุก{IDENTITY_P}น่ารังเกียจ,derog_neg_attrib_h,hateful,22,22a,1,0
3.0,,,3,Myanmar,คนพม่า,hateful,อีพวก{IDENTITY_P}โง่กันทุกคน,negate_pos_h,hateful,404,404,0,0
3.0,,,3,Highland Indigenous People,คนกะเหรี่ยง,hateful,อยากให้มีคนไปหักคอไอ้พวก{IDENTITY_P}จริงๆ,phrase_opinion_h,hateful,478,478,0,0
3.0,,,3,gay,เกย์,hateful,ไอ้พวก{IDENTITY_P}ที่กล้าเถียงกุ กุอยากจะฆ่ามันให้ตาย,ref_subs_clause_h,hateful,372,372,0,0
,3.0,,3,disbabled,คนพิการ,non-hateful,มี{IDENTITY_P}ในคอร์สมึงป่ะ,ident_neutral_nh,non-hateful,488,488,0,0
,3.0,,3,disbabled,คนพิการ,non-hateful,มันทำงานกับพวก{IDENTITY_P}เยอะ,ident_neutral_nh,non-hateful,486,486,0,0
3.0,,,3,Malay,คนมาเล,hateful,ในโลกที่ยุติธรรม อีพวก{IDENTITY_P}อย่างมึงควรตายห่าให้หมด,threat_norm_h,hateful,114,114,0,0
3.0,,,3,girl,เด็กผู้หญิง,hateful,ทำไมไอพวก{IDENTITY_P}เป็นห่ากันแบบนี้หมดเลยวะ,phrase_question_h,hateful,460,460,0,0
3.0,,,3,Thai-Central,คนกรุง,hateful,พวก{IDENTITY_P}ไปตายซะเถอะ,profanity_h,hateful,243,243,0,0
,3.0,,3,Thai,คนไทย,non-hateful,พวก{IDENTITY_P} ได้เป็นสมาชิกสภาฯ 3 คน,ident_neutral_nh,non-hateful,495,495,0,0
3.0,,,3,migrant workers,แรงงานต่างด้าว,hateful,พวก{IDENTITY_P}ไม่มีทางดูดีเลย,negate_pos_h,hateful,403,403,0,0
3.0,,,3,Thai-Laos,คนลาว,hateful,ไม่เห็นหรือไงว่าอีพวก{IDENTITY_P}มันต่ำตม,phrase_question_h,hateful,446,446,0,0
3.0,,,3,Chinese-Thai,คนไทยเชื้อสายจีน,hateful,เราไม่กินอาหารที่กับอิพวก{IDENTITY_S}จับเด็ดขาด,derog_impl_h,hateful,66,66a,1,0
3.0,,,3,labour workers,แรงงาน,hateful,อย่าให้{IDENTITY_S}มีชีวิตอยู่ต่อไปเลย,negate_pos_h,hateful,417,417,0,0
3.0,,,3,Thai Isan,คนอีสาน,hateful,มีแต่พวก{IDENTITY_P}เท่านั้นแหละที่โง่ได้ขนาดนี้,derog_neg_attrib_h,hateful,34,34,0,0
1.0,2.0,,2,Myanmar,คนพม่า,non-hateful,ถ้าจะไปด่า{IDENTITY_P}ให้ไปตาย อย่าหวังให้พวกเขาเคารพมึงเลย,counter_ref_nh,non-hateful,569,569,0,0
2.0,1.0,,2,child,เด็ก,hateful,มึงก็แค่{SLUR_S}ในสายตากู,slur_h,hateful,122,122,0,1
,3.0,,3,labour workers,แรงงาน,non-hateful,พรุ่งนี้กุจะไปช่วย{IDENTITY_S},ident_pos_nh,non-hateful,523,523,0,0
3.0,,,3,Highland Indigenous People,คนกะเหรี่ยง,hateful,{IDENTITY_P} แบบมึงน่ะ ไม่ต่างอะไรกับหนูตามท่อเลย,derog_dehum_h,hateful,51,51,0,0
3.0,,,3,tomboy,ทอม,hateful,อีพวก{IDENTITY_P}เป็นขยะสังคม,derog_dehum_h,hateful,48,48,0,0
3.0,,,3,labour workers,แรงงาน,hateful,ไอพวก{IDENTITY_P}ไปตายซะเถอะ,profanity_h,hateful,246,246,0,0
3.0,,,3,gay,เกย์,hateful,พวกมึงและ{IDENTITY_P}ในประเทศนี้ทำให้กุโคตรโกรธเลย,derog_neg_emote_h,hateful,18,18,0,0
3.0,,,3,buddhism,คนพุทธ,hateful,กุไม่ได้มีปัญหาอะไรกับพวก{IDENTITY_P}หรอก แต่ส่วนมากพวกมันน่ารังเกียจชิบหาย,ref_subs_clause_h,hateful,365,365,0,0
3.0,,,3,women,ผู้หญิง,hateful,กุเจอ{IDENTITY_P}มามากพอจนรู้ละว่าพวกมันแม่งเหี้ยทุกคน,ref_subs_clause_h,hateful,380,380,0,0
3.0,,,3,Thai-Central,คนเมือง,hateful,ไอพวก{SLUR_P} ทำอีกแล้ว,slur_h,hateful,128,128,0,1
3.0,,,3,Cambodians,คนเขมร,hateful,ไอพวก{IDENTITY_P}แบบมึงไม่คู่ควรจะอยู่ต่อไป,threat_norm_h,hateful,102,102,0,0
3.0,,,3,Thai-Central,คนกรุง,hateful,อีพวก{IDENTITY_P}แบบมึงควรรู้ว่าชีวิตมึงไร้ค่า,ref_subs_clause_h,hateful,371,371,0,0
1.0,2.0,,2,elderly,ผู้สูงอายุ,non-hateful,ตอนนี้เรากำลังเรียนรู้เกี่ยวกับ{IDENTITY_P}เยอะเลย,ident_neutral_nh,non-hateful,489,489,0,0
3.0,,,3,Thai,คนไทย,hateful,อีพวก{IDENTITY_P}มันน่ารำคาญจริงๆ,derog_dehum_h,hateful,50,50,0,0
,3.0,,3,male,ผู้ชาย,non-hateful,"มึงเขียนไปดิว่า ""กุจะฆ่า{IDENTITY_S}"" แค่มึงเตรียมโดนฟ้องศาลได้เลย",counter_quote_nh,non-hateful,543,543,0,0
3.0,,,3,buddhism,คนพุทธ,hateful,กุเจอ{IDENTITY_P}มามากพอจนรู้ละว่าพวกมันแม่งเหี้ยทุกคน,ref_subs_clause_h,hateful,380,380,0,0
3.0,,,3,Malay,คนมาเล,hateful,{IDENTITY_P} พวกนี้มันเข้ากับสังคมไม่ได้หรอก ควรโดนประหารให้หมด,ref_subs_sent_h,hateful,397,397,0,0
3.0,,,3,male,ผู้ชาย,hateful,กูจะทำร้ายพวก{IDENTITY_P}แบบมึง,threat_dir_h,hateful,88,88,0,0
3.0,,,3,Chinese-Thai,คนไทยเชื้อสายจีน,hateful,พวกมันก็แค่{SLUR_P},slur_h,hateful,125,125,0,1
3.0,,,3,trans/ladyboy,คนแปลงเพศ,hateful,จะทรมานพวก{IDENTITY_P}แบบไม่มีเมตตา,threat_dir_h,hateful,93,93,0,0
3.0,,,3,migrant workers,แรงงานต่างด้าว,hateful,ควรเป็นเรื่องถูกกฎหมายที่จะฆ่า{IDENTITY_S}อย่างเช่นมึง,threat_norm_h,hateful,111,111a,0,0
1.0,2.0,,2,male,ผู้ชาย,non-hateful,โรงเรียนกูแทบไม่มีพวก{IDENTITY_P},ident_neutral_nh,non-hateful,497,497a,0,0
3.0,,,3,boy,เด็กผู้ชาย,hateful,เกลียดพวก{IDENTITY_P}จนไม่รู้จะพูดยังไงดี,derog_neg_emote_h,hateful,19,19,0,0
,3.0,,3,boy,เด็กผู้ชาย,non-hateful,คนต้องเข้าใจว่า{IDENTITY_P}ไม่ใช่ภัยต่อสังคม,negate_neg_nh,non-hateful,425,425,0,0
,3.0,,3,christianity,คนคริสต์,non-hateful,มีแต่{IDENTITY_P}เท่านั้นแหละ ที่ใจดีและเห็นอกเห็นใจแบบนี้,ident_pos_nh,non-hateful,511,511,0,0
3.0,,,3,girl,เด็กผู้หญิง,hateful,อีพวก{IDENTITY_P}ไม่เหมือนเราเลย มันต้องตาย,ref_subs_clause_h,hateful,375,375,0,0
3.0,,,3,trans/ladyboy,คนแปลงเพศ,hateful,เท่าที่เรารู้อีพวก{IDENTITY_P}เป็นขยะของมนุษย์,phrase_opinion_h,hateful,469,469b,0,0
3.0,,,3,disbabled,คนพิการ,hateful,ไอพวก{IDENTITY_P} ที่คิดว่าตัวเองเท่ากับกู กูโกรธมาก,derog_neg_emote_h,hateful,16,16,0,0
,3.0,,3,boy,เด็กผู้ชาย,non-hateful,"ทำไมถึงพูด ""{IDENTITY_P} น่ารังเกียจ"" แล้วไม่รู้ว่ามันไม่ดีนี่นะ",counter_quote_nh,non-hateful,535,535,0,0
,3.0,,3,girl,เด็กผู้หญิง,non-hateful,มันไม่โอเคเลยที่จะเรียกคนว่า{SLUR_S},counter_ref_nh,non-hateful,566,566,0,0
3.0,,,3,Thai-Laos,คนลาว,hateful,ควรเป็นเรื่องถูกกฎหมายที่จะฆ่า{IDENTITY_S}อย่างเช่นมึง,threat_norm_h,hateful,111,111a,0,0
,3.0,,3,trans/ladyboy,ตุ๊ด,non-hateful,"เราไม่ให้เกียรติคนที่เขียนว่า ""มี{SLUR_P}เยอะเกินในประเทศนี้""",counter_quote_nh,non-hateful,546,546,0,0
3.0,,,3,trans/ladyboy,คนแปลงเพศ,hateful,จากสันดานพวก{IDENTITY_P}แม่งก็เป็นได้แค่ขยะสังคมเท่านั้นแหละ,profanity_h,hateful,251,251,0,0
1.0,2.0,,2,Thai-Central,คนกรุง,non-hateful,ถ้าไม่มี{IDENTITY_P}แบบมึง โลกคงแย่แน่เลย,ident_pos_nh,non-hateful,531,531,0,0
,3.0,,0,islam,คนอิสลาม,non-hateful,การลงโทษด้วยการเผาทั้งเป็นกับ{IDENTITY_P}มันรุนแรงเกินไป,threat_norm_h,hateful,120,120b,0,0
3.0,,,3,Chinese-Thai,คนไทยเชื้อสายจีน,hateful,กุเชื่อแล้วว่าอีพวก{IDENTITY_P}ก็แค่พวกสัตว์ชั้นต่ำ,phrase_opinion_h,hateful,470,470,0,0
3.0,,,3,buddhism,คนพุทธ,hateful,พวก{IDENTITY_P}เป็นสัตว์ชั้นต่ำของสังคม,derog_dehum_h,hateful,49,49,0,0
3.0,,,3,trans/ladyboy,คนแปลงเพศ,hateful,อีพวก{IDENTITY_P}แบบนั้นแม่งน่ารังเกียจ,derog_neg_attrib_h,hateful,28,28,0,0
3.0,,,3,Thai-Central,คนกรุง,hateful,พวก{IDENTITY_P}แม่งโคตรน่ารำคาญเลยว่ะ,derog_dehum_h,hateful,57,57,0,0
3.0,,,3,trans/ladyboy,คนแปลงเพศ,hateful,ทำไมพวกมึงยังไม่เข้าใจอีกว่าพวก{IDENTITY_P}เป็นขยะสังคม,phrase_question_h,hateful,450,450,0,0
,3.0,,3,gay,เกย์,non-hateful,"ใครที่ส่งข้อความมาให้กุว่า ""มึงมันก็แค่{SLUR_S}สำหรับกุ"" กุจะบล็อกให้หมด",counter_quote_nh,non-hateful,547,547,0,0
3.0,,,3,Thai-Laos,คนลาว,hateful,กูจะทำร้ายพวก{IDENTITY_P}แบบมึง,threat_dir_h,hateful,88,88,0,0
,3.0,,3,Highland Indigenous People,คนกะเหรี่ยง,non-hateful,พรุ่งนี้กุจะไปกอด{IDENTITY_S},ident_pos_nh,non-hateful,520,520,0,0
1.0,2.0,,2,Malay,คนมาเลย์,non-hateful,ชีวิตของ{IDENTITY_A}ไม่ได้ด้อยค่าไปกว่าคนอื่นหรอก,negate_neg_nh,non-hateful,430,430,0,0
3.0,,,3,Thai-Laos,คนลาว,hateful,คงจะดีถ้ามีคนไปรัดคอพวก{IDENTITY_P}ให้ตายๆ ไป,threat_norm_h,hateful,113,113a,0,0
3.0,,,3,Thai-Laos,คนลาว,hateful,{IDENTITY_P} แบบมึงน่ะ ไม่ต่างอะไรกับหนูตามท่อเลย,derog_dehum_h,hateful,51,51,0,0
3.0,,,3,islam,คนอิสลาม,hateful,อีพวก{IDENTITY_P}ไม่สมควรมีชีวิตเหมือนคนอื่น,negate_pos_h,hateful,408,408,0,0
3.0,,,3,trans/ladyboy,คนแปลงเพศ,hateful,อีพวก{IDENTITY_P}สกปรกในสายตาเรา,phrase_opinion_h,hateful,466,466,0,0
3.0,,,3,trans/ladyboy,คนแปลงเพศ,hateful,เราไม่กินอาหารที่กับอิพวก{IDENTITY_S}จับเด็ดขาด,derog_impl_h,hateful,66,66a,1,0
3.0,,,3,elderly,ผู้สูงอายุ,hateful,หมากุยังฉลาดกว่าพวก{IDENTITY_S}ทุกตัวเลย,derog_impl_h,hateful,63,63,0,0
3.0,,,3,Highland Indigenous People,คนกะเหรี่ยง,hateful,อีพวก{IDENTITY_P}แบบนั้นแม่งน่ารังเกียจ,derog_neg_attrib_h,hateful,28,28,0,0
3.0,,,3,Myanmar,คนพม่า,hateful,ไม่มีอะไรเหี้ยไปกว่าไอ{IDENTITY_S}แล้ว,derog_neg_emote_h,hateful,14,14,0,0
1.0,2.0,,2,islam,คนอิสลาม,non-hateful,พรุ่งนี้กุจะไปกอด{IDENTITY_S},ident_pos_nh,non-hateful,520,520,0,0
,3.0,,3,Myanmar,คนพม่า,non-hateful,พวก{IDENTITY_P} ได้เป็นสมาชิกสภาฯ 3 คน,ident_neutral_nh,non-hateful,495,495,0,0
1.0,2.0,,2,Thai-Laos,คนลาว,non-hateful,ไม่มี{IDENTITY_S}คนไหนสมควรโดนประหารชีวิตทั้งนั้นแหละ,negate_neg_nh,non-hateful,441,441,0,0
3.0,,,3,tomboy,ทอม,hateful,พวกมันก็แค่{SLUR_P},slur_h,hateful,125,125,0,1
3.0,,,3,tomboy,ทอม,hateful,ไม่เข้าใจเลยว่าทำไมถึงชอบ{IDENTITY_P}ทุกอย่างทั้งหมดเกี่ยวกับมันน่าขยะแขยงสุดๆ อ่ะ,ref_subs_sent_h,hateful,383,383,0,0
,3.0,,3,christianity,คนคริสต์,non-hateful,มันทำงานกับพวก{IDENTITY_P}เยอะ,ident_neutral_nh,non-hateful,486,486,0,0
3.0,,,3,hinduism,คนฮินดู,hateful,พวก{IDENTITY_P}ก็แบบนี้แหละ มันน่ารังเกียจชิบหาย,ref_subs_sent_h,hateful,385,385,0,0
1.0,2.0,,2,Thai-Laos,คนลาว,non-hateful,กุจะไม่ยอมให้มีการฆ่าล้างเผ่าพันธุ์{IDENTITY_P}ในประเทศนี้,negate_neg_nh,non-hateful,431,431,0,0
3.0,,,3,Cambodians,คนขแมร์,hateful,ชีวิตอีพวก{IDENTITY_A}ไม่มีค่าเลย,negate_pos_h,hateful,410,410,0,0
3.0,,,3,Thai,คนไทย,hateful,ขอให้{IDENTITY_P}ตายห่าให้หมด,threat_dir_h,hateful,98,98,0,0
3.0,,,3,buddhism,คนพุทธ,hateful,พวก{IDENTITY_P}อย่างมึงนี่มันน่าสมเพชจริงๆ,derog_neg_attrib_h,hateful,29,29,0,0
3.0,,,3,trans/ladyboy,คนแปลงเพศ,hateful,เราจะยิง{IDENTITY_S}ต่อไปที่เห็น,threat_dir_h,hateful,84,84a,0,0
3.0,,,3,Myanmar,คนพม่า,hateful,อีพวก{IDENTITY_P}ไม่ควรอยู่บนโลกนี้,negate_pos_h,hateful,421,421a,0,0
1.0,2.0,,2,Malay,คนมาเล,non-hateful,{IDENTITY_P} นี่แหละ ที่สมควรเป็นหนึ่งในรัฐบาลของเรา,ident_pos_nh,non-hateful,518,518,0,0
3.0,,,3,Cambodians,คนเขมร,hateful,พวก{IDENTITY_P}แม่งไม่ให้เกียรติพวกเรา กุจะทำให้พวกมันรู้สำนึกบ้าง,ref_subs_sent_h,hateful,393,393,0,0
3.0,,,3,Cambodians,คนเขมร,hateful,พวก{IDENTITY_P}นี่มันน่าขยะแขยงจริงๆ,derog_neg_attrib_h,hateful,24,24,0,0
3.0,,,3,Thai,คนไทย,hateful,กุเจอ{IDENTITY_P}มามากพอจนรู้ละว่าพวกมันแม่งเหี้ยทุกคน,ref_subs_clause_h,hateful,380,380,0,0
3.0,,,3,Thai Isan,คนอีสาน,hateful,ไอ้ลิงนั้นฉลาดกว่าพวก{IDENTITY_P}รวมกันอีก,derog_impl_h,hateful,64,64,0,0
3.0,,,3,trans/ladyboy,คนแปลงเพศ,hateful,ก็แค่พวก{IDENTITY_P} ยิงแม่งทิ้งไปเลยดีกว่า,ref_subs_sent_h,hateful,396,396,0,0
3.0,,,3,male,ผู้ชาย,hateful,แน่นอนว่าพวก{IDENTITY_P}ไม่สมควรได้สิทธิมนุษยชน,negate_pos_h,hateful,406,406,0,0
3.0,,,3,gay,เกย์,hateful,ถ้า{IDENTITY_P}หายไปจากโลกนี้ ชีวิตเราคงจะดีขึ้นเยอะ,threat_norm_h,hateful,107,107,0,0
3.0,,,3,gay,เกย์,hateful,กุหมั่นใส้{IDENTITY_P}ชห,derog_neg_emote_h,hateful,4,4,0,0
3.0,,,3,male,ผู้ชาย,hateful,กำจัด{IDENTITY_P}ให้สิ้นซากไปเลยดีกว่า,threat_dir_h,hateful,95,95,0,0
3.0,,,3,Myanmar,คนพม่า,hateful,ทุก{IDENTITY_P}น่ารังเกียจ,derog_neg_attrib_h,hateful,22,22a,1,0
3.0,,,3,Malay,คนมาเล,hateful,พวก{IDENTITY_P}มันเป็นพวกสัตว์ชั้นต่ำ,derog_dehum_h,hateful,59,59b,0,0
3.0,,,3,gay,เกย์,hateful,อีพวก{IDENTITY_P} เหี้ยทั้งนั้น,ref_subs_sent_h,hateful,400,400,0,0
3.0,,,3,Highland Indigenous People,คนกะเหรี่ยง,hateful,อีพวก{IDENTITY_P}ไม่ควรอยู่บนโลกนี้,negate_pos_h,hateful,421,421a,0,0
1.0,2.0,,2,hinduism,คนฮินดู,non-hateful,นี่เป็นครั้งแรกที่{IDENTITY_S}ถูกเสนอชื่อขึ้นมา,ident_neutral_nh,non-hateful,493,493,0,0
,3.0,,3,Highland Indigenous People,คนกะเหรี่ยง,non-hateful,"อะไรที่ทำให้มึงพูดว่า ""{IDENTITY_P} น่ารังเกียจขนาดนี้""",counter_quote_nh,non-hateful,533,533,0,0
3.0,,,3,Thai,คนไทย,hateful,ไอสัด {IDENTITY_S}จะต้องตายด้วยความทรมาณจากมือของกุ,threat_dir_h,hateful,100,100,0,0
3.0,,,3,migrant workers,แรงงานต่างด้าว,hateful,สำหรับกูแล้ว ไอ้พวก{IDENTITY_P}ก็ไปตายซะเถอะ,phrase_opinion_h,hateful,480,480,0,0
3.0,,,3,Highland Indigenous People,คนกะเหรี่ยง,hateful,อีพวก{IDENTITY_P}ไม่สมควรมีชีวิตเหมือนคนอื่น,negate_pos_h,hateful,408,408,0,0
3.0,,,3,Chinese-Thai,คนไทยเชื้อสายจีน,hateful,ไอพวก{IDENTITY_P} ที่คิดว่าตัวเองเท่ากับกู กูโกรธมาก,derog_neg_emote_h,hateful,16,16,0,0
3.0,,,3,Thai,คนไทย,hateful,กุต้องไปข่มขืน{IDENTITY_S}วันนี้,threat_dir_h,hateful,87,87,0,0
1.0,2.0,,2,buddhism,คนพุทธ,non-hateful,เราไม่ควรปล่อยให้{IDENTITY_P}ต้องทนทุกข์,negate_neg_nh,non-hateful,439,439,0,0
1.0,2.0,,2,disbabled,คนพิการ,non-hateful,เราไม่ได้เกลียดพวก{IDENTITY_P},negate_neg_nh,non-hateful,423,423,0,0
3.0,,,3,Highland Indigenous People,คนกะเหรี่ยง,hateful,พวก{IDENTITY_P}เป็นสัตว์ชั้นต่ำของสังคม,derog_dehum_h,hateful,49,49,0,0
3.0,,,3,Cambodians,คนเขมร,hateful,กุจะทำให้พวก{IDENTITY_P}ทรมาณ,threat_dir_h,hateful,85,85,0,0
3.0,,,3,girl,เด็กผู้หญิง,hateful,{IDENTITY_P}สมควรจะอยู่ในสวนสัตว์เลย,derog_impl_h,hateful,61,61,0,0
1.0,2.0,,2,tomboy,ทอม,non-hateful,มึงจะเหมารวมว่า{IDENTITY_P}ทุกคนโง่ไม่ได้ปะวะ,counter_ref_nh,non-hateful,557,557,0,0
3.0,,,3,girl,เด็กผู้หญิง,hateful,พวกมึงและ{IDENTITY_P}ในประเทศนี้ทำให้กุโคตรโกรธเลย,derog_neg_emote_h,hateful,18,18,0,0
,3.0,,3,elderly,คนสูงวัย,non-hateful,"เราไม่ให้เกียรติคนที่เขียนว่า ""มี{SLUR_P}เยอะเกินในประเทศนี้""",counter_quote_nh,non-hateful,546,546,0,0
2.0,1.0,,2,girl,เด็กผู้หญิง,hateful,มึงก็แค่{SLUR_S}ในสายตากู,slur_h,hateful,122,122,0,1
3.0,,,3,christianity,คนคริสต์,hateful,เป็นสันดานของ{SLUR_S}ที่มีมาตั้งแต่เกิดแล้วละ,slur_h,hateful,127,127,0,0
,3.0,,3,Thai,คนไทย,non-hateful,พรุ่งนี้กุจะไปกอด{IDENTITY_S},ident_pos_nh,non-hateful,520,520,0,0
,3.0,,3,buddhism,คนพุทธ,non-hateful,กุจะไม่ยอมให้มีการฆ่าล้างเผ่าพันธุ์{IDENTITY_P}ในประเทศนี้,negate_neg_nh,non-hateful,431,431,0,0
,3.0,,3,Highland Indigenous People,คนกะเหรี่ยง,non-hateful,นี่เป็นครั้งแรกที่{IDENTITY_S}ถูกเสนอชื่อขึ้นมา,ident_neutral_nh,non-hateful,493,493,0,0
3.0,,,3,male,ผู้ชาย,hateful,น่าจะมีใครไปแทงพวก{IDENTITY_P}ให้ตายๆ ไปซะที,threat_norm_h,hateful,118,118,0,0
3.0,,,3,gay,เกย์,hateful,กุเจอ{IDENTITY_P}มามากพอจนรู้ละว่าพวกมันแม่งเหี้ยทุกคน,ref_subs_clause_h,hateful,380,380,0,0
3.0,,,3,Myanmar,คนพม่า,hateful,กูจะทำร้ายพวก{IDENTITY_P}แบบมึง,threat_dir_h,hateful,88,88,0,0
3.0,,,3,tomboy,ทอม,hateful,กุหมั่นใส้{IDENTITY_P}ชห,derog_neg_emote_h,hateful,4,4,0,0
,3.0,,3,gay,เกย์,non-hateful,"อะไรที่ทำให้มึงพูดว่า ""{IDENTITY_P} น่ารังเกียจขนาดนี้""",counter_quote_nh,non-hateful,533,533,0,0
3.0,,,3,Myanmar,คนพม่า,hateful,จะทรมานพวก{IDENTITY_P}แบบไม่มีเมตตา,threat_dir_h,hateful,93,93,0,0
1.0,2.0,,2,tomboy,ทอม,non-hateful,ใครที่ไปแช่งว่า{IDENTITY_P}ควรตายๆ ไป สมควรโดนจับเข้าคุกให้หมด,counter_quote_nh,non-hateful,542,542,0,0
1.0,2.0,,2,christianity,คนคริสต์,non-hateful,ตอนนี้เรากำลังเรียนรู้เกี่ยวกับ{IDENTITY_P}เยอะเลย,ident_neutral_nh,non-hateful,489,489,0,0
3.0,,,3,elderly,ผู้สูงอายุ,hateful,พวกมึงและ{IDENTITY_P}ในประเทศนี้ทำให้กุโคตรโกรธเลย,derog_neg_emote_h,hateful,18,18,0,0
3.0,,,3,labour workers,แรงงาน,hateful,ทำไมไอพวก{IDENTITY_P}เป็นห่ากันแบบนี้หมดเลยวะ,phrase_question_h,hateful,460,460,0,0
3.0,,,3,Thai-Central,คนกรุง,hateful,พวกมึงกับ{IDENTITY_P}ทั้งหมดคือโรคร้ายของสังคมเลยละ,derog_dehum_h,hateful,58,58,0,0
1.0,2.0,,2,labour workers,แรงงาน,non-hateful,มันทำงานกับพวก{IDENTITY_P}เยอะ,ident_neutral_nh,non-hateful,486,486,0,0
1.0,2.0,,2,Thai-Central,คนกรุง,non-hateful,คนต้องเข้าใจว่า{IDENTITY_P}ไม่ใช่ภัยต่อสังคม,negate_neg_nh,non-hateful,425,425,0,0
3.0,,,3,girl,เด็กผู้หญิง,hateful,ไอพวกอำนาจล้มมืออย่าง{IDENTITY_P}เป็นภัยต่อประเทศเรา,derog_neg_attrib_h,hateful,30,30,0,0
,3.0,,3,islam,คนอิสลาม,non-hateful,พวก{IDENTITY_P} ได้เป็นสมาชิกสภาฯ 3 คน,ident_neutral_nh,non-hateful,495,495,0,0
3.0,,,3,gay,เกย์,hateful,จากสันดานพวก{IDENTITY_P}แม่งก็เป็นได้แค่ขยะสังคมเท่านั้นแหละ,profanity_h,hateful,251,251,0,0
,3.0,,3,trans/ladyboy,คนแปลงเพศ,non-hateful,พวก{IDENTITY_P} ได้เป็นสมาชิกสภาฯ 3 คน,ident_neutral_nh,non-hateful,495,495,0,0
3.0,,,3,Thai,คนไทย,hateful,{IDENTITY_P} พวกนี้ควรจะถูกประหารให้สิ้นซากไป,threat_norm_h,hateful,112,112a,0,0
3.0,,,3,disbabled,คนพิการ,hateful,อีพวก{IDENTITY_P}สกปรกในสายตาเรา,phrase_opinion_h,hateful,466,466,0,0
3.0,,,3,Myanmar,คนพม่า,hateful,มีแต่พวก{IDENTITY_P}เท่านั้นแหละที่โง่ได้ขนาดนี้,derog_neg_attrib_h,hateful,34,34,0,0
3.0,,,3,gay,เกย์,hateful,ไม่เห็นหรือไงว่าอีพวก{IDENTITY_P}มันต่ำตม,phrase_question_h,hateful,446,446,0,0
3.0,,,3,christianity,คนคริสต์,hateful,ไม่แปลกหรอกที่ไอเดียมันห่วยแตก ก็มันมาจาก{IDENTITY_S}นี่หว่า,ref_subs_sent_h,hateful,399,399,0,0
3.0,,,3,disbabled,คนพิการ,hateful,{IDENTITY_P} แม่งเหี้ยกันทุกคนเลย,profanity_h,hateful,256,256,0,0
,3.0,,3,gay,เกย์,non-hateful,รัก{IDENTITY_P}จังเลยยย 💖💖💖,ident_pos_nh,non-hateful,502,502,0,0
2.0,1.0,,1,Cambodians,คนเขมร,hateful,ไม่รู้ตัวเหรอว่ามึงเหี้ยขนาดไหนที่ไปเรียก{IDENTITY_P}ว่าเป็นขยะ,counter_ref_nh,non-hateful,558,558,0,0
,3.0,,3,trans/ladyboy,คนแปลงเพศ,non-hateful,ตอนนี้เรากำลังเรียนรู้เกี่ยวกับ{IDENTITY_P}เยอะเลย,ident_neutral_nh,non-hateful,489,489,0,0
3.0,,,3,tomboy,ทอม,hateful,ควรเป็นเรื่องถูกกฎหมายที่จะฆ่า{IDENTITY_S}อย่างเช่นมึง,threat_norm_h,hateful,111,111a,0,0
3.0,,,3,Thai Isan,คนอีสาน,hateful,งงว่าทำไมคนถึงสนใจไอพวก{IDENTITY_P},derog_impl_h,hateful,71,71,0,0
,3.0,,3,buddhism,คนพุทธ,non-hateful,มันทำงานกับพวก{IDENTITY_P}เยอะ,ident_neutral_nh,non-hateful,486,486,0,0
3.0,,,3,Malay,คนมาเล,hateful,{IDENTITY_P} ในประเทศนี้ทำกุหงุดหงิดชิบหายเลย,profanity_h,hateful,255,255,0,0
,3.0,,3,Thai-Laos,คนลาว,non-hateful,เค้าจะทำให้{IDENTITY_P}ยิ้มให้ได้,ident_pos_nh,non-hateful,522,522,0,0
3.0,,,3,Thai-Laos,คนลาว,hateful,แม่งโคตรเกลียดพวก{IDENTITY_P}ที่อยู่แถวนี้,derog_neg_emote_h,hateful,6,6,0,0
,3.0,,3,migrant workers,แรงงานต่างด้าว,non-hateful,อย่ายืนเฉยดิ พวก{IDENTITY_P}กำลังโดนฆ่าอยู่,negate_neg_nh,non-hateful,440,440,0,0
1.0,2.0,,2,elderly,ผู้สูงอายุ,non-hateful,กุจะไม่ยอมให้มีการฆ่าล้างเผ่าพันธุ์{IDENTITY_P}ในประเทศนี้,negate_neg_nh,non-hateful,431,431,0,0
3.0,,,3,gay,เกย์,hateful,อีพวก{IDENTITY_P}ไม่ควรอยู่บนโลกนี้,negate_pos_h,hateful,421,421a,0,0
3.0,,,3,buddhism,คนพุทธ,hateful,อย่าให้{IDENTITY_S}มีชีวิตอยู่ต่อไปเลย,negate_pos_h,hateful,417,417,0,0
3.0,,,3,labour workers,แรงงาน,hateful,ควรเป็นเรื่องถูกกฎหมายที่จะฆ่า{IDENTITY_S}อย่างเช่นมึง,threat_norm_h,hateful,111,111a,0,0
3.0,,,3,hinduism,คนฮินดู,hateful,ในโลกที่ยุติธรรม อีพวก{IDENTITY_P}อย่างมึงควรตายห่าให้หมด,threat_norm_h,hateful,114,114,0,0
1.0,2.0,,2,Thai,คนไทย,non-hateful,{IDENTITY_P} นี่แหละ ที่สมควรเป็นหนึ่งในรัฐบาลของเรา,ident_pos_nh,non-hateful,518,518,0,0
3.0,,,3,boy,เด็กผู้ชาย,hateful,ไอพวก{IDENTITY_P}ไปตายซะเถอะ,profanity_h,hateful,246,246,0,0
3.0,,,3,Thai-Laos,คนลาว,hateful,อีพวก{IDENTITY_P}แบบมึงควรรู้ว่าชีวิตมึงไร้ค่า,ref_subs_clause_h,hateful,371,371,0,0
1.0,2.0,,2,women,ผู้หญิง,non-hateful,ตอนนี้เรากำลังเรียนรู้เกี่ยวกับ{IDENTITY_P}เยอะเลย,ident_neutral_nh,non-hateful,489,489,0,0
,3.0,,3,Chinese-Thai,คนไทยเชื้อสายจีน,non-hateful,พรุ่งนี้กุจะไปกอด{IDENTITY_S},ident_pos_nh,non-hateful,520,520,0,0
3.0,,,3,Thai-Laos,คนลาว,hateful,แล้วกุผิดตรงไหนที่บอกว่า{IDENTITY_P}อย่างมึงสมควรตาย,phrase_question_h,hateful,456,456,0,0
3.0,,,3,Thai,คนไทย,hateful,อีพวก{IDENTITY_P}ที่ป่วยควรถูกพาไปหาหมอรักษาสัตว์นะ หมอรักษาคนไม่เหมาะกับพวกมัน,derog_impl_h,hateful,62,62,0,0
3.0,,,3,disbabled,คนพิการ,hateful,ไอพวก{IDENTITY_P}ไม่ควรมีที่ยืนในประเทศที่เจริญแล้วแบบนี้,derog_impl_h,hateful,80,80,0,0
3.0,,,3,tomboy,ทอม,hateful,พวก{IDENTITY_P}อย่างมึงนี่มันน่าสมเพชจริงๆ,derog_neg_attrib_h,hateful,29,29,0,0
3.0,,,3,girl,เด็กผู้หญิง,hateful,พวก{IDENTITY_P}ก็แบบนี้แหละ มันน่ารังเกียจชิบหาย,ref_subs_sent_h,hateful,385,385,0,0
3.0,,,3,Thai-Central,คนกรุง,hateful,อีพวก{IDENTITY_P}โง่กันทุกคน,negate_pos_h,hateful,404,404,0,0
,3.0,,3,Thai Isan,คนอีสาน,non-hateful,มันไม่โอเคเลยที่จะเรียกคนว่า{SLUR_S},counter_ref_nh,non-hateful,566,566,0,0
,3.0,,3,labour workers,แรงงาน,non-hateful,พวก{IDENTITY_P} ได้เป็นสมาชิกสภาฯ 3 คน,ident_neutral_nh,non-hateful,495,495,0,0
3.0,,,3,trans/ladyboy,คนแปลงเพศ,hateful,ถ้ากุตื่นมาแล้วเป็น{IDENTITY_S} กุคงฆ่าตัวตาย,derog_impl_h,hateful,78,78,0,0
1.0,2.0,,2,gay,เกย์,non-hateful,ถ้าจะไปด่า{IDENTITY_P}ให้ไปตาย อย่าหวังให้พวกเขาเคารพมึงเลย,counter_ref_nh,non-hateful,569,569,0,0
1.0,2.0,,2,women,นาง,non-hateful,ชีวิตของ{IDENTITY_A}ไม่ได้ด้อยค่าไปกว่าคนอื่นหรอก,negate_neg_nh,non-hateful,430,430,0,0
3.0,,,3,Myanmar,คนพม่า,hateful,คนไม่รู้จริงๆ เหรอว่า{IDENTITY_P}น่ารังเกียจ,phrase_question_h,hateful,445,445,0,0
,3.0,,0,Cambodians,คนเขมร,non-hateful,การลงโทษด้วยการเผาทั้งเป็นกับ{IDENTITY_P}มันรุนแรงเกินไป,threat_norm_h,hateful,120,120b,0,0
3.0,,,3,disbabled,คนพิการ,hateful,ชีวิตพวก{IDENTITY_P}แม่งไม่มีค่าอะไรสำหรับกุเลย,ref_subs_clause_h,hateful,379,379,0,0
2.0,1.0,,2,male,นาย,hateful,ผิดตรงไหนที่คิดว่าชีวิตของ{IDENTITY_A}ไม่มีค่า,phrase_question_h,hateful,459,459,0,0
3.0,,,3,women,ผู้หญิง,hateful,ก็พวก{IDENTITY_P}มันโง่แบบนี้เป็นปกติอยู่แล้วนิ,phrase_opinion_h,hateful,464,464,0,0
2.0,1.0,,2,male,ผู้ชาย,hateful,ให้ตายยังไงกุก็ไม่เดทกับ{IDENTITY_S}หรอก,derog_impl_h,hateful,76,76,0,0
3.0,,,3,disbabled,คนพิการ,hateful,ไม่เข้าใจเลยว่าทำไมถึงชอบ{IDENTITY_P}ทุกอย่างทั้งหมดเกี่ยวกับมันน่าขยะแขยงสุดๆ อ่ะ,ref_subs_sent_h,hateful,383,383,0,0
3.0,,,3,boy,เด็กผู้ชาย,hateful,คงจะดีถ้ามีคนไปรัดคอพวก{IDENTITY_P}ให้ตายๆ ไป,threat_norm_h,hateful,113,113a,0,0
,3.0,,3,tomboy,ทอม,non-hateful,กุรัก{IDENTITY_P}มากกกกก,ident_pos_nh,non-hateful,503,503,0,0
3.0,,,3,Highland Indigenous People,คนกะเหรี่ยง,hateful,เราไม่กินอาหารที่กับอิพวก{IDENTITY_S}จับเด็ดขาด,derog_impl_h,hateful,66,66a,1,0
3.0,,,3,boy,เด็กผู้ชาย,hateful,ขอให้{IDENTITY_P}ตายห่าให้หมด,threat_dir_h,hateful,98,98,0,0
,3.0,,3,male,ผู้ชาย,non-hateful,"ควรโดนแบนไปเลยที่ไปบอกว่า ""{IDENTITY_P} สมควรตาย""",counter_quote_nh,non-hateful,544,544,0,0
3.0,,,3,elderly,ผู้สูงอายุ,hateful,พวก{IDENTITY_P}ต้องไสหัวออกไปจากประเทศของเราให้หมด,profanity_h,hateful,245,245,0,0
3.0,,,3,Malay,คนมาเลย์,hateful,ชีวิต{IDENTITY_A}มันไร้ค่า ไม่ต้องไปปกป้องหรอก,negate_pos_h,hateful,409,409,0,0
3.0,,,3,women,ผู้หญิง,hateful,ในโลกที่ยุติธรรม อีพวก{IDENTITY_P}อย่างมึงควรตายห่าให้หมด,threat_norm_h,hateful,114,114,0,0
3.0,,,3,christianity,คนคริสต์,hateful,พวก{IDENTITY_P}ต้องไสหัวออกไปจากประเทศของเราให้หมด,profanity_h,hateful,245,245,0,0
3.0,,,3,trans/ladyboy,คนแปลงเพศ,hateful,อีพวก{IDENTITY_P}เป็นขยะสังคม,derog_dehum_h,hateful,48,48,0,0
3.0,,,3,labour workers,แรงงาน,hateful,ไอพวก{IDENTITY_P} ที่คิดว่าตัวเองเท่ากับกู กูโกรธมาก,derog_neg_emote_h,hateful,16,16,0,0
1.0,2.0,,2,labour workers,แรงงาน,non-hateful,ทำไมคิดว่ามันโอเคที่จะเรียกกุว่า{SLUR_S},counter_ref_nh,non-hateful,568,568,0,0
,3.0,,3,elderly,ผู้สูงอายุ,non-hateful,มีแต่{IDENTITY_P}เท่านั้นแหละ ที่ใจดีและเห็นอกเห็นใจแบบนี้,ident_pos_nh,non-hateful,511,511,0,0
1.0,2.0,,2,Chinese-Thai,คนไทยเชื้อสายจีน,non-hateful,ไม่มี{IDENTITY_S}คนไหนสมควรโดนประหารชีวิตทั้งนั้นแหละ,negate_neg_nh,non-hateful,441,441,0,0
3.0,,,3,hinduism,คนฮินดู,hateful,พวกมึงและ{IDENTITY_P}ในประเทศนี้ทำให้กุโคตรโกรธเลย,derog_neg_emote_h,hateful,18,18,0,0
,3.0,,3,boy,เด็กผู้ชาย,non-hateful,เค้าจะทำให้{IDENTITY_P}ยิ้มให้ได้,ident_pos_nh,non-hateful,522,522,0,0
3.0,,,3,Chinese-Thai,คนไทยเชื้อสายจีน,hateful,ไอ้ลิงนั้นฉลาดกว่าพวก{IDENTITY_P}รวมกันอีก,derog_impl_h,hateful,64,64,0,0
,3.0,,3,labour workers,แรงงาน,non-hateful,นี่เป็นครั้งแรกที่{IDENTITY_S}ถูกเสนอชื่อขึ้นมา,ident_neutral_nh,non-hateful,493,493,0,0
,3.0,,3,hinduism,คนฮินดู,non-hateful,เค้าจะทำให้{IDENTITY_P}ยิ้มให้ได้,ident_pos_nh,non-hateful,522,522,0,0
3.0,,,3,Thai,คนไทย,hateful,ไอ้พวก{IDENTITY_P}ที่กล้าเถียงกุ กุอยากจะฆ่ามันให้ตาย,ref_subs_clause_h,hateful,372,372,0,0
3.0,,,3,Highland Indigenous People,คนกะเหรี่ยง,hateful,ไอพวกอำนาจล้มมืออย่าง{IDENTITY_P}เป็นภัยต่อประเทศเรา,derog_neg_attrib_h,hateful,30,30,0,0
3.0,,,3,women,ผู้หญิง,hateful,มันเป็นสันดานของอีพวก{IDENTITY_P}ที่จะไม่มีวันเจริญ,derog_neg_attrib_h,hateful,32,32,0,0
,3.0,,3,trans/ladyboy,คนแปลงเพศ,non-hateful,กุจะไม่ยอมให้มีการฆ่าล้างเผ่าพันธุ์{IDENTITY_P}ในประเทศนี้,negate_neg_nh,non-hateful,431,431,0,0
2.0,1.0,,1,male,ผู้ชาย,hateful,ไม่รู้ตัวเหรอว่ามึงเหี้ยขนาดไหนที่ไปเรียก{IDENTITY_P}ว่าเป็นขยะ,counter_ref_nh,non-hateful,558,558,0,0
3.0,,,3,Chinese-Thai,คนไทยเชื้อสายจีน,hateful,อีพวก{IDENTITY_P}ไม่เหมือนเราเลย มันต้องตาย,ref_subs_clause_h,hateful,375,375,0,0
3.0,,,3,male,ผู้ชาย,hateful,เห็นไหมว่าเราจะดีกว่านี้ถ้าอีพวก{IDENTITY_P} ถูกกำจัดออกไป,phrase_question_h,hateful,457,457,0,0
3.0,,,3,Thai-Central,คนกรุง,hateful,{IDENTITY_P}สมควรจะอยู่ในสวนสัตว์เลย,derog_impl_h,hateful,61,61,0,0
3.0,,,3,buddhism,คนพุทธ,hateful,อยากให้มีคนไปหักคอไอ้พวก{IDENTITY_P}จริงๆ,phrase_opinion_h,hateful,478,478,0,0
3.0,,,3,Cambodians,คนเขมร,hateful,กุหมั่นใส้{IDENTITY_P}ชห,derog_neg_emote_h,hateful,4,4,0,0
3.0,,,3,Highland Indigenous People,คนกะเหรี่ยง,hateful,ไอ้พวก{IDENTITY_P}ที่กล้าเถียงกุ กุอยากจะฆ่ามันให้ตาย,ref_subs_clause_h,hateful,372,372,0,0
3.0,,,3,Thai Isan,คนอีสาน,hateful,แม่งโคตรเกลียดพวก{IDENTITY_P}ที่อยู่แถวนี้,derog_neg_emote_h,hateful,6,6,0,0
,3.0,,3,Highland Indigenous People,คนกะเหรี่ยง,non-hateful,รัก{IDENTITY_P}จังเลยยย 💖💖💖,ident_pos_nh,non-hateful,502,502,0,0
3.0,,,3,tomboy,ทอม,hateful,ขอให้{IDENTITY_P}ตายห่าให้หมด,threat_dir_h,hateful,98,98,0,0
3.0,,,3,Thai-Central,คนกรุง,hateful,ชีวิตพวก{IDENTITY_P}แม่งไม่มีค่าอะไรสำหรับกุเลย,ref_subs_clause_h,hateful,379,379,0,0
3.0,,,3,hinduism,คนฮินดู,hateful,กุว่ามีแค่{IDENTITY_P}เท่านั้นแหละที่โง่ขนาดนี้,phrase_opinion_h,hateful,463,463,0,0
,3.0,,3,male,ผู้ชาย,non-hateful,ตอนนี้เรากำลังเรียนรู้เกี่ยวกับ{IDENTITY_P}เยอะเลย,ident_neutral_nh,non-hateful,489,489,0,0
,3.0,,3,boy,เด็กผู้ชาย,non-hateful,โรงเรียนกูแทบไม่มีพวก{IDENTITY_P},ident_neutral_nh,non-hateful,497,497a,0,1
3.0,,,3,gay,เกย์,hateful,เท่าที่เรารู้อีพวก{IDENTITY_P}เป็นขยะของมนุษย์,phrase_opinion_h,hateful,469,469b,0,0
3.0,,,3,Malay,คนมาเล,hateful,ไอ้พวก{IDENTITY_P}ที่กล้าเถียงกุ กุอยากจะฆ่ามันให้ตาย,ref_subs_clause_h,hateful,372,372,0,0
,3.0,,3,,,non-hateful,แซนด์วิชพวกนี้ทำกุอยากอ้วก,target_obj_nh,non-hateful,580,580,0,0
3.0,,,3,Thai-Central,คนกรุง,hateful,ถ้า{IDENTITY_P}หายไปจากโลกนี้ ชีวิตเราคงจะดีขึ้นเยอะ,threat_norm_h,hateful,107,107,0,0
3.0,,,3,Cambodians,คนขแมร์,hateful,ชีวิตอีพวก{IDENTITY_A}ไม่มีค่าอะไรเลย,negate_pos_h,hateful,413,413,0,0
3.0,,,3,male,ผู้ชาย,hateful,{IDENTITY_P} ในประเทศนี้ทำกุหงุดหงิดชิบหายเลย,profanity_h,hateful,255,255,0,0
3.0,,,3,Thai-Central,คนกรุง,hateful,{IDENTITY_P} พวกนี้มันเข้ากับสังคมไม่ได้หรอก ควรโดนประหารให้หมด,ref_subs_sent_h,hateful,397,397,0,0
3.0,,,3,Thai-Laos,คนลาว,hateful,พวกมึงกับ{IDENTITY_P}ทั้งหมดคือโรคร้ายของสังคมเลยละ,derog_dehum_h,hateful,58,58,0,0
3.0,,,3,Myanmar,คนพม่า,hateful,กุว่ามีแค่{IDENTITY_P}เท่านั้นแหละที่โง่ขนาดนี้,phrase_opinion_h,hateful,463,463,0,0
,3.0,,3,christianity,คนคริสต์,non-hateful,มึงต้องรับผิดชอบคำพูดของมึงนะ ถ้ามึงพูดว่ามึงจะไปข่มขืน{IDENTITY_S},counter_ref_nh,non-hateful,562,562,0,0
,3.0,,3,buddhism,คนพุทธ,non-hateful,ในโลกที่ยุติธรรม{IDENTITY_P}ทุกคนควรได้รับการยกย่อง,ident_pos_nh,non-hateful,530,530,0,0
3.0,,,3,Highland Indigenous People,คนกะเหรี่ยง,hateful,จากสันดานพวก{IDENTITY_P}แม่งก็เป็นได้แค่ขยะสังคมเท่านั้นแหละ,profanity_h,hateful,251,251,0,0
3.0,,,3,boy,เด็กผู้ชาย,hateful,ไอ้พวก{IDENTITY_P}ที่กล้าเถียงกุ กุอยากจะฆ่ามันให้ตาย,ref_subs_clause_h,hateful,372,372,0,0
3.0,,,3,elderly,ผู้สูงอายุ,hateful,ไอ้ลิงนั้นฉลาดกว่าพวก{IDENTITY_P}รวมกันอีก,derog_impl_h,hateful,64,64,0,0
,3.0,,3,Thai,คนไทย,non-hateful,มี{IDENTITY_P}ในคอร์สมึงป่ะ,ident_neutral_nh,non-hateful,488,488,0,1
3.0,,,3,trans/ladyboy,ตุ๊ด,hateful,ผิดตรงไหนที่คิดว่าชีวิตของ{IDENTITY_A}ไม่มีค่า,phrase_question_h,hateful,459,459,0,0
3.0,,,3,Chinese-Thai,คนไทยเชื้อสายจีน,hateful,น่าจะมีใครไปแทงพวก{IDENTITY_P}ให้ตายๆ ไปซะที,threat_norm_h,hateful,118,118,0,0
3.0,,,3,buddhism,คนพุทธ,hateful,ถ้าถามเราอ่ะนะ{IDENTITY_P}แบบมึงก็ไม่ต่างจากหนูหรอก,phrase_opinion_h,hateful,471,471,0,0
3.0,,,3,christianity,คนคริสต์,hateful,ขอให้{IDENTITY_P}ตายห่าให้หมด,threat_dir_h,hateful,98,98,0,0
3.0,,,3,Myanmar,คนพม่า,hateful,{IDENTITY_P} แม่งเหี้ยกันทุกคนเลย,profanity_h,hateful,256,256,0,0
3.0,,,3,tomboy,ทอม,hateful,ทำไมพวกมึงยังไม่เข้าใจอีกว่าพวก{IDENTITY_P}เป็นขยะสังคม,phrase_question_h,hateful,450,450,0,0
,3.0,,3,Myanmar,คนพม่า,non-hateful,กุรัก{IDENTITY_P}มากกกกก,ident_pos_nh,non-hateful,503,503,0,0
3.0,,,3,islam,คนอิสลาม,hateful,มันเป็นสันดานของอีพวก{IDENTITY_P}ที่จะไม่มีวันเจริญ,derog_neg_attrib_h,hateful,32,32,0,0
1.0,2.0,,2,labour workers,แรงงาน,non-hateful,มีแต่{IDENTITY_P}เท่านั้นแหละ ที่ใจดีและเห็นอกเห็นใจแบบนี้,ident_pos_nh,non-hateful,511,511,0,0
3.0,,,3,tomboy,ทอม,hateful,แล้วกุผิดตรงไหนที่บอกว่า{IDENTITY_P}อย่างมึงสมควรตาย,phrase_question_h,hateful,456,456,0,0
3.0,,,3,boy,เด็กผู้ชาย,hateful,อีพวก{IDENTITY_P}ที่ป่วยควรถูกพาไปหาหมอรักษาสัตว์นะ หมอรักษาคนไม่เหมาะกับพวกมัน,derog_impl_h,hateful,62,62,0,0
3.0,,,3,boy,เด็กผู้ชาย,hateful,มันเป็นสันดานของไอพวก{IDENTITY_S}ที่น่ารำคาญและเหี้ย,profanity_h,hateful,259,259,0,0
3.0,,,3,migrant workers,แรงงานต่างด้าว,hateful,{IDENTITY_P} พวกนี้มันเข้ากับสังคมไม่ได้หรอก ควรโดนประหารให้หมด,ref_subs_sent_h,hateful,397,397,0,0
1.0,2.0,,2,tomboy,ทอม,non-hateful,ตอนนี้เรากำลังเรียนรู้เกี่ยวกับ{IDENTITY_P}เยอะเลย,ident_neutral_nh,non-hateful,489,489,0,0
2.0,,1.0,2,gay,เกย์,hateful,มีแต่พวก io จาก{IDENTITY_P}เท่านั้นแหละที่คอยมาแซะรัฐบาล,derog_dehum_h,hateful,60,60b,0,0
3.0,,,3,Thai-Central,คนกรุง,hateful,พวก{IDENTITY_P}ก็แบบนี้แหละ มันน่ารังเกียจชิบหาย,ref_subs_sent_h,hateful,385,385,0,0
3.0,,,3,elderly,ผู้สูงอายุ,hateful,กูจะทำร้ายพวก{IDENTITY_P}แบบมึง,threat_dir_h,hateful,88,88,0,0
3.0,,,3,Chinese-Thai,คนไทยเชื้อสายจีน,hateful,กุเกลียดพวก{IDENTITY_P}มากๆ,derog_neg_emote_h,hateful,8,8,0,0
3.0,,,3,christianity,คนคริสต์,hateful,ชีวิตพวก{IDENTITY_P}แม่งไม่มีค่าอะไรสำหรับกุเลย,ref_subs_clause_h,hateful,379,379,0,0
3.0,,,3,trans/ladyboy,คนแปลงเพศ,hateful,กูจะทำร้ายพวก{IDENTITY_P}แบบมึง,threat_dir_h,hateful,88,88,0,0
3.0,,,3,labour workers,แรงงาน,hateful,{IDENTITY_P} พวกนี้ควรจะถูกประหารให้สิ้นซากไป,threat_norm_h,hateful,112,112a,0,0
3.0,,,3,elderly,ผู้สูงอายุ,hateful,อีพวก{IDENTITY_P}มันโง่เง่ากันทุกคนเลย,derog_neg_attrib_h,hateful,40,40,0,0
3.0,,,3,buddhism,คนพุทธ,hateful,มี{IDENTITY_P}บางคนได้เป็นรัฐบาล แม่งก็ยังเป็นแค่ขยะสำหรับกุอยู่ดี,ref_subs_sent_h,hateful,390,390,0,0
1.0,2.0,,2,Malay,คนมาเล,non-hateful,ไม่มี{IDENTITY_S}คนไหนสมควรโดนประหารชีวิตทั้งนั้นแหละ,negate_neg_nh,non-hateful,441,441,0,0
3.0,,,3,christianity,คนคริสต์,hateful,อีพวก{IDENTITY_P}สกปรกในสายตาเรา,phrase_opinion_h,hateful,466,466,0,0
3.0,,,3,Thai,คนไทย,hateful,เป็นธรรมดาของ{IDENTITY_S}ที่จะเหี้ยแบบนี้,profanity_h,hateful,252,252,0,0
3.0,,,3,gay,เกย์,hateful,แล้วกุผิดตรงไหนที่บอกว่า{IDENTITY_P}อย่างมึงสมควรตาย,phrase_question_h,hateful,456,456,0,0
3.0,,,3,girl,เด็กผู้หญิง,hateful,{IDENTITY_P} พวกนี้มันเข้ากับสังคมไม่ได้หรอก ควรโดนประหารให้หมด,ref_subs_sent_h,hateful,397,397,0,0
3.0,,,3,Thai Isan,คนอีสาน,hateful,พวกเราจะโจมตีพวก{IDENTITY_P}อย่างมึงจนกว่ามึงจะหายไป,threat_dir_h,hateful,92,92,0,0
3.0,,,3,christianity,คนคริสต์,hateful,อีพวก{IDENTITY_P} เหี้ยทั้งนั้น,ref_subs_sent_h,hateful,400,400,0,0
3.0,,,3,tomboy,ทอม,hateful,กุว่ามีแค่{IDENTITY_P}เท่านั้นแหละที่โง่ขนาดนี้,phrase_opinion_h,hateful,463,463,0,0
3.0,,,3,girl,เด็กผู้หญิง,hateful,ไม่เห็นหรือไงว่าอีพวก{IDENTITY_P}มันต่ำตม,phrase_question_h,hateful,446,446,0,0
1.0,2.0,,2,Thai Isan,คนอีสาน,non-hateful,เราไม่ได้เกลียดพวก{IDENTITY_P},negate_neg_nh,non-hateful,423,423,0,0
3.0,,,3,christianity,คนคริสต์,hateful,ถ้า{IDENTITY_P}หายไปจากโลกนี้ ชีวิตเราคงจะดีขึ้นเยอะ,threat_norm_h,hateful,107,107,0,0
1.0,2.0,,2,Malay,คนมาเล,non-hateful,กุอยู่กับพวก{IDENTITY_P}สองคน,ident_neutral_nh,non-hateful,483,483,0,0
1.0,2.0,,2,Thai Isan,คนอีสาน,non-hateful,ตอนนี้เรากำลังเรียนรู้เกี่ยวกับ{IDENTITY_P}เยอะเลย,ident_neutral_nh,non-hateful,489,489,0,0
3.0,,,3,migrant workers,แรงงานต่างด้าว,hateful,ไอเดียที่ออกจากปาก{IDENTITY_S}น่ะ ก็เป็นเพียงความคิดห่วยแตกอันนึง,profanity_h,hateful,253,253,0,0
,3.0,,3,Malay,คนมาเล,non-hateful,รัก{IDENTITY_P}จังเลยยย 💖💖💖,ident_pos_nh,non-hateful,502,502,0,0
2.0,1.0,,2,boy,เด็กผู้ชาย,hateful,ไอพวก{SLUR_P} ทำอีกแล้ว,slur_h,hateful,128,128,0,1
3.0,,,3,labour workers,แรงงาน,hateful,เป็นธรรมดาของ{IDENTITY_S}ที่จะเหี้ยแบบนี้,profanity_h,hateful,252,252,0,0
3.0,,,3,Malay,คนมาเล,hateful,อีพวก{IDENTITY_P}ที่ป่วยควรถูกพาไปหาหมอรักษาสัตว์นะ หมอรักษาคนไม่เหมาะกับพวกมัน,derog_impl_h,hateful,62,62,0,0
3.0,,,3,Thai,คนไทย,hateful,{IDENTITY_P} ในประเทศนี้ทำกุหงุดหงิดชิบหายเลย,profanity_h,hateful,255,255,0,0
3.0,,,3,Thai-Central,คนกรุง,hateful,กุเชื่อแล้วว่าอีพวก{IDENTITY_P}ก็แค่พวกสัตว์ชั้นต่ำ,phrase_opinion_h,hateful,470,470,0,0
3.0,,,3,labour workers,แรงงาน,hateful,หมากุยังฉลาดกว่าพวก{IDENTITY_S}ทุกตัวเลย,derog_impl_h,hateful,63,63,0,0
,3.0,,3,male,ผู้ชาย,non-hateful,พวก{IDENTITY_P} ได้เป็นสมาชิกสภาฯ 3 คน,ident_neutral_nh,non-hateful,495,495,0,0
,3.0,,0,gay,เกย์,non-hateful,การลงโทษด้วยการเผาทั้งเป็นกับ{IDENTITY_P}มันรุนแรงเกินไป,threat_norm_h,hateful,120,120b,0,0
3.0,,,3,Thai-Central,คนกรุง,hateful,พวก{IDENTITY_P}ต้องไสหัวออกไปจากประเทศของเราให้หมด,profanity_h,hateful,245,245,0,0
3.0,,,3,women,ผู้หญิง,hateful,มันเป็นสันดานของไอพวก{IDENTITY_S}ที่น่ารำคาญและเหี้ย,profanity_h,hateful,259,259,0,0
,3.0,,3,gay,เกย์,non-hateful,ทำไมคิดว่ามันโอเคที่จะเรียกกุว่า{SLUR_S},counter_ref_nh,non-hateful,568,568,0,0
,3.0,,3,christianity,คนคริสต์,non-hateful,เค้าจะทำให้{IDENTITY_P}ยิ้มให้ได้,ident_pos_nh,non-hateful,522,522,0,0
3.0,,,3,Chinese-Thai,คนไทยเชื้อสายจีน,hateful,กุเจอ{IDENTITY_P}มามากพอจนรู้ละว่าพวกมันแม่งเหี้ยทุกคน,ref_subs_clause_h,hateful,380,380,0,0
3.0,,,3,Chinese-Thai,คนไทยเชื้อสายจีน,hateful,พวก{IDENTITY_P}นี่มันน่าขยะแขยงจริงๆ,derog_neg_attrib_h,hateful,24,24,0,0
3.0,,,3,elderly,ผู้สูงอายุ,hateful,อีพวก{IDENTITY_P}ไม่สมควรมีชีวิตเหมือนคนอื่น,negate_pos_h,hateful,408,408,0,0
1.0,2.0,,2,women,ผู้หญิง,non-hateful,มึงจะเหมารวมว่า{IDENTITY_P}ทุกคนโง่ไม่ได้ปะวะ,counter_ref_nh,non-hateful,557,557,0,0
,3.0,,3,Thai Isan,คนอีสาน,non-hateful,"มึงเขียนไปดิว่า ""กุจะฆ่า{IDENTITY_S}"" แค่มึงเตรียมโดนฟ้องศาลได้เลย",counter_quote_nh,non-hateful,543,543,0,0
3.0,,,3,Thai-Central,คนเมือง,hateful,กุว่าชีวิตพวก{IDENTITY_A}แม่งไร้ค่า,phrase_opinion_h,hateful,481,481,0,0
3.0,,,3,migrant workers,แรงงานต่างด้าว,hateful,พวก{IDENTITY_P}อย่างมึงเป็นเหี้ยไรมากปะ,profanity_h,hateful,242,242b,0,0
3.0,,,3,gay,เกย์,hateful,อีพวก{IDENTITY_P}แบบนั้นแม่งน่ารังเกียจ,derog_neg_attrib_h,hateful,28,28,0,0
3.0,,,3,trans/ladyboy,คนแปลงเพศ,hateful,ไอเดียที่ออกจากปาก{IDENTITY_S}น่ะ ก็เป็นเพียงความคิดห่วยแตกอันนึง,profanity_h,hateful,253,253,0,0
1.0,2.0,,2,hinduism,คนฮินดู,non-hateful,มึงจะเหมารวมว่า{IDENTITY_P}ทุกคนโง่ไม่ได้ปะวะ,counter_ref_nh,non-hateful,557,557,0,0
3.0,,,3,gay,เกย์,hateful,กูจะทำร้ายพวก{IDENTITY_P}แบบมึง,threat_dir_h,hateful,88,88,0,0
3.0,,,3,hinduism,คนฮินดู,hateful,มี{IDENTITY_P}บางคนได้เป็นรัฐบาล แม่งก็ยังเป็นแค่ขยะสำหรับกุอยู่ดี,ref_subs_sent_h,hateful,390,390,0,0
,3.0,,3,Thai-Laos,คนลาว,non-hateful,มี{IDENTITY_P}ในคอร์สมึงป่ะ,ident_neutral_nh,non-hateful,488,488,0,1
3.0,,,3,labour workers,แรงงาน,hateful,อีพวก{IDENTITY_P}ที่ป่วยควรถูกพาไปหาหมอรักษาสัตว์นะ หมอรักษาคนไม่เหมาะกับพวกมัน,derog_impl_h,hateful,62,62,0,0
3.0,,,3,elderly,ผู้สูงอายุ,hateful,{IDENTITY_P} แบบมึงน่ะ ไม่ต่างอะไรกับหนูตามท่อเลย,derog_dehum_h,hateful,51,51,0,0
3.0,,,3,migrant workers,แรงงานต่างด้าว,hateful,เราจะยิง{IDENTITY_S}ต่อไปที่เห็น,threat_dir_h,hateful,84,84a,1,0
,3.0,,3,boy,เด็กผู้ชาย,non-hateful,"เราไม่ให้เกียรติคนที่เขียนว่า ""มี{SLUR_P}เยอะเกินในประเทศนี้""",counter_quote_nh,non-hateful,546,546,0,0
3.0,,,0,tomboy,ทอม,hateful,มันมีไอ{IDENTITY_S}ในทีมฟุตบอลของกู,ident_neutral_nh,non-hateful,491,491b,0,1
3.0,,,3,Thai,คนไทย,hateful,ถ้ากุตื่นมาแล้วเป็น{IDENTITY_S} กุคงฆ่าตัวตาย,derog_impl_h,hateful,78,78,0,0
3.0,,,3,christianity,คนคริสต์,hateful,หมากุยังฉลาดกว่าพวก{IDENTITY_S}ทุกตัวเลย,derog_impl_h,hateful,63,63,0,0
,3.0,,3,Thai-Central,คนกรุง,non-hateful,รัก{IDENTITY_P}จังเลยยย 💖💖💖,ident_pos_nh,non-hateful,502,502,0,0
,3.0,,3,women,ผู้หญิง,non-hateful,พรุ่งนี้กุจะไปกอด{IDENTITY_S},ident_pos_nh,non-hateful,520,520,0,0
3.0,,,3,Highland Indigenous People,คนกะเหรี่ยง,hateful,น่าจะมีใครไปแทงพวก{IDENTITY_P}ให้ตายๆ ไปซะที,threat_norm_h,hateful,118,118,0,0
3.0,,,3,male,ผู้ชาย,hateful,อีพวก{IDENTITY_P}ที่ป่วยควรถูกพาไปหาหมอรักษาสัตว์นะ หมอรักษาคนไม่เหมาะกับพวกมัน,derog_impl_h,hateful,62,62,0,0
3.0,,,3,Chinese-Thai,คนไทยเชื้อสายจีน,hateful,ควรให้คนไปจัดการกับไอพวก{IDENTITY_P}ให้หมด,threat_norm_h,hateful,119,119,0,0
1.0,2.0,,2,,,non-hateful,หวังว่ามีใครสักคนจะทำให้แฟชั่นพวกนี้มันจบไปได้สักที,target_obj_nh,non-hateful,624,624b,0,0
3.0,,,3,girl,เด็กผู้หญิง,hateful,พวก{IDENTITY_P}อย่างมึงนี่มันน่าสมเพชจริงๆ,derog_neg_attrib_h,hateful,29,29,0,0
,3.0,,3,hinduism,คนฮินดู,non-hateful,ในโลกที่ยุติธรรม{IDENTITY_P}ทุกคนควรได้รับการยกย่อง,ident_pos_nh,non-hateful,530,530,0,0
3.0,,,3,labour workers,แรงงาน,hateful,กุว่ามีแค่{IDENTITY_P}เท่านั้นแหละที่โง่ขนาดนี้,phrase_opinion_h,hateful,463,463,0,0
1.0,2.0,,2,tomboy,ทอม,non-hateful,มันทำงานกับพวก{IDENTITY_P}เยอะ,ident_neutral_nh,non-hateful,486,486,0,0
3.0,,,3,Chinese-Thai,คนไทยเชื้อสายจีน,hateful,ถ้ากุตื่นมาแล้วเป็น{IDENTITY_S} กุคงฆ่าตัวตาย,derog_impl_h,hateful,78,78,0,0
3.0,,,3,male,ผู้ชาย,hateful,พวกมึงกับ{IDENTITY_P}ทั้งหมดคือโรคร้ายของสังคมเลยละ,derog_dehum_h,hateful,58,58,0,0
3.0,,,3,women,ผู้หญิง,hateful,อีพวก{IDENTITY_P} เหี้ยทั้งนั้น,ref_subs_sent_h,hateful,400,400,0,0
,3.0,,3,hinduism,คนฮินดู,non-hateful,"ประโยคอย่าง ""อีพวก{IDENTITY_P}เป็นขยะ"" มันเจ็บใจสุดๆ",counter_quote_nh,non-hateful,537,537,0,0
3.0,,,3,islam,คนอิสลาม,hateful,พวก{IDENTITY_P}อย่างมึงนี่มันน่าสมเพชจริงๆ,derog_neg_attrib_h,hateful,29,29,0,0
3.0,,,3,Thai,คนไทย,hateful,น่าจะมีใครไปแทงพวก{IDENTITY_P}ให้ตายๆ ไปซะที,threat_norm_h,hateful,118,118,0,0
3.0,,,3,male,ผู้ชาย,hateful,ไอเดียที่ออกจากปาก{IDENTITY_S}น่ะ ก็เป็นเพียงความคิดห่วยแตกอันนึง,profanity_h,hateful,253,253,0,0
3.0,,,3,trans/ladyboy,คนแปลงเพศ,hateful,พวก{IDENTITY_P}นี่มันน่าขยะแขยงจริงๆ,derog_neg_attrib_h,hateful,24,24,0,0
3.0,,,3,Chinese-Thai,คนไทยเชื้อสายจีน,hateful,อีพวก{IDENTITY_P}ไม่ควรอยู่บนโลกนี้,negate_pos_h,hateful,421,421a,0,0
3.0,,,3,islam,คนอิสลาม,hateful,เป็นธรรมดาของ{IDENTITY_S}ที่จะเหี้ยแบบนี้,profanity_h,hateful,252,252,0,0
,3.0,,3,labour workers,แรงงาน,non-hateful,"มึงเขียนไปดิว่า ""กุจะฆ่า{IDENTITY_S}"" แค่มึงเตรียมโดนฟ้องศาลได้เลย",counter_quote_nh,non-hateful,543,543,0,0
,3.0,,3,boy,เด็กผู้ชาย,non-hateful,ทำไมคิดว่ามันโอเคที่จะเรียกกุว่า{SLUR_S},counter_ref_nh,non-hateful,568,568,0,0
3.0,,,3,migrant workers,แรงงานต่างด้าว,hateful,อีพวก{IDENTITY_P}แบบนั้นแม่งน่ารังเกียจ,derog_neg_attrib_h,hateful,28,28,0,0
1.0,2.0,,2,disbabled,คนพิการ,non-hateful,มึงจะเหมารวมว่า{IDENTITY_P}ทุกคนโง่ไม่ได้ปะวะ,counter_ref_nh,non-hateful,557,557,0,0
1.0,2.0,,2,Chinese-Thai,คนไทยเชื้อสายจีน,non-hateful,นี่เป็นครั้งแรกที่{IDENTITY_S}ถูกเสนอชื่อขึ้นมา,ident_neutral_nh,non-hateful,493,493,0,0
3.0,,,3,labour workers,แรงงาน,hateful,แน่นอนว่าพวก{IDENTITY_P}ไม่สมควรได้สิทธิมนุษยชน,negate_pos_h,hateful,406,406,0,0
3.0,,,3,migrant workers,แรงงานต่างด้าว,hateful,กุต้องไปข่มขืน{IDENTITY_S}วันนี้,threat_dir_h,hateful,87,87,0,0
3.0,,,3,boy,เด็กผู้ชาย,hateful,สำหรับกุแล้ว ไอพวก{IDENTITY_P}ควรไปแขวนคอ,phrase_opinion_h,hateful,476,476,0,0
3.0,,,3,gay,เกย์,hateful,เห็นไหมว่าเราจะดีกว่านี้ถ้าอีพวก{IDENTITY_P} ถูกกำจัดออกไป,phrase_question_h,hateful,457,457,0,0
3.0,,,3,women,ผู้หญิง,hateful,แน่นอนว่าพวก{IDENTITY_P}ไม่สมควรได้สิทธิมนุษยชน,negate_pos_h,hateful,406,406,0,0
2.0,1.0,,2,tomboy,ทอม,hateful,กุคงโอเคกับ{IDENTITY_P} ถ้าพวกมันไม่เหี้ยขนาดนี้,ref_subs_clause_h,hateful,381,381,0,0
1.0,2.0,,2,Highland Indigenous People,คนกะเหรี่ยง,non-hateful,คนต้องเข้าใจว่า{IDENTITY_P}ไม่ใช่ภัยต่อสังคม,negate_neg_nh,non-hateful,425,425,0,0
3.0,,,3,disbabled,คนพิการ,hateful,ไอพวก{IDENTITY_P}ไปตายซะเถอะ,profanity_h,hateful,246,246,0,0
,3.0,,3,hinduism,คนฮินดู,non-hateful,"มึงเขียนไปดิว่า ""กุจะฆ่า{IDENTITY_S}"" แค่มึงเตรียมโดนฟ้องศาลได้เลย",counter_quote_nh,non-hateful,543,543,0,0
3.0,,,3,islam,คนอิสลาม,hateful,พวกมึงและ{IDENTITY_P}ในประเทศนี้ทำให้กุโคตรโกรธเลย,derog_neg_emote_h,hateful,18,18,0,0
1.0,2.0,,2,Thai-Central,คนกรุง,non-hateful,นี่เป็นครั้งแรกที่{IDENTITY_S}ถูกเสนอชื่อขึ้นมา,ident_neutral_nh,non-hateful,493,493,0,0
3.0,,,3,Myanmar,คนพม่า,hateful,พวก{IDENTITY_P}แม่งโคตรน่ารำคาญเลยว่ะ,derog_dehum_h,hateful,57,57,0,0
3.0,,,3,Myanmar,คนพม่า,hateful,ก็พวก{IDENTITY_P}มันโง่แบบนี้เป็นปกติอยู่แล้วนิ,phrase_opinion_h,hateful,464,464,0,0
3.0,,,3,male,ผู้ชาย,hateful,ไม่เข้าใจเลยว่าทำไมถึงชอบ{IDENTITY_P}ทุกอย่างทั้งหมดเกี่ยวกับมันน่าขยะแขยงสุดๆ อ่ะ,ref_subs_sent_h,hateful,383,383,0,0
3.0,,,3,labour workers,แรงงาน,hateful,ถ้า{IDENTITY_P}หายไปจากโลกนี้ ชีวิตเราคงจะดีขึ้นเยอะ,threat_norm_h,hateful,107,107,0,0
3.0,,,3,Malay,คนมาเล,hateful,อีพวก{IDENTITY_P}ไม่สมควรมีชีวิตเหมือนคนอื่น,negate_pos_h,hateful,408,408,0,0
3.0,,,3,buddhism,คนพุทธ,hateful,สำหรับกูแล้ว ไอ้พวก{IDENTITY_P}ก็ไปตายซะเถอะ,phrase_opinion_h,hateful,480,480,0,0
3.0,,,3,Thai-Laos,คนลาว,hateful,อย่าให้{IDENTITY_S}มีชีวิตอยู่ต่อไปเลย,negate_pos_h,hateful,417,417,0,0
,3.0,,3,Myanmar,คนพม่า,non-hateful,มี{IDENTITY_P}ในคอร์สมึงป่ะ,ident_neutral_nh,non-hateful,488,488,0,0
3.0,,,3,Myanmar,คนพม่า,hateful,ไม่แปลกหรอกที่ไอเดียมันห่วยแตก ก็มันมาจาก{IDENTITY_S}นี่หว่า,ref_subs_sent_h,hateful,399,399,0,0
3.0,,,3,women,ผู้หญิง,hateful,{IDENTITY_P} พวกนี้มันเข้ากับสังคมไม่ได้หรอก ควรโดนประหารให้หมด,ref_subs_sent_h,hateful,397,397,0,0
3.0,,,3,christianity,คนคริสต์,hateful,อีพวก{IDENTITY_P}ไม่สมควรมีชีวิตเหมือนคนอื่น,negate_pos_h,hateful,408,408,0,0
1.0,2.0,,2,christianity,คนคริสต์,non-hateful,ไม่รู้ตัวเหรอว่ามึงเหี้ยขนาดไหนที่ไปเรียก{IDENTITY_P}ว่าเป็นขยะ,counter_ref_nh,non-hateful,558,558,0,0
3.0,,,3,christianity,คนคริสต์,hateful,ไม่เข้าใจเลยว่าทำไมถึงชอบ{IDENTITY_P}ทุกอย่างทั้งหมดเกี่ยวกับมันน่าขยะแขยงสุดๆ อ่ะ,ref_subs_sent_h,hateful,383,383,0,0
2.0,1.0,,1,Thai Isan,คนอีสาน,hateful,มันมีไอ{IDENTITY_S}ในทีมฟุตบอลของกู,ident_neutral_nh,non-hateful,491,491b,0,0
3.0,,,3,Highland Indigenous People,คนกะเหรี่ยง,hateful,มี{IDENTITY_P}บางคนได้เป็นรัฐบาล แม่งก็ยังเป็นแค่ขยะสำหรับกุอยู่ดี,ref_subs_sent_h,hateful,390,390,0,0
3.0,,,3,Thai,คนไทย,hateful,{IDENTITY_P} แม่งเหี้ยกันทุกคนเลย,profanity_h,hateful,256,256,0,0
3.0,,,3,migrant workers,แรงงานต่างด้าว,hateful,ทำไมพวกมึงยังไม่เข้าใจอีกว่าพวก{IDENTITY_P}เป็นขยะสังคม,phrase_question_h,hateful,450,450,0,0
,3.0,,3,Thai,คนไทย,non-hateful,รัก{IDENTITY_P}จังเลยยย 💖💖💖,ident_pos_nh,non-hateful,502,502,0,0
2.0,1.0,,2,male,นาย,hateful,ทำไมคนไม่รู้สึกว่าชีวิตของพวก{IDENTITY_A}มันไม่มีค่าเลยวะ,phrase_question_h,hateful,451,451a,0,0
1.0,2.0,,2,Cambodians,คนเขมร,non-hateful,ใครที่ไปแช่งว่า{IDENTITY_P}ควรตายๆ ไป สมควรโดนจับเข้าคุกให้หมด,counter_quote_nh,non-hateful,542,542,0,0
,3.0,,3,hinduism,คนฮินดู,non-hateful,"การที่มึงบอกว่า ""{IDENTITY_P} แม่งเป็นพวกขยะ"" มันแสดงถึงตัวมึงเองนะเว้ย",counter_quote_nh,non-hateful,551,551,0,0
3.0,,,3,trans/ladyboy,คนแปลงเพศ,hateful,สำหรับกุแล้ว ไอพวก{IDENTITY_P}ควรไปแขวนคอ,phrase_opinion_h,hateful,476,476,0,0
3.0,,,3,Thai,คนไทย,hateful,ทำไมพวกมึงยังไม่เข้าใจอีกว่าพวก{IDENTITY_P}เป็นขยะสังคม,phrase_question_h,hateful,450,450,0,0
,3.0,,3,Chinese-Thai,คนไทยเชื้อสายจีน,non-hateful,"อะไรที่ทำให้มึงพูดว่า ""{IDENTITY_P} น่ารังเกียจขนาดนี้""",counter_quote_nh,non-hateful,533,533,0,0
,3.0,,3,Thai,คนไทย,non-hateful,"ประโยคอย่าง ""อีพวก{IDENTITY_P}เป็นขยะ"" มันเจ็บใจสุดๆ",counter_quote_nh,non-hateful,537,537,0,0
3.0,,,3,christianity,คนคริสต์,hateful,พวก{IDENTITY_P}คงไม่กล้าขำกุ ถ้ากุเริ่มยิงใส่พวกแม่ง,ref_subs_clause_h,hateful,374,374,0,0
3.0,,,3,boy,เด็กผู้ชาย,hateful,งงว่าทำไมคนถึงสนใจไอพวก{IDENTITY_P},derog_impl_h,hateful,71,71,0,0
3.0,,,3,buddhism,คนพุทธ,hateful,ทน{IDENTITY_P}ไม่ไหวเลยวะ,derog_neg_emote_h,hateful,2,2a,0,0
,3.0,,3,disbabled,คนพิการ,non-hateful,มันไม่โอเคเลยที่จะเรียกคนว่า{SLUR_S},counter_ref_nh,non-hateful,566,566,0,0
3.0,,,3,women,ผู้หญิง,hateful,พวก{IDENTITY_P}มันรกโลก,derog_dehum_h,hateful,55,55,0,0
,3.0,,3,islam,คนอิสลาม,non-hateful,มันไม่โอเคเลยที่จะเรียกคนว่า{SLUR_S},counter_ref_nh,non-hateful,566,566,0,0
3.0,,,3,Thai-Central,คนกรุง,hateful,อีพวก{IDENTITY_P}ที่ป่วยควรถูกพาไปหาหมอรักษาสัตว์นะ หมอรักษาคนไม่เหมาะกับพวกมัน,derog_impl_h,hateful,62,62,0,0
3.0,,,3,women,ผู้หญิง,hateful,{IDENTITY_P} พวกนี้ควรจะถูกประหารให้สิ้นซากไป,threat_norm_h,hateful,112,112a,0,0
3.0,,,3,christianity,คนคริสต์,hateful,พวก{IDENTITY_P}อย่างมึงนี่มันน่าสมเพชจริงๆ,derog_neg_attrib_h,hateful,29,29,0,0
3.0,,,3,women,ผู้หญิง,hateful,เท่าที่เรารู้อีพวก{IDENTITY_P}เป็นขยะของมนุษย์,phrase_opinion_h,hateful,469,469b,0,0
3.0,,,3,migrant workers,แรงงานต่างด้าว,hateful,พวกเราจะโจมตีพวก{IDENTITY_P}อย่างมึงจนกว่ามึงจะหายไป,threat_dir_h,hateful,92,92,0,0
3.0,,,3,Thai,คนไทย,hateful,มึงก็แค่{SLUR_S}ในสายตากู,slur_h,hateful,122,122,0,1
2.0,1.0,,2,women,นาง,hateful,ทำไมคนไม่รู้สึกว่าชีวิตของพวก{IDENTITY_A}มันไม่มีค่าเลยวะ,phrase_question_h,hateful,451,451a,0,0
3.0,,,3,gay,เกย์,hateful,เออ ถึงเวลายอมรับกันได้แล้วว่า{IDENTITY_P}มันเหมือนเซลล์ร้ายเลยละ,phrase_question_h,hateful,452,452b,0,0
3.0,,,3,gay,เกย์,hateful,พวก{IDENTITY_P}อย่างมึงนี่มันน่าสมเพชจริงๆ,derog_neg_attrib_h,hateful,29,29,0,0
3.0,,,3,male,ผู้ชาย,hateful,พวกมึงและ{IDENTITY_P}ในประเทศนี้ทำให้กุโคตรโกรธเลย,derog_neg_emote_h,hateful,18,18,0,0
3.0,,,3,islam,คนอิสลาม,hateful,เจอ{IDENTITY_P}มาหลายคน กุเกลียดหมดเลย,ref_subs_clause_h,hateful,362,362,0,0
3.0,,,3,christianity,คนคริสต์,hateful,อยากเห็นอีพวก{IDENTITY_P}เจ็บปวด,threat_norm_h,hateful,103,103,0,0
3.0,,,3,women,ผู้หญิง,hateful,อีพวก{IDENTITY_P}มันน่ารำคาญจริงๆ,derog_dehum_h,hateful,50,50,0,0
3.0,,,3,Malay,คนมาเล,hateful,มีแต่พวก{IDENTITY_P}เท่านั้นแหละที่โง่ได้ขนาดนี้,derog_neg_attrib_h,hateful,34,34,0,0
3.0,,,3,women,ผู้หญิง,hateful,ไม่เห็นหรือไงว่าอีพวก{IDENTITY_P}มันต่ำตม,phrase_question_h,hateful,446,446,0,0
3.0,,,3,girl,เด็กผู้หญิง,hateful,สำหรับกูแล้ว ไอ้พวก{IDENTITY_P}ก็ไปตายซะเถอะ,phrase_opinion_h,hateful,480,480,0,0
,3.0,,3,girl,เด็กผู้หญิง,non-hateful,เค้าจะทำให้{IDENTITY_P}ยิ้มให้ได้,ident_pos_nh,non-hateful,522,522,0,0
3.0,,,3,Thai Isan,คนอีสาน,hateful,เออ ถึงเวลายอมรับกันได้แล้วว่า{IDENTITY_P}มันเหมือนเซลล์ร้ายเลยละ,phrase_question_h,hateful,452,452b,0,0
3.0,,,3,Highland Indigenous People,คนกะเหรี่ยง,hateful,ไอพวก{IDENTITY_P} ที่คิดว่าตัวเองเท่ากับกู กูโกรธมาก,derog_neg_emote_h,hateful,16,16,0,0
3.0,,,3,hinduism,คนฮินดู,hateful,แล้วกุผิดตรงไหนที่บอกว่า{IDENTITY_P}อย่างมึงสมควรตาย,phrase_question_h,hateful,456,456,0,0
3.0,,,3,Thai-Central,คนกรุง,hateful,เกลียดไอ{IDENTITY_S}ที่สุดในโลก,derog_impl_h,hateful,79,79,0,0
3.0,,,3,Malay,คนมาเลย์,hateful,ชีวิตพวก{IDENTITY_A}มันไร้ค่า,derog_dehum_h,hateful,53,53,0,0
3.0,,,3,Chinese-Thai,คนไทยเชื้อสายจีน,hateful,จะทรมานพวก{IDENTITY_P}แบบไม่มีเมตตา,threat_dir_h,hateful,93,93,0,0
2.0,1.0,,2,hinduism,คนฮินดู,hateful,กุคงโอเคกับ{IDENTITY_P} ถ้าพวกมันไม่เหี้ยขนาดนี้,ref_subs_clause_h,hateful,381,381,0,0
3.0,,,3,disbabled,คนพิการ,hateful,สำหรับกูแล้ว ไอ้พวก{IDENTITY_P}ก็ไปตายซะเถอะ,phrase_opinion_h,hateful,480,480,0,0
3.0,,,3,women,ผู้หญิง,hateful,กูจะทำร้ายพวก{IDENTITY_P}แบบมึง,threat_dir_h,hateful,88,88,0,0
3.0,,,3,Thai-Central,คนกรุง,hateful,ไม่แปลกหรอกที่ไอเดียมันห่วยแตก ก็มันมาจาก{IDENTITY_S}นี่หว่า,ref_subs_sent_h,hateful,399,399,0,0
3.0,,,3,Thai-Central,คนกรุง,hateful,พวกมึงและ{IDENTITY_P}ในประเทศนี้ทำให้กุโคตรโกรธเลย,derog_neg_emote_h,hateful,18,18,0,0
3.0,,,3,Thai-Laos,คนลาว,hateful,ไม่น่ามีใครเหี้ยไปกว่าพวก{IDENTITY_P}ละ,derog_neg_emote_h,hateful,12,12,0,0
,3.0,,3,women,ผู้หญิง,non-hateful,"กุจะไม่ทนกับโพสต์แบบว่า ""{IDENTITY_P} น่ารังเกียจ""เลย",counter_quote_nh,non-hateful,536,536,0,0
3.0,,,3,gay,เกย์,hateful,อีพวก{IDENTITY_P}เป็นขยะสังคม,derog_dehum_h,hateful,48,48,0,0
3.0,,,3,elderly,ผู้สูงอายุ,hateful,จะทรมานพวก{IDENTITY_P}แบบไม่มีเมตตา,threat_dir_h,hateful,93,93,0,0
3.0,,,3,Thai,คนไทย,hateful,อย่าให้{IDENTITY_S}มีชีวิตอยู่ต่อไปเลย,negate_pos_h,hateful,417,417,0,0
,3.0,,3,trans/ladyboy,คนแปลงเพศ,non-hateful,ใครที่ไปแช่งว่า{IDENTITY_P}ควรตายๆ ไป สมควรโดนจับเข้าคุกให้หมด,counter_quote_nh,non-hateful,542,542,0,0
,3.0,,3,elderly,ผู้สูงอายุ,non-hateful,"กุจะไม่ทนกับโพสต์แบบว่า ""{IDENTITY_P} น่ารังเกียจ""เลย",counter_quote_nh,non-hateful,536,536,0,0
2.0,1.0,,2,Malay,คนมาเล,hateful,แล้วกุผิดตรงไหนที่บอกว่า{IDENTITY_P}อย่างมึงสมควรตาย,phrase_question_h,hateful,456,456,0,0
3.0,,,3,Thai-Central,คนกรุง,hateful,อยากเห็นอีพวก{IDENTITY_P}เจ็บปวด,threat_norm_h,hateful,103,103,0,0
,3.0,,3,Highland Indigenous People,คนกะเหรี่ยง,non-hateful,"มึงเขียนไปดิว่า ""กุจะฆ่า{IDENTITY_S}"" แค่มึงเตรียมโดนฟ้องศาลได้เลย",counter_quote_nh,non-hateful,543,543,0,0
3.0,,,3,Chinese-Thai,คนไทยเชื้อสายจีน,hateful,พวกมึงและ{IDENTITY_P}ในประเทศนี้ทำให้กุโคตรโกรธเลย,derog_neg_emote_h,hateful,18,18,0,0
3.0,,,3,buddhism,คนพุทธ,hateful,พวกเราจะโจมตีพวก{IDENTITY_P}อย่างมึงจนกว่ามึงจะหายไป,threat_dir_h,hateful,92,92,0,0
3.0,,,3,buddhism,คนพุทธ,hateful,ไอพวกอำนาจล้มมืออย่าง{IDENTITY_P}เป็นภัยต่อประเทศเรา,derog_neg_attrib_h,hateful,30,30,0,0
3.0,,,3,Thai,คนไทย,hateful,พวก{IDENTITY_P}มันเป็นพวกสัตว์ชั้นต่ำ,derog_dehum_h,hateful,59,59b,0,0
3.0,,,3,Highland Indigenous People,คนกะเหรี่ยง,hateful,ทน{IDENTITY_P}ไม่ไหวเลยวะ,derog_neg_emote_h,hateful,2,2a,0,0
3.0,,,3,Highland Indigenous People,คนกะเหรี่ยง,hateful,จะทรมานพวก{IDENTITY_P}แบบไม่มีเมตตา,threat_dir_h,hateful,93,93,0,0
3.0,,,3,elderly,คนสูงวัย,hateful,กุจะหักคอมึง ไอ{IDENTITY_A},threat_dir_h,hateful,91,91,0,0
3.0,,,3,migrant workers,แรงงานต่างด้าว,hateful,เจอ{IDENTITY_P}มาหลายคน กุเกลียดหมดเลย,ref_subs_clause_h,hateful,362,362,0,0
3.0,,,3,trans/ladyboy,คนแปลงเพศ,hateful,กุหมั่นใส้{IDENTITY_P}ชห,derog_neg_emote_h,hateful,4,4,0,0
1.0,2.0,,2,tomboy,ทอม,non-hateful,{IDENTITY_P} นี่แหละ ที่สมควรเป็นหนึ่งในรัฐบาลของเรา,ident_pos_nh,non-hateful,518,518,0,0
3.0,,,3,migrant workers,แรงงานต่างด้าว,hateful,เมื่อไหร่คนจะเข้าใจว่าอีพวก{IDENTITY_P}นี่แหละที่โหดและรุนแรง,phrase_question_h,hateful,447,447,0,0
3.0,,,3,labour workers,แรงงาน,hateful,อีพวก{IDENTITY_P}ไม่ควรอยู่บนโลกนี้,negate_pos_h,hateful,421,421a,0,0
3.0,,,3,tomboy,ทอม,hateful,สำหรับกูแล้ว ไอ้พวก{IDENTITY_P}ก็ไปตายซะเถอะ,phrase_opinion_h,hateful,480,480,0,0
,3.0,,3,Cambodians,คนเขมร,non-hateful,มากกว่าครึ่งที่เป็น{IDENTITY_P},ident_neutral_nh,non-hateful,494,494,0,0
3.0,,,3,women,ผู้หญิง,hateful,ถ้าถามเราอ่ะนะ{IDENTITY_P}แบบมึงก็ไม่ต่างจากหนูหรอก,phrase_opinion_h,hateful,471,471,0,0
3.0,,,3,Thai-Laos,คนลาว,hateful,คนไม่รู้จริงๆ เหรอว่า{IDENTITY_P}น่ารังเกียจ,phrase_question_h,hateful,445,445,0,0
3.0,,,3,tomboy,ทอม,hateful,อีพวก{IDENTITY_P}แบบนั้นแม่งน่ารังเกียจ,derog_neg_attrib_h,hateful,28,28,0,0
3.0,,,3,elderly,ผู้สูงอายุ,hateful,เราไม่กินอาหารที่กับอิพวก{IDENTITY_S}จับเด็ดขาด,derog_impl_h,hateful,66,66a,1,0
,3.0,,3,women,ผู้หญิง,non-hateful,ถ้าไม่มี{IDENTITY_P}แบบมึง โลกคงแย่แน่เลย,ident_pos_nh,non-hateful,531,531,0,0
3.0,,,3,labour workers,แรงงาน,hateful,ขอให้{IDENTITY_P}ตายห่าให้หมด,threat_dir_h,hateful,98,98,0,0
3.0,,,3,islam,คนอิสลาม,hateful,อีพวก{IDENTITY_P}สกปรกในสายตาเรา,phrase_opinion_h,hateful,466,466,0,0
3.0,,,3,trans/ladyboy,คนแปลงเพศ,hateful,พวกมึงและ{IDENTITY_P}ในประเทศนี้ทำให้กุโคตรโกรธเลย,derog_neg_emote_h,hateful,18,18,0,0
3.0,,,3,boy,เด็กผู้ชาย,hateful,เป็นธรรมดาของ{IDENTITY_S}ที่จะเหี้ยแบบนี้,profanity_h,hateful,252,252,0,0
2.0,1.0,,1,child,เด็ก,hateful,ชีวิตของ{IDENTITY_A}ไม่ได้ด้อยค่าไปกว่าคนอื่นหรอก,negate_neg_nh,non-hateful,430,430,0,0
3.0,,,3,male,ผู้ชาย,hateful,กุเจอ{IDENTITY_P}มามากพอจนรู้ละว่าพวกมันแม่งเหี้ยทุกคน,ref_subs_clause_h,hateful,380,380,0,0
3.0,,,3,Chinese-Thai,คนไทยเชื้อสายจีน,hateful,ไม่แปลกหรอกที่ไอเดียมันห่วยแตก ก็มันมาจาก{IDENTITY_S}นี่หว่า,ref_subs_sent_h,hateful,399,399,0,0
3.0,,,3,hinduism,คนฮินดู,hateful,สำหรับกูแล้ว ไอ้พวก{IDENTITY_P}ก็ไปตายซะเถอะ,phrase_opinion_h,hateful,480,480,0,0
3.0,,,3,trans/ladyboy,คนแปลงเพศ,hateful,พวก{IDENTITY_P}มันรกโลก,derog_dehum_h,hateful,55,55,0,0
1.0,2.0,,2,Malay,คนมาเล,non-hateful,นี่เป็นครั้งแรกที่{IDENTITY_S}ถูกเสนอชื่อขึ้นมา,ident_neutral_nh,non-hateful,493,493,0,0
3.0,,,3,Thai,คนไทย,hateful,เออ ถึงเวลายอมรับกันได้แล้วว่า{IDENTITY_P}มันเหมือนเซลล์ร้ายเลยละ,phrase_question_h,hateful,452,452b,0,0
1.0,2.0,,2,tomboy,ทอม,non-hateful,กุอยู่กับพวก{IDENTITY_P}สองคน,ident_neutral_nh,non-hateful,483,483,0,0
1.0,2.0,,2,trans/ladyboy,คนแปลงเพศ,non-hateful,การเรียก{IDENTITY_P}ว่าเป็นแมลงสาบมันเป็นสิ่งที่แย่มากๆ นะ,counter_ref_nh,non-hateful,559,559,0,0
3.0,,,3,girl,เด็กผู้หญิง,hateful,อีพวก{IDENTITY_P}แบบนั้นแม่งน่ารังเกียจ,derog_neg_attrib_h,hateful,28,28,0,0
3.0,,,3,Thai Isan,คนอีสาน,hateful,ไอพวก{IDENTITY_P}ไปตายซะเถอะ,profanity_h,hateful,246,246,0,0
2.0,1.0,,1,women,ผู้หญิง,hateful,ไม่มี{IDENTITY_S}คนไหนสมควรโดนประหารชีวิตทั้งนั้นแหละ,negate_neg_nh,non-hateful,441,441,0,0
3.0,,,3,Highland Indigenous People,คนกะเหรี่ยง,hateful,{IDENTITY_P} พวกนี้มันเข้ากับสังคมไม่ได้หรอก ควรโดนประหารให้หมด,ref_subs_sent_h,hateful,397,397,0,0
1.0,2.0,,2,islam,คนอิสลาม,non-hateful,ถ้าจะไปด่า{IDENTITY_P}ให้ไปตาย อย่าหวังให้พวกเขาเคารพมึงเลย,counter_ref_nh,non-hateful,569,569,0,0
3.0,,,3,Thai-Central,คนเมือง,hateful,ชีวิต{IDENTITY_A}มันไร้ค่า ไม่ต้องไปปกป้องหรอก,negate_pos_h,hateful,409,409,0,0
1.0,2.0,,2,Chinese-Thai,คนไทยเชื้อสายจีน,non-hateful,กุไม่มีทางทำร้าย{IDENTITY_S}เด็ดขาด,negate_neg_nh,non-hateful,434,434,0,0
3.0,,,3,labour workers,แรงงาน,hateful,{IDENTITY_P} แม่งเหี้ยกันทุกคนเลย,profanity_h,hateful,256,256,0,0
3.0,,,3,Malay,คนมาเล,hateful,ถ้ากุตื่นมาแล้วเป็น{IDENTITY_S} กุคงฆ่าตัวตาย,derog_impl_h,hateful,78,78,0,0
3.0,,,3,Highland Indigenous People,คนกะเหรี่ยง,hateful,ไอ้ลิงนั้นฉลาดกว่าพวก{IDENTITY_P}รวมกันอีก,derog_impl_h,hateful,64,64,0,0
1.0,2.0,,2,elderly,ผู้สูงอายุ,non-hateful,ไม่มี{IDENTITY_S}คนไหนสมควรโดนประหารชีวิตทั้งนั้นแหละ,negate_neg_nh,non-hateful,441,441,0,0
,3.0,,3,Thai-Central,คนกรุง,non-hateful,{IDENTITY_P} นี่แหละ ที่สมควรเป็นหนึ่งในรัฐบาลของเรา,ident_pos_nh,non-hateful,518,518,0,0
3.0,,,3,Thai-Central,คนกรุง,hateful,กุหมั่นใส้{IDENTITY_P}ชห,derog_neg_emote_h,hateful,4,4,0,0
,3.0,,3,Myanmar,คนพม่า,non-hateful,"การที่มึงบอกว่า ""{IDENTITY_P} แม่งเป็นพวกขยะ"" มันแสดงถึงตัวมึงเองนะเว้ย",counter_quote_nh,non-hateful,551,551,0,0
,3.0,,3,Thai-Laos,คนลาว,non-hateful,"มึงเขียนไปดิว่า ""กุจะฆ่า{IDENTITY_S}"" แค่มึงเตรียมโดนฟ้องศาลได้เลย",counter_quote_nh,non-hateful,543,543,0,0
3.0,,,3,migrant workers,แรงงานต่างด้าว,hateful,พวก{IDENTITY_P}ไปตายซะเถอะ,profanity_h,hateful,243,243,0,0
3.0,,,3,hinduism,คนฮินดู,hateful,พวก{IDENTITY_P}เป็นสัตว์ชั้นต่ำของสังคม,derog_dehum_h,hateful,49,49,0,0
3.0,,,3,Thai Isan,คนอีสาน,hateful,พวกมันก็แค่{SLUR_P},slur_h,hateful,125,125,0,1
3.0,,,3,tomboy,ทอม,hateful,กุเชื่อแล้วว่าอีพวก{IDENTITY_P}ก็แค่พวกสัตว์ชั้นต่ำ,phrase_opinion_h,hateful,470,470,0,0
1.0,2.0,,2,christianity,คนคริสต์,non-hateful,ถ้าไม่มี{IDENTITY_P}แบบมึง โลกคงแย่แน่เลย,ident_pos_nh,non-hateful,531,531,0,0
3.0,,,3,boy,เด็กผู้ชาย,hateful,อีพวก{IDENTITY_P}มันน่ารำคาญจริงๆ,derog_dehum_h,hateful,50,50,0,0
3.0,,,3,male,ผู้ชาย,hateful,เมื่อไหร่คนจะเข้าใจว่าอีพวก{IDENTITY_P}นี่แหละที่โหดและรุนแรง,phrase_question_h,hateful,447,447,0,0
3.0,,,3,Malay,คนมาเลย์,hateful,พวกมันก็แค่{SLUR_P},slur_h,hateful,125,125,0,1
3.0,,,3,Thai,คนไทย,hateful,ไม่เห็นหรือไงว่าอีพวก{IDENTITY_P}มันต่ำตม,phrase_question_h,hateful,446,446,0,0
3.0,,,3,disbabled,คนพิการ,hateful,อีพวก{IDENTITY_P}เป็นขยะสังคม,derog_dehum_h,hateful,48,48,0,0
3.0,,,3,male,ผู้ชาย,hateful,ไอพวกอำนาจล้มมืออย่าง{IDENTITY_P}เป็นภัยต่อประเทศเรา,derog_neg_attrib_h,hateful,30,30,0,0
3.0,,,3,Myanmar,คนพม่า,hateful,ไม่มีทางที่กุจะยื่นมือไปช่วยชีวิต{IDENTITY_S}หรอกนะ,negate_pos_h,hateful,419,419,0,0
3.0,,,3,hinduism,คนฮินดู,hateful,งงว่าทำไมคนถึงสนใจไอพวก{IDENTITY_P},derog_impl_h,hateful,71,71,0,0
3.0,,,3,Myanmar,คนพม่า,hateful,ในโลกที่ยุติธรรม อีพวก{IDENTITY_P}อย่างมึงควรตายห่าให้หมด,threat_norm_h,hateful,114,114,0,0
1.0,2.0,,2,,,non-hateful,มึงมันน่ารังเกียจเหมือนแม่มึง,target_indiv_nh,non-hateful,650,650,0,0
3.0,,,3,Chinese-Thai,คนไทยเชื้อสายจีน,hateful,อยากให้มีคนไปหักคอไอ้พวก{IDENTITY_P}จริงๆ,phrase_opinion_h,hateful,478,478,0,0
1.0,2.0,,2,women,ผู้หญิง,non-hateful,เราต้องไม่ให้{IDENTITY_P}โดนทำร้ายอีกต่อไป,negate_neg_nh,non-hateful,435,435b,0,0
3.0,,,3,Thai Isan,คนอีสาน,hateful,กูจะทำร้ายพวก{IDENTITY_P}แบบมึง,threat_dir_h,hateful,88,88,0,0
3.0,,,3,migrant workers,แรงงานต่างด้าว,hateful,ไอสัด {IDENTITY_S}จะต้องตายด้วยความทรมาณจากมือของกุ,threat_dir_h,hateful,100,100,0,0
3.0,,,3,elderly,ผู้สูงอายุ,hateful,สำหรับกุแล้ว ไอพวก{IDENTITY_P}ควรไปแขวนคอ,phrase_opinion_h,hateful,476,476,0,0
3.0,,,3,Cambodians,คนเขมร,hateful,อย่าให้{IDENTITY_S}มีชีวิตอยู่ต่อไปเลย,negate_pos_h,hateful,417,417,0,0
3.0,,,3,Cambodians,คนขแมร์,hateful,เป็นสันดานของ{SLUR_S}ที่มีมาตั้งแต่เกิดแล้วละ,slur_h,hateful,127,127,0,0
3.0,,,3,gay,เกย์,hateful,หมากุยังฉลาดกว่าพวก{IDENTITY_S}ทุกตัวเลย,derog_impl_h,hateful,63,63,0,0
,3.0,,3,disbabled,คนพิการ,non-hateful,"ประโยคอย่าง ""อีพวก{IDENTITY_P}เป็นขยะ"" มันเจ็บใจสุดๆ",counter_quote_nh,non-hateful,537,537,0,0
3.0,,,3,Chinese-Thai,คนไทยเชื้อสายจีน,hateful,อีพวก{IDENTITY_P}ไม่สมควรมีชีวิตเหมือนคนอื่น,negate_pos_h,hateful,408,408,0,0
3.0,,,3,boy,เด็กผู้ชาย,hateful,อีพวก{IDENTITY_P} เหี้ยทั้งนั้น,ref_subs_sent_h,hateful,400,400,0,0
3.0,,,3,christianity,คนคริสต์,hateful,{IDENTITY_P}สมควรจะอยู่ในสวนสัตว์เลย,derog_impl_h,hateful,61,61,0,0
3.0,,,3,Thai,คนไทย,hateful,ชีวิตพวก{IDENTITY_P}แม่งไม่มีค่าอะไรสำหรับกุเลย,ref_subs_clause_h,hateful,379,379,0,0
3.0,,,3,disbabled,คนพิการ,hateful,จะทรมานพวก{IDENTITY_P}แบบไม่มีเมตตา,threat_dir_h,hateful,93,93,0,0
1.0,2.0,,2,migrant workers,แรงงานต่างด้าว,non-hateful,มึงจะเหมารวมว่า{IDENTITY_P}ทุกคนโง่ไม่ได้ปะวะ,counter_ref_nh,non-hateful,557,557,0,0
,3.0,,3,boy,เด็กผู้ชาย,non-hateful,มันทำงานกับพวก{IDENTITY_P}เยอะ,ident_neutral_nh,non-hateful,486,486,0,0
3.0,,,3,Cambodians,คนเขมร,hateful,กุเจอ{IDENTITY_P}มามากพอจนรู้ละว่าพวกมันแม่งเหี้ยทุกคน,ref_subs_clause_h,hateful,380,380,0,0
3.0,,,3,Thai,คนไทย,hateful,ไอพวก{IDENTITY_P}ไปตายซะเถอะ,profanity_h,hateful,246,246,0,0
3.0,,,3,Thai Isan,คนอีสาน,hateful,ให้ตายยังไงกุก็ไม่เดทกับ{IDENTITY_S}หรอก,derog_impl_h,hateful,76,76,0,0
3.0,,,3,Thai-Central,คนกรุง,hateful,เราจะยิง{IDENTITY_S}ต่อไปที่เห็น,threat_dir_h,hateful,84,84a,1,0
3.0,,,3,disbabled,คนพิการ,hateful,ทำไมพวกมึงยังไม่เข้าใจอีกว่าพวก{IDENTITY_P}เป็นขยะสังคม,phrase_question_h,hateful,450,450,0,0
3.0,,,3,gay,เกย์,hateful,ขอให้{IDENTITY_P}ตายห่าให้หมด,threat_dir_h,hateful,98,98,0,0
,3.0,,3,trans/ladyboy,คนแปลงเพศ,non-hateful,"ควรโดนแบนไปเลยที่ไปบอกว่า ""{IDENTITY_P} สมควรตาย""",counter_quote_nh,non-hateful,544,544,0,0
1.0,2.0,,2,disbabled,คนพิการ,non-hateful,เราต้องไม่ให้{IDENTITY_P}โดนทำร้ายอีกต่อไป,negate_neg_nh,non-hateful,435,435b,0,0
1.0,2.0,,2,Thai Isan,คนอีสาน,non-hateful,กุไม่มีทางทำร้าย{IDENTITY_S}เด็ดขาด,negate_neg_nh,non-hateful,434,434,0,0
3.0,,,3,buddhism,คนพุทธ,hateful,พวก{IDENTITY_P}ไม่มีทางดูดีเลย,negate_pos_h,hateful,403,403,0,0
1.0,2.0,,2,male,ผู้ชาย,non-hateful,ดีใจที่คนเริ่มรู้แล้วว่า{IDENTITY_P}ไม่ได้โง่เลยสักนิด,negate_neg_nh,non-hateful,426,426b,0,0
3.0,,,3,Cambodians,คนเขมร,hateful,แล้วกุผิดตรงไหนที่บอกว่า{IDENTITY_P}อย่างมึงสมควรตาย,phrase_question_h,hateful,456,456,0,0
3.0,,,3,christianity,คนคริสต์,hateful,คนไม่รู้จริงๆ เหรอว่า{IDENTITY_P}น่ารังเกียจ,phrase_question_h,hateful,445,445,0,0
3.0,,,3,labour workers,แรงงาน,hateful,ไม่เข้าใจเลยว่าทำไมถึงชอบ{IDENTITY_P}ทุกอย่างทั้งหมดเกี่ยวกับมันน่าขยะแขยงสุดๆ อ่ะ,ref_subs_sent_h,hateful,383,383,0,0
3.0,,,3,boy,เด็กผู้ชาย,hateful,พวก{IDENTITY_P}นี่มันน่าขยะแขยงจริงๆ,derog_neg_attrib_h,hateful,24,24,0,0
3.0,,,3,elderly,คนสูงวัย,hateful,พวกมันก็แค่{SLUR_P},slur_h,hateful,125,125,0,0
,3.0,,3,Myanmar,คนพม่า,non-hateful,"ควรโดนแบนไปเลยที่ไปบอกว่า ""{IDENTITY_P} สมควรตาย""",counter_quote_nh,non-hateful,544,544,0,0
2.0,1.0,,2,migrant workers,แรงงานต่างด้าว,hateful,ถ้าพวก{IDENTITY_P}อย่างมึงไม่ยอมปรับตัวเข้าหาสังคม ก็สมควรโดนแบบนี้แหละ,ref_subs_clause_h,hateful,376,376,0,0
,3.0,,3,gay,เกย์,non-hateful,"ทำไมถึงพูด ""{IDENTITY_P} น่ารังเกียจ"" แล้วไม่รู้ว่ามันไม่ดีนี่นะ",counter_quote_nh,non-hateful,535,535,0,0
3.0,,,3,disbabled,คนพิการ,hateful,ในโลกที่ยุติธรรม อีพวก{IDENTITY_P}อย่างมึงควรตายห่าให้หมด,threat_norm_h,hateful,114,114,0,0
2.0,,1.0,2,buddhism,คนพุทธ,hateful,มีแต่พวก io จาก{IDENTITY_P}เท่านั้นแหละที่คอยมาแซะรัฐบาล,derog_dehum_h,hateful,60,60b,0,0
1.0,2.0,,2,trans/ladyboy,คนแปลงเพศ,non-hateful,เราไม่ควรปล่อยให้{IDENTITY_P}ต้องทนทุกข์,negate_neg_nh,non-hateful,439,439,0,0
3.0,,,3,boy,เด็กผู้ชาย,hateful,ไอพวก{IDENTITY_P} ที่คิดว่าตัวเองเท่ากับกู กูโกรธมาก,derog_neg_emote_h,hateful,16,16,0,0
3.0,,,3,gay,เกย์,hateful,พวกมันก็แค่{SLUR_P},slur_h,hateful,125,125,0,1
1.0,2.0,,2,,,non-hateful,กุโดนไล่ตลอดชีวิตเลยแม่ง,profanity_nh,non-hateful,273,273,0,0
3.0,,,3,disbabled,คนพิการ,hateful,ก็พวก{IDENTITY_P}มันโง่แบบนี้เป็นปกติอยู่แล้วนิ,phrase_opinion_h,hateful,464,464,0,0
1.0,2.0,,2,,,non-hateful,พวกนักดับเพลิงนี่โคตรพ่อโคตรแม่โง่เลย,target_group_nh,non-hateful,726,726,0,0
3.0,,,3,Chinese-Thai,คนไทยเชื้อสายจีน,hateful,กำจัด{IDENTITY_P}ให้สิ้นซากไปเลยดีกว่า,threat_dir_h,hateful,95,95,0,0
,3.0,,3,labour workers,แรงงาน,non-hateful,{IDENTITY_P} นี่แหละ ที่สมควรเป็นหนึ่งในรัฐบาลของเรา,ident_pos_nh,non-hateful,518,518,0,0
3.0,,,3,Thai Isan,คนอีสาน,hateful,พวก{IDENTITY_P}ไปตายซะเถอะ,profanity_h,hateful,243,243,0,0
3.0,,,3,Malay,คนมาเล,hateful,เกลียดพวก{IDENTITY_P}จนไม่รู้จะพูดยังไงดี,derog_neg_emote_h,hateful,19,19,0,0
,3.0,,3,migrant workers,แรงงานต่างด้าว,non-hateful,"การที่มึงบอกว่า ""{IDENTITY_P} แม่งเป็นพวกขยะ"" มันแสดงถึงตัวมึงเองนะเว้ย",counter_quote_nh,non-hateful,551,551,0,0
3.0,,,3,hinduism,คนฮินดู,hateful,ชีวิตพวก{IDENTITY_P}แม่งไม่มีค่าอะไรสำหรับกุเลย,ref_subs_clause_h,hateful,379,379,0,0
3.0,,,3,trans/ladyboy,คนแปลงเพศ,hateful,ชีวิตพวก{IDENTITY_P}แม่งไม่มีค่าอะไรสำหรับกุเลย,ref_subs_clause_h,hateful,379,379,0,0
3.0,,,3,disbabled,คนพิการ,hateful,พวก{IDENTITY_P}แม่งไม่ให้เกียรติพวกเรา กุจะทำให้พวกมันรู้สำนึกบ้าง,ref_subs_sent_h,hateful,393,393,0,0
1.0,2.0,,2,,,non-hateful,กุโดนบอกให้ไปตายมาหลายรอบแล้วอ่ะ,profanity_nh,non-hateful,282,282,0,0
3.0,,,3,girl,เด็กผู้หญิง,hateful,ไอพวก{IDENTITY_P}แบบมึงไม่คู่ควรจะอยู่ต่อไป,threat_norm_h,hateful,102,102,0,0
,3.0,,3,christianity,คนคริสต์,non-hateful,กุรัก{IDENTITY_P}มากกกกก,ident_pos_nh,non-hateful,503,503,0,0
3.0,,,3,hinduism,คนฮินดู,hateful,สำหรับกุแล้ว ไอพวก{IDENTITY_P}ควรไปแขวนคอ,phrase_opinion_h,hateful,476,476,0,0
3.0,,,3,elderly,ผู้สูงอายุ,hateful,อยากให้มีคนไปหักคอไอ้พวก{IDENTITY_P}จริงๆ,phrase_opinion_h,hateful,478,478,0,0
1.0,2.0,,2,Malay,คนมาเล,non-hateful,เราต้องไม่ให้{IDENTITY_P}โดนทำร้ายอีกต่อไป,negate_neg_nh,non-hateful,435,435b,0,0
3.0,,,3,Thai Isan,คนอีสาน,hateful,ไม่มีอะไรเหี้ยไปกว่าไอ{IDENTITY_S}แล้ว,derog_neg_emote_h,hateful,14,14,0,0
2.0,1.0,,2,hinduism,คนฮินดู,hateful,มึงก็แค่{SLUR_S}ในสายตากู,slur_h,hateful,122,122,0,1
2.0,1.0,,2,Thai-Laos,คนลาว,hateful,ไอพวก{IDENTITY_P}ไปตายซะเถอะ,profanity_h,hateful,246,246,0,0
,3.0,,3,labour workers,แรงงาน,non-hateful,"การที่มึงบอกว่า ""{IDENTITY_P} แม่งเป็นพวกขยะ"" มันแสดงถึงตัวมึงเองนะเว้ย",counter_quote_nh,non-hateful,551,551,0,0
3.0,,,3,male,ผู้ชาย,hateful,เกลียดพวก{IDENTITY_P}จนไม่รู้จะพูดยังไงดี,derog_neg_emote_h,hateful,19,19,0,0
3.0,,,3,elderly,ผู้สูงอายุ,hateful,เออ ถึงเวลายอมรับกันได้แล้วว่า{IDENTITY_P}มันเหมือนเซลล์ร้ายเลยละ,phrase_question_h,hateful,452,452b,0,0
3.0,,,3,Highland Indigenous People,คนกะเหรี่ยง,hateful,แน่นอนว่าพวก{IDENTITY_P}ไม่สมควรได้สิทธิมนุษยชน,negate_pos_h,hateful,406,406,0,0
3.0,,,3,buddhism,คนพุทธ,hateful,กูจะทำร้ายพวก{IDENTITY_P}แบบมึง,threat_dir_h,hateful,88,88,0,0
,3.0,,3,tomboy,ทอม,non-hateful,"ทำไมถึงพูด ""{IDENTITY_P} น่ารังเกียจ"" แล้วไม่รู้ว่ามันไม่ดีนี่นะ",counter_quote_nh,non-hateful,535,535,0,0
,3.0,,3,migrant workers,แรงงานต่างด้าว,non-hateful,ใครที่ไปแช่งว่า{IDENTITY_P}ควรตายๆ ไป สมควรโดนจับเข้าคุกให้หมด,counter_quote_nh,non-hateful,542,542,0,0
3.0,,,3,islam,คนอิสลาม,hateful,ไม่มีทางที่กุจะยื่นมือไปช่วยชีวิต{IDENTITY_S}หรอกนะ,negate_pos_h,hateful,419,419,0,0
3.0,,,3,trans/ladyboy,คนแปลงเพศ,hateful,เป็นธรรมดาของ{IDENTITY_S}ที่จะเหี้ยแบบนี้,profanity_h,hateful,252,252,0,0
3.0,,,3,Myanmar,คนพม่า,hateful,จากสันดานพวก{IDENTITY_P}แม่งก็เป็นได้แค่ขยะสังคมเท่านั้นแหละ,profanity_h,hateful,251,251,0,0
3.0,,,3,islam,คนอิสลาม,hateful,กุจะทำให้พวก{IDENTITY_P}ทรมาณ,threat_dir_h,hateful,85,85,0,0
1.0,2.0,,2,Chinese-Thai,คนไทยเชื้อสายจีน,non-hateful,กุจะไม่ยอมให้มีการฆ่าล้างเผ่าพันธุ์{IDENTITY_P}ในประเทศนี้,negate_neg_nh,non-hateful,431,431,0,0
,3.0,,3,Highland Indigenous People,คนกะเหรี่ยง,non-hateful,"เราไม่ให้เกียรติคนที่เขียนว่า ""มี{SLUR_P}เยอะเกินในประเทศนี้""",counter_quote_nh,non-hateful,546,546,0,0
3.0,,,3,elderly,ผู้สูงอายุ,hateful,ทำไมไอพวก{IDENTITY_P}เป็นห่ากันแบบนี้หมดเลยวะ,phrase_question_h,hateful,460,460,0,0
3.0,,,3,Cambodians,คนเขมร,hateful,สำหรับกูแล้ว ไอ้พวก{IDENTITY_P}ก็ไปตายซะเถอะ,phrase_opinion_h,hateful,480,480,0,0
,3.0,,0,women,ผู้หญิง,non-hateful,การลงโทษด้วยการเผาทั้งเป็นกับ{IDENTITY_P}มันรุนแรงเกินไป,threat_norm_h,hateful,120,120b,0,0
,3.0,,3,trans/ladyboy,คนแปลงเพศ,non-hateful,พรุ่งนี้กุจะไปช่วย{IDENTITY_S},ident_pos_nh,non-hateful,523,523,0,0
,3.0,,0,Thai-Central,คนกรุง,non-hateful,การลงโทษด้วยการเผาทั้งเป็นกับ{IDENTITY_P}มันรุนแรงเกินไป,threat_norm_h,hateful,120,120b,0,0
1.0,2.0,,2,boy,เด็กผู้ชาย,non-hateful,การที่มึงเกลียด{IDENTITY_P}นี่โคตรเข้าใจผิดเลย,counter_ref_nh,non-hateful,552,552,0,0
1.0,2.0,,2,male,ผู้ชาย,non-hateful,ถ้าไม่มี{IDENTITY_P}แบบมึง โลกคงแย่แน่เลย,ident_pos_nh,non-hateful,531,531,0,0
,3.0,,3,islam,คนอิสลาม,non-hateful,"กุจะไม่ทนกับโพสต์แบบว่า ""{IDENTITY_P} น่ารังเกียจ""เลย",counter_quote_nh,non-hateful,536,536,0,0
,3.0,,3,male,ผู้ชาย,non-hateful,มันทำงานกับพวก{IDENTITY_P}เยอะ,ident_neutral_nh,non-hateful,486,486,0,0
3.0,,,3,migrant workers,แรงงานต่างด้าว,hateful,พวกมึงและ{IDENTITY_P}ในประเทศนี้ทำให้กุโคตรโกรธเลย,derog_neg_emote_h,hateful,18,18,0,0
3.0,,,3,gay,เกย์,hateful,ถ้าถามเราอ่ะนะ{IDENTITY_P}แบบมึงก็ไม่ต่างจากหนูหรอก,phrase_opinion_h,hateful,471,471,0,0
3.0,,,3,girl,เด็กผู้หญิง,hateful,กำจัด{IDENTITY_P}ให้สิ้นซากไปเลยดีกว่า,threat_dir_h,hateful,95,95,0,0
1.0,2.0,,2,Malay,คนมาเล,non-hateful,ถ้าจะไปด่า{IDENTITY_P}ให้ไปตาย อย่าหวังให้พวกเขาเคารพมึงเลย,counter_ref_nh,non-hateful,569,569,0,0
3.0,,,3,boy,เด็กผู้ชาย,hateful,อีพวก{IDENTITY_P}โง่กันทุกคน,negate_pos_h,hateful,404,404,0,0
3.0,,,3,hinduism,คนฮินดู,hateful,อีพวก{IDENTITY_P}แบบมึงควรรู้ว่าชีวิตมึงไร้ค่า,ref_subs_clause_h,hateful,371,371,0,0
3.0,,,3,Cambodians,คนเขมร,hateful,ไม่มีทางที่กุจะยื่นมือไปช่วยชีวิต{IDENTITY_S}หรอกนะ,negate_pos_h,hateful,419,419,0,0
3.0,,,3,Myanmar,คนพม่า,hateful,พวก{IDENTITY_P}มันเป็นพวกสัตว์ชั้นต่ำ,derog_dehum_h,hateful,59,59b,0,0
,3.0,,3,boy,เด็กผู้ชาย,non-hateful,"การที่มึงบอกว่า ""{IDENTITY_P} แม่งเป็นพวกขยะ"" มันแสดงถึงตัวมึงเองนะเว้ย",counter_quote_nh,non-hateful,551,551,0,0
3.0,,,3,Thai,คนไทย,hateful,อีพวก{IDENTITY_P}ไม่สมควรมีชีวิตเหมือนคนอื่น,negate_pos_h,hateful,408,408,0,0
3.0,,,3,Thai-Central,คนกรุง,hateful,{IDENTITY_P} พวกนี้ควรจะถูกประหารให้สิ้นซากไป,threat_norm_h,hateful,112,112a,0,0
3.0,,,3,Cambodians,คนเขมร,hateful,พวก{IDENTITY_P}ไปตายซะเถอะ,profanity_h,hateful,243,243,0,0
3.0,,,3,disbabled,คนพิการ,hateful,กุเชื่อแล้วว่าอีพวก{IDENTITY_P}ก็แค่พวกสัตว์ชั้นต่ำ,phrase_opinion_h,hateful,470,470,0,0
,3.0,,3,girl,เด็กผู้หญิง,non-hateful,ถ้าจะไปด่า{IDENTITY_P}ให้ไปตาย อย่าหวังให้พวกเขาเคารพมึงเลย,counter_ref_nh,non-hateful,569,569,0,0
3.0,,,3,girl,เด็กผู้หญิง,hateful,จะทรมานพวก{IDENTITY_P}แบบไม่มีเมตตา,threat_dir_h,hateful,93,93,0,0
1.0,2.0,,2,islam,คนอิสลาม,non-hateful,กุไม่มีทางทำร้าย{IDENTITY_S}เด็ดขาด,negate_neg_nh,non-hateful,434,434,0,0
1.0,2.0,,2,labour workers,แรงงาน,non-hateful,เค้าจะทำให้{IDENTITY_P}ยิ้มให้ได้,ident_pos_nh,non-hateful,522,522,0,0
3.0,,,3,disbabled,คนพิการ,hateful,ถ้า{IDENTITY_P}หายไปจากโลกนี้ ชีวิตเราคงจะดีขึ้นเยอะ,threat_norm_h,hateful,107,107,0,0
3.0,,,3,women,ผู้หญิง,hateful,เจอ{IDENTITY_P}มาหลายคน กุเกลียดหมดเลย,ref_subs_clause_h,hateful,362,362,0,0
3.0,,,3,Malay,คนมาเล,hateful,ควรเป็นเรื่องถูกกฎหมายที่จะฆ่า{IDENTITY_S}อย่างเช่นมึง,threat_norm_h,hateful,111,111a,0,0
3.0,,,3,Cambodians,คนเขมร,hateful,มี{IDENTITY_P}บางคนได้เป็นรัฐบาล แม่งก็ยังเป็นแค่ขยะสำหรับกุอยู่ดี,ref_subs_sent_h,hateful,390,390,0,0
3.0,,,3,Highland Indigenous People,คนกะเหรี่ยง,hateful,คนไม่รู้จริงๆ เหรอว่า{IDENTITY_P}น่ารังเกียจ,phrase_question_h,hateful,445,445,0,0
3.0,,,3,elderly,ผู้สูงอายุ,hateful,เกลียดพวก{IDENTITY_P}จนไม่รู้จะพูดยังไงดี,derog_neg_emote_h,hateful,19,19,0,0
3.0,,,3,Thai Isan,คนอีสาน,hateful,ไม่มีทางที่กุจะยื่นมือไปช่วยชีวิต{IDENTITY_S}หรอกนะ,negate_pos_h,hateful,419,419,0,0
,3.0,,3,girl,เด็กผู้หญิง,non-hateful,เราไม่ควรปล่อยให้{IDENTITY_P}ต้องทนทุกข์,negate_neg_nh,non-hateful,439,439,0,0
3.0,,,3,women,ผู้หญิง,hateful,พวกเราจะโจมตีพวก{IDENTITY_P}อย่างมึงจนกว่ามึงจะหายไป,threat_dir_h,hateful,92,92,0,0
3.0,,,3,tomboy,ทอม,hateful,ไอพวก{IDENTITY_P} ที่คิดว่าตัวเองเท่ากับกู กูโกรธมาก,derog_neg_emote_h,hateful,16,16,0,0
,3.0,,3,disbabled,คนพิการ,non-hateful,นี่เป็นครั้งแรกที่{IDENTITY_S}ถูกเสนอชื่อขึ้นมา,ident_neutral_nh,non-hateful,493,493,0,0
3.0,,,0,trans/ladyboy,คนแปลงเพศ,hateful,มันมีไอ{IDENTITY_S}ในทีมฟุตบอลของกู,ident_neutral_nh,non-hateful,491,491b,0,0
,3.0,,3,women,ผู้หญิง,non-hateful,พวก{IDENTITY_P} ได้เป็นสมาชิกสภาฯ 3 คน,ident_neutral_nh,non-hateful,495,495,0,0
2.0,1.0,,2,male,นาย,hateful,กุว่าชีวิตพวก{IDENTITY_A}แม่งไร้ค่า,phrase_opinion_h,hateful,481,481,0,0
3.0,,,3,women,ผู้หญิง,hateful,กุต้องไปข่มขืน{IDENTITY_S}วันนี้,threat_dir_h,hateful,87,87,0,0
3.0,,,3,Chinese-Thai,คนไทยเชื้อสายจีน,hateful,แน่นอนว่าพวก{IDENTITY_P}ไม่สมควรได้สิทธิมนุษยชน,negate_pos_h,hateful,406,406,0,0
2.0,1.0,,1,Malay,คนมาเลย์,hateful,ชีวิตของ{IDENTITY_A}อาจจะไม่มีค่าอะไรสำหรับมึง แต่ความคิดของมึงมันไม่มีค่าอะไรเลย,counter_ref_nh,non-hateful,570,570,0,0
,3.0,,3,islam,คนอิสลาม,non-hateful,รัก{IDENTITY_P}จังเลยยย 💖💖💖,ident_pos_nh,non-hateful,502,502,0,0
3.0,,,3,Thai Isan,คนอีสาน,hateful,ขอให้{IDENTITY_P}ตายห่าให้หมด,threat_dir_h,hateful,98,98,0,0
3.0,,,3,disbabled,คนพิการ,hateful,พวกมันก็แค่{SLUR_P},slur_h,hateful,125,125,0,1
1.0,2.0,,2,Chinese-Thai,คนไทยเชื้อสายจีน,non-hateful,มันไม่โอเคเลยที่จะเรียกคนว่า{SLUR_S},counter_ref_nh,non-hateful,566,566,0,0
3.0,,,3,Malay,คนมาเล,hateful,อีพวก{IDENTITY_P}เป็นขยะสังคม,derog_dehum_h,hateful,48,48,0,0
3.0,,,3,labour workers,แรงงาน,hateful,พวก{IDENTITY_P}นี่มันน่าขยะแขยงจริงๆ,derog_neg_attrib_h,hateful,24,24,0,0
3.0,,,3,Thai-Laos,คนลาว,hateful,พวก{IDENTITY_P}มันเป็นพวกสัตว์ชั้นต่ำ,derog_dehum_h,hateful,59,59b,0,0
3.0,,,3,gay,เกย์,hateful,ไม่แปลกหรอกที่ไอเดียมันห่วยแตก ก็มันมาจาก{IDENTITY_S}นี่หว่า,ref_subs_sent_h,hateful,399,399,0,0
3.0,,,3,christianity,คนคริสต์,hateful,ไอพวก{SLUR_P} ทำอีกแล้ว,slur_h,hateful,128,128,0,0
3.0,,,3,Cambodians,คนเขมร,hateful,ทน{IDENTITY_P}ไม่ไหวเลยวะ,derog_neg_emote_h,hateful,2,2a,0,0
3.0,,,3,Highland Indigenous People,คนกะเหรี่ยง,hateful,พวก{IDENTITY_P}แม่งไม่ให้เกียรติพวกเรา กุจะทำให้พวกมันรู้สำนึกบ้าง,ref_subs_sent_h,hateful,393,393,0,0
3.0,,,3,Highland Indigenous People,คนกะเหรี่ยง,hateful,เป็นสันดานของ{SLUR_S}ที่มีมาตั้งแต่เกิดแล้วละ,slur_h,hateful,127,127,0,0
3.0,,,3,islam,คนอิสลาม,hateful,เห็นไหมว่าเราจะดีกว่านี้ถ้าอีพวก{IDENTITY_P} ถูกกำจัดออกไป,phrase_question_h,hateful,457,457,0,0
2.0,1.0,,1,disbabled,คนพิการ,hateful,การเรียก{IDENTITY_P}ว่าเป็นแมลงสาบมันเป็นสิ่งที่แย่มากๆ นะ,counter_ref_nh,non-hateful,559,559,0,0
1.0,2.0,,2,Thai-Central,คนกรุง,non-hateful,เราไม่ได้เกลียดพวก{IDENTITY_P},negate_neg_nh,non-hateful,423,423,0,0
1.0,2.0,,2,girl,เด็กผู้หญิง,non-hateful,ไม่รู้ตัวเหรอว่ามึงเหี้ยขนาดไหนที่ไปเรียก{IDENTITY_P}ว่าเป็นขยะ,counter_ref_nh,non-hateful,558,558,0,0
3.0,,,3,disbabled,คนพิการ,hateful,มึงก็แค่{SLUR_S}ในสายตากู,slur_h,hateful,122,122,0,1
1.0,2.0,,2,hinduism,คนฮินดู,non-hateful,คนต้องเข้าใจว่า{IDENTITY_P}ไม่ใช่ภัยต่อสังคม,negate_neg_nh,non-hateful,425,425,0,0
1.0,2.0,,2,women,ผู้หญิง,non-hateful,เราไม่ควรปล่อยให้{IDENTITY_P}ต้องทนทุกข์,negate_neg_nh,non-hateful,439,439,0,0
3.0,,,3,labour workers,แรงงาน,hateful,ไม่เห็นหรือไงว่าอีพวก{IDENTITY_P}มันต่ำตม,phrase_question_h,hateful,446,446,0,0
3.0,,,3,Thai Isan,คนอีสาน,hateful,{IDENTITY_P} แบบมึงน่ะ ไม่ต่างอะไรกับหนูตามท่อเลย,derog_dehum_h,hateful,51,51,0,0
,3.0,,3,Malay,คนมาเล,non-hateful,มี{IDENTITY_P}ในคอร์สมึงป่ะ,ident_neutral_nh,non-hateful,488,488,0,0
3.0,,,3,labour workers,แรงงาน,hateful,ควรให้คนไปจัดการกับไอพวก{IDENTITY_P}ให้หมด,threat_norm_h,hateful,119,119,0,0
3.0,,,3,buddhism,คนพุทธ,hateful,ไม่เห็นหรือไงว่าอีพวก{IDENTITY_P}มันต่ำตม,phrase_question_h,hateful,446,446,0,0
3.0,,,3,elderly,ผู้สูงอายุ,hateful,พวกมึงกับ{IDENTITY_P}ทั้งหมดคือโรคร้ายของสังคมเลยละ,derog_dehum_h,hateful,58,58,0,0
,3.0,,3,girl,เด็กผู้หญิง,non-hateful,กุรัก{IDENTITY_P}มากกกกก,ident_pos_nh,non-hateful,503,503,0,0
3.0,,,3,Thai Isan,คนอีสาน,hateful,เราไม่กินอาหารที่กับอิพวก{IDENTITY_S}จับเด็ดขาด,derog_impl_h,hateful,66,66a,1,0
3.0,,,3,Malay,คนมาเล,hateful,อีพวก{IDENTITY_P}มันน่ารำคาญจริงๆ,derog_dehum_h,hateful,50,50,0,0
1.0,2.0,,2,male,ผู้ชาย,non-hateful,มี{IDENTITY_P}ในคอร์สมึงป่ะ,ident_neutral_nh,non-hateful,488,488,0,0
,3.0,,3,Thai,คนไทย,non-hateful,กุอยู่กับพวก{IDENTITY_P}สองคน,ident_neutral_nh,non-hateful,483,483,0,0
,3.0,,3,tomboy,ทอม,non-hateful,คนต้องเข้าใจว่า{IDENTITY_P}ไม่ใช่ภัยต่อสังคม,negate_neg_nh,non-hateful,425,425,0,0
3.0,,,3,Thai-Laos,คนลาว,hateful,พวก{IDENTITY_P}แม่งโคตรน่ารำคาญเลยว่ะ,derog_dehum_h,hateful,57,57,0,0
3.0,,,3,girl,เด็กผู้หญิง,hateful,เราจะยิง{IDENTITY_S}ต่อไปที่เห็น,threat_dir_h,hateful,84,84a,1,0
3.0,,,3,tomboy,ทอม,hateful,เกลียดพวก{IDENTITY_P}จนไม่รู้จะพูดยังไงดี,derog_neg_emote_h,hateful,19,19,0,0
3.0,,,3,disbabled,คนพิการ,hateful,ทำไมไอพวก{IDENTITY_P}เป็นห่ากันแบบนี้หมดเลยวะ,phrase_question_h,hateful,460,460,0,0
1.0,2.0,,2,Thai-Laos,คนลาว,non-hateful,คนต้องเข้าใจว่า{IDENTITY_P}ไม่ใช่ภัยต่อสังคม,negate_neg_nh,non-hateful,425,425,0,0
3.0,,,3,Thai-Laos,คนลาว,hateful,อยากเห็นอีพวก{IDENTITY_P}เจ็บปวด,threat_norm_h,hateful,103,103,0,0
3.0,,,3,male,ผู้ชาย,hateful,ไม่มีอะไรเหี้ยไปกว่าไอ{IDENTITY_S}แล้ว,derog_neg_emote_h,hateful,14,14,1,0
,3.0,,3,Thai,คนไทย,non-hateful,"เราไม่ให้เกียรติคนที่เขียนว่า ""มี{SLUR_P}เยอะเกินในประเทศนี้""",counter_quote_nh,non-hateful,546,546,0,0
3.0,,,3,migrant workers,แรงงานต่างด้าว,hateful,จากสันดานพวก{IDENTITY_P}แม่งก็เป็นได้แค่ขยะสังคมเท่านั้นแหละ,profanity_h,hateful,251,251,0,0
3.0,,,3,migrant workers,แรงงานต่างด้าว,hateful,กุเกลียดพวก{IDENTITY_P}มากๆ,derog_neg_emote_h,hateful,8,8,0,0
1.0,2.0,,2,labour workers,แรงงาน,non-hateful,ถ้าจะไปด่า{IDENTITY_P}ให้ไปตาย อย่าหวังให้พวกเขาเคารพมึงเลย,counter_ref_nh,non-hateful,569,569,0,0
3.0,,,3,women,ผู้หญิง,hateful,มี{IDENTITY_P}บางคนได้เป็นรัฐบาล แม่งก็ยังเป็นแค่ขยะสำหรับกุอยู่ดี,ref_subs_sent_h,hateful,390,390,0,0
1.0,2.0,,2,hinduism,คนฮินดู,non-hateful,ถ้าจะไปด่า{IDENTITY_P}ให้ไปตาย อย่าหวังให้พวกเขาเคารพมึงเลย,counter_ref_nh,non-hateful,569,569,0,0
3.0,,,3,boy,เด็กผู้ชาย,hateful,แน่นอนว่าพวก{IDENTITY_P}ไม่สมควรได้สิทธิมนุษยชน,negate_pos_h,hateful,406,406,0,0
3.0,,,3,Thai,คนไทย,hateful,ไม่เข้าใจเลยว่าทำไมถึงชอบ{IDENTITY_P}ทุกอย่างทั้งหมดเกี่ยวกับมันน่าขยะแขยงสุดๆ อ่ะ,ref_subs_sent_h,hateful,383,383,0,0
3.0,,,3,Myanmar,คนพม่า,hateful,กุจะทำให้พวก{IDENTITY_P}ทรมาณ,threat_dir_h,hateful,85,85,0,0
3.0,,,3,Thai,คนไทย,hateful,กุว่ามีแค่{IDENTITY_P}เท่านั้นแหละที่โง่ขนาดนี้,phrase_opinion_h,hateful,463,463,0,0
3.0,,,3,Thai,คนไทย,hateful,อีพวก{IDENTITY_P}ไม่เหมือนเราเลย มันต้องตาย,ref_subs_clause_h,hateful,375,375,0,0
2.0,1.0,,1,male,ผู้ชาย,hateful,{IDENTITY_P} นี่แหละ ที่สมควรเป็นหนึ่งในรัฐบาลของเรา,ident_pos_nh,non-hateful,518,518,0,0
1.0,2.0,,2,buddhism,คนพุทธ,non-hateful,อย่ายืนเฉยดิ พวก{IDENTITY_P}กำลังโดนฆ่าอยู่,negate_neg_nh,non-hateful,440,440,0,0
1.0,2.0,,2,hinduism,คนฮินดู,non-hateful,เราต้องไม่ให้{IDENTITY_P}โดนทำร้ายอีกต่อไป,negate_neg_nh,non-hateful,435,435b,0,0
3.0,,,3,disbabled,คนพิการ,hateful,เมื่อไหร่คนจะเข้าใจว่าอีพวก{IDENTITY_P}นี่แหละที่โหดและรุนแรง,phrase_question_h,hateful,447,447,0,0
3.0,,,3,migrant workers,แรงงานต่างด้าว,hateful,ก็พวก{IDENTITY_P}มันโง่แบบนี้เป็นปกติอยู่แล้วนิ,phrase_opinion_h,hateful,464,464,0,0
3.0,,,3,Thai,คนไทย,hateful,หมากุยังฉลาดกว่าพวก{IDENTITY_S}ทุกตัวเลย,derog_impl_h,hateful,63,63,0,0
,3.0,,3,boy,เด็กผู้ชาย,non-hateful,"ใครที่ส่งข้อความมาให้กุว่า ""มึงมันก็แค่{SLUR_S}สำหรับกุ"" กุจะบล็อกให้หมด",counter_quote_nh,non-hateful,547,547,0,0
3.0,,,3,Myanmar,คนพม่า,hateful,หมากุยังฉลาดกว่าพวก{IDENTITY_S}ทุกตัวเลย,derog_impl_h,hateful,63,63,0,0
1.0,2.0,,2,gay,เกย์,non-hateful,การที่มึงเกลียด{IDENTITY_P}นี่โคตรเข้าใจผิดเลย,counter_ref_nh,non-hateful,552,552,0,0
3.0,,,3,Thai,คนไทย,hateful,อีพวก{IDENTITY_P}โง่กันทุกคน,negate_pos_h,hateful,404,404,0,0
3.0,,,3,women,ผู้หญิง,hateful,พวก{IDENTITY_P}คงไม่กล้าขำกุ ถ้ากุเริ่มยิงใส่พวกแม่ง,ref_subs_clause_h,hateful,374,374,0,0
3.0,,,3,disbabled,คนพิการ,hateful,ถ้าถามเราอ่ะนะ{IDENTITY_P}แบบมึงก็ไม่ต่างจากหนูหรอก,phrase_opinion_h,hateful,471,471,0,0
3.0,,,3,elderly,ผู้สูงอายุ,hateful,กุเกลียดพวก{IDENTITY_P}มากๆ,derog_neg_emote_h,hateful,8,8,0,0
,3.0,,3,disbabled,คนพิการ,non-hateful,"มึงเขียนไปดิว่า ""กุจะฆ่า{IDENTITY_S}"" แค่มึงเตรียมโดนฟ้องศาลได้เลย",counter_quote_nh,non-hateful,543,543,0,0
3.0,,,3,Chinese-Thai,คนไทยเชื้อสายจีน,hateful,ไม่มีทางที่กุจะยื่นมือไปช่วยชีวิต{IDENTITY_S}หรอกนะ,negate_pos_h,hateful,419,419,0,0
1.0,2.0,,2,gay,เกย์,non-hateful,{IDENTITY_P} นี่แหละ ที่สมควรเป็นหนึ่งในรัฐบาลของเรา,ident_pos_nh,non-hateful,518,518,0,0
,3.0,,3,labour workers,แรงงาน,non-hateful,เราควรเคารพ{IDENTITY_P} นะ,ident_pos_nh,non-hateful,525,525b,0,0
3.0,,,3,women,ผู้หญิง,hateful,พวกมึงกับ{IDENTITY_P}ทั้งหมดคือโรคร้ายของสังคมเลยละ,derog_dehum_h,hateful,58,58,0,0
,3.0,,3,islam,คนอิสลาม,non-hateful,เค้าจะทำให้{IDENTITY_P}ยิ้มให้ได้,ident_pos_nh,non-hateful,522,522,0,0
3.0,,,3,islam,คนอิสลาม,hateful,อีพวก{IDENTITY_P}โง่กันทุกคน,negate_pos_h,hateful,404,404,0,0
3.0,,,3,migrant workers,แรงงานต่างด้าว,hateful,กุเจอ{IDENTITY_P}มามากพอจนรู้ละว่าพวกมันแม่งเหี้ยทุกคน,ref_subs_clause_h,hateful,380,380,0,0
3.0,,,3,Thai Isan,คนอีสาน,hateful,ทำไมไอพวก{IDENTITY_P}เป็นห่ากันแบบนี้หมดเลยวะ,phrase_question_h,hateful,460,460,0,0
3.0,,,3,Thai Isan,คนอีสาน,hateful,เป็นธรรมดาของ{IDENTITY_S}ที่จะเหี้ยแบบนี้,profanity_h,hateful,252,252,0,0
1.0,2.0,,2,male,ผู้ชาย,non-hateful,กุอยู่กับพวก{IDENTITY_P}สองคน,ident_neutral_nh,non-hateful,483,483,0,0
,3.0,,3,boy,เด็กผู้ชาย,non-hateful,เราไม่ได้เกลียดพวก{IDENTITY_P},negate_neg_nh,non-hateful,423,423,0,0
3.0,,,3,Thai-Central,คนกรุง,hateful,เมื่อไหร่คนจะเข้าใจว่าอีพวก{IDENTITY_P}นี่แหละที่โหดและรุนแรง,phrase_question_h,hateful,447,447,0,0
3.0,,,3,Thai-Laos,คนลาว,hateful,อีพวก{IDENTITY_P}มันโง่เง่ากันทุกคนเลย,derog_neg_attrib_h,hateful,40,40,0,0
3.0,,,3,male,ชายแท้,hateful,ไอพวก{SLUR_P} ทำอีกแล้ว,slur_h,hateful,128,128,0,0
3.0,,,3,Myanmar,คนพม่า,hateful,กุหมั่นใส้{IDENTITY_P}ชห,derog_neg_emote_h,hateful,4,4,0,0
3.0,,,3,boy,เด็กผู้ชาย,hateful,พวก{IDENTITY_P}แม่งไม่ให้เกียรติพวกเรา กุจะทำให้พวกมันรู้สำนึกบ้าง,ref_subs_sent_h,hateful,393,393,0,0
3.0,,,3,Malay,คนมาเล,hateful,กุเจอ{IDENTITY_P}มามากพอจนรู้ละว่าพวกมันแม่งเหี้ยทุกคน,ref_subs_clause_h,hateful,380,380,0,0
1.0,2.0,,2,islam,คนอิสลาม,non-hateful,กุอยู่กับพวก{IDENTITY_P}สองคน,ident_neutral_nh,non-hateful,483,483,0,0
3.0,,,3,trans/ladyboy,คนแปลงเพศ,hateful,มันเป็นสันดานของอีพวก{IDENTITY_P}ที่จะไม่มีวันเจริญ,derog_neg_attrib_h,hateful,32,32,0,0
3.0,,,3,Thai-Laos,คนลาว,hateful,ไอพวก{SLUR_P} ทำอีกแล้ว,slur_h,hateful,128,128,0,0
3.0,,,3,buddhism,คนพุทธ,hateful,ไม่มีอะไรเหี้ยไปกว่าไอ{IDENTITY_S}แล้ว,derog_neg_emote_h,hateful,14,14,0,0
3.0,,,3,Thai Isan,คนอีสาน,hateful,พวก{IDENTITY_P}แม่งไม่ให้เกียรติพวกเรา กุจะทำให้พวกมันรู้สำนึกบ้าง,ref_subs_sent_h,hateful,393,393,0,0
3.0,,,3,Thai,คนไทย,hateful,พวก{IDENTITY_P}ต้องไสหัวออกไปจากประเทศของเราให้หมด,profanity_h,hateful,245,245,0,0
,3.0,,3,Thai-Laos,คนลาว,non-hateful,"กุจะไม่ทนกับโพสต์แบบว่า ""{IDENTITY_P} น่ารังเกียจ""เลย",counter_quote_nh,non-hateful,536,536,0,0
1.0,2.0,,2,Malay,คนมาเล,non-hateful,มึงจะเหมารวมว่า{IDENTITY_P}ทุกคนโง่ไม่ได้ปะวะ,counter_ref_nh,non-hateful,557,557,0,0
3.0,,,3,Cambodians,คนเขมร,hateful,{IDENTITY_P} พวกนี้ควรจะถูกประหารให้สิ้นซากไป,threat_norm_h,hateful,112,112a,0,0
1.0,2.0,,2,Myanmar,คนพม่า,non-hateful,ใครที่ไปแช่งว่า{IDENTITY_P}ควรตายๆ ไป สมควรโดนจับเข้าคุกให้หมด,counter_quote_nh,non-hateful,542,542,0,0
,3.0,,3,Thai,คนไทย,non-hateful,กุจะไม่ยอมให้มีการฆ่าล้างเผ่าพันธุ์{IDENTITY_P}ในประเทศนี้,negate_neg_nh,non-hateful,431,431,0,0
3.0,,,3,buddhism,คนพุทธ,hateful,คงจะดีถ้ามีคนไปรัดคอพวก{IDENTITY_P}ให้ตายๆ ไป,threat_norm_h,hateful,113,113a,0,0
3.0,,,3,hinduism,คนฮินดู,hateful,ถ้ากุตื่นมาแล้วเป็น{IDENTITY_S} กุคงฆ่าตัวตาย,derog_impl_h,hateful,78,78,0,0
3.0,,,3,trans/ladyboy,คนแปลงเพศ,hateful,กุต้องไปข่มขืน{IDENTITY_S}วันนี้,threat_dir_h,hateful,87,87,0,0
1.0,2.0,,2,migrant workers,แรงงานต่างด้าว,non-hateful,มีแต่{IDENTITY_P}เท่านั้นแหละ ที่ใจดีและเห็นอกเห็นใจแบบนี้,ident_pos_nh,non-hateful,511,511,0,0
3.0,,,3,boy,เด็กผู้ชาย,hateful,พวก{IDENTITY_P}ก็แบบนี้แหละ มันน่ารังเกียจชิบหาย,ref_subs_sent_h,hateful,385,385,0,0
3.0,,,3,Thai-Laos,คนลาว,hateful,แน่นอนว่าพวก{IDENTITY_P}ไม่สมควรได้สิทธิมนุษยชน,negate_pos_h,hateful,406,406,0,0
3.0,,,3,elderly,ผู้สูงอายุ,hateful,ก็พวก{IDENTITY_P}มันโง่แบบนี้เป็นปกติอยู่แล้วนิ,phrase_opinion_h,hateful,464,464,0,0
3.0,,,3,Thai Isan,คนอีสาน,hateful,ไอพวก{IDENTITY_P}แบบมึงไม่คู่ควรจะอยู่ต่อไป,threat_norm_h,hateful,102,102,0,0
,3.0,,3,migrant workers,แรงงานต่างด้าว,non-hateful,รัก{IDENTITY_P}จังเลยยย 💖💖💖,ident_pos_nh,non-hateful,502,502,0,0
3.0,,,3,islam,คนอิสลาม,hateful,เออ ถึงเวลายอมรับกันได้แล้วว่า{IDENTITY_P}มันเหมือนเซลล์ร้ายเลยละ,phrase_question_h,hateful,452,452b,0,0
3.0,,,3,boy,เด็กผู้ชาย,hateful,ก็แค่พวก{IDENTITY_P} ยิงแม่งทิ้งไปเลยดีกว่า,ref_subs_sent_h,hateful,396,396,0,0
,3.0,,3,Cambodians,คนเขมร,non-hateful,เราควรเคารพ{IDENTITY_P} นะ,ident_pos_nh,non-hateful,525,525b,0,0
3.0,,,3,islam,คนอิสลาม,hateful,ทำไมพวกมึงยังไม่เข้าใจอีกว่าพวก{IDENTITY_P}เป็นขยะสังคม,phrase_question_h,hateful,450,450,0,0
1.0,2.0,,2,child,เด็ก,non-hateful,ทำไมคิดว่ามันโอเคที่จะเรียกกุว่า{SLUR_S},counter_ref_nh,non-hateful,568,568,0,0
3.0,,,3,Cambodians,คนเขมร,hateful,ถ้ากุตื่นมาแล้วเป็น{IDENTITY_S} กุคงฆ่าตัวตาย,derog_impl_h,hateful,78,78,0,0
3.0,,,3,elderly,ผู้สูงอายุ,hateful,พวก{IDENTITY_P}เป็นสัตว์ชั้นต่ำของสังคม,derog_dehum_h,hateful,49,49,0,0
3.0,,,3,tomboy,ทอม,hateful,ก็แค่พวก{IDENTITY_P} ยิงแม่งทิ้งไปเลยดีกว่า,ref_subs_sent_h,hateful,396,396,0,0
1.0,2.0,,2,gay,เกย์,non-hateful,มึงจะเหมารวมว่า{IDENTITY_P}ทุกคนโง่ไม่ได้ปะวะ,counter_ref_nh,non-hateful,557,557,0,0
1.0,2.0,,2,Highland Indigenous People,คนกะเหรี่ยง,non-hateful,กุอยู่กับพวก{IDENTITY_P}สองคน,ident_neutral_nh,non-hateful,483,483,0,0
3.0,,,3,tomboy,ทอม,hateful,อีพวก{IDENTITY_P}สกปรกในสายตาเรา,phrase_opinion_h,hateful,466,466,0,0
1.0,2.0,,2,Highland Indigenous People,คนกะเหรี่ยง,non-hateful,มึงจะเหมารวมว่า{IDENTITY_P}ทุกคนโง่ไม่ได้ปะวะ,counter_ref_nh,non-hateful,557,557,0,0
3.0,,,3,hinduism,คนฮินดู,hateful,ก็พวก{IDENTITY_P}มันโง่แบบนี้เป็นปกติอยู่แล้วนิ,phrase_opinion_h,hateful,464,464,0,0
3.0,,,3,gay,เกย์,hateful,พวก{IDENTITY_P}คงไม่กล้าขำกุ ถ้ากุเริ่มยิงใส่พวกแม่ง,ref_subs_clause_h,hateful,374,374,0,0
3.0,,,3,tomboy,ทอม,hateful,เมื่อไหร่คนจะเข้าใจว่าอีพวก{IDENTITY_P}นี่แหละที่โหดและรุนแรง,phrase_question_h,hateful,447,447,0,0
3.0,,,3,Thai-Laos,คนลาว,hateful,พวก{IDENTITY_P}คงไม่กล้าขำกุ ถ้ากุเริ่มยิงใส่พวกแม่ง,ref_subs_clause_h,hateful,374,374,0,0
3.0,,,3,islam,คนอิสลาม,hateful,สำหรับกูแล้ว ไอ้พวก{IDENTITY_P}ก็ไปตายซะเถอะ,phrase_opinion_h,hateful,480,480,0,0
,3.0,,3,girl,เด็กผู้หญิง,non-hateful,ถ้าไม่มี{IDENTITY_P}แบบมึง โลกคงแย่แน่เลย,ident_pos_nh,non-hateful,531,531,0,0
,3.0,,3,islam,คนอิสลาม,non-hateful,"การที่มึงบอกว่า ""{IDENTITY_P} แม่งเป็นพวกขยะ"" มันแสดงถึงตัวมึงเองนะเว้ย",counter_quote_nh,non-hateful,551,551,0,0
3.0,,,3,tomboy,ทอม,hateful,กุต้องไปข่มขืน{IDENTITY_S}วันนี้,threat_dir_h,hateful,87,87,0,0
3.0,,,3,hinduism,คนฮินดู,hateful,{IDENTITY_P} พวกนี้ควรจะถูกประหารให้สิ้นซากไป,threat_norm_h,hateful,112,112a,0,0
3.0,,,3,Myanmar,คนพม่า,hateful,อีพวก{IDENTITY_P}ที่ป่วยควรถูกพาไปหาหมอรักษาสัตว์นะ หมอรักษาคนไม่เหมาะกับพวกมัน,derog_impl_h,hateful,62,62,0,0
3.0,,,3,women,ผู้หญิง,hateful,เกลียดพวก{IDENTITY_P}จนไม่รู้จะพูดยังไงดี,derog_neg_emote_h,hateful,19,19,0,0
3.0,,,3,buddhism,คนพุทธ,hateful,หมากุยังฉลาดกว่าพวก{IDENTITY_S}ทุกตัวเลย,derog_impl_h,hateful,63,63,0,0
3.0,,,3,Cambodians,คนเขมร,hateful,ก็พวก{IDENTITY_P}มันโง่แบบนี้เป็นปกติอยู่แล้วนิ,phrase_opinion_h,hateful,464,464,0,0
3.0,,,3,elderly,คนสูงวัย,hateful,ชีวิตอีพวก{IDENTITY_A}ไม่มีค่าเลย,negate_pos_h,hateful,410,410,0,0
3.0,,,3,Thai-Laos,คนลาว,hateful,ไอพวก{IDENTITY_P}ไม่ควรมีที่ยืนในประเทศที่เจริญแล้วแบบนี้,derog_impl_h,hateful,80,80,0,0
3.0,,,3,migrant workers,แรงงานต่างด้าว,hateful,งงว่าทำไมคนถึงสนใจไอพวก{IDENTITY_P},derog_impl_h,hateful,71,71,0,0
3.0,,,3,christianity,คนคริสต์,hateful,เราไม่กินอาหารที่กับอิพวก{IDENTITY_S}จับเด็ดขาด,derog_impl_h,hateful,66,66a,1,0
3.0,,,3,migrant workers,แรงงานต่างด้าว,hateful,อย่าให้{IDENTITY_S}มีชีวิตอยู่ต่อไปเลย,negate_pos_h,hateful,417,417,0,0
3.0,,,3,Malay,คนมาเล,hateful,ไอ้ลิงนั้นฉลาดกว่าพวก{IDENTITY_P}รวมกันอีก,derog_impl_h,hateful,64,64,0,0
3.0,,,3,Myanmar,คนพม่า,hateful,เออ ถึงเวลายอมรับกันได้แล้วว่า{IDENTITY_P}มันเหมือนเซลล์ร้ายเลยละ,phrase_question_h,hateful,452,452b,0,0
3.0,,,3,christianity,คนคริสต์,hateful,กุต้องไปข่มขืน{IDENTITY_S}วันนี้,threat_dir_h,hateful,87,87,0,0
3.0,,,3,Chinese-Thai,คนไทยเชื้อสายจีน,hateful,มันเป็นสันดานของอีพวก{IDENTITY_P}ที่จะไม่มีวันเจริญ,derog_neg_attrib_h,hateful,32,32,0,0
,3.0,,3,buddhism,คนพุทธ,non-hateful,"ทำไมถึงพูด ""{IDENTITY_P} น่ารังเกียจ"" แล้วไม่รู้ว่ามันไม่ดีนี่นะ",counter_quote_nh,non-hateful,535,535,0,0
3.0,,,3,boy,เด็กผู้ชาย,hateful,แล้วกุผิดตรงไหนที่บอกว่า{IDENTITY_P}อย่างมึงสมควรตาย,phrase_question_h,hateful,456,456,0,0
3.0,,,3,Myanmar,คนพม่า,hateful,อีพวก{IDENTITY_P}มันโง่เง่ากันทุกคนเลย,derog_neg_attrib_h,hateful,40,40,0,0
3.0,,,3,boy,เด็กผู้ชาย,hateful,ชีวิตพวก{IDENTITY_P}แม่งไม่มีค่าอะไรสำหรับกุเลย,ref_subs_clause_h,hateful,379,379,0,0
3.0,,,3,boy,เด็กผู้ชาย,hateful,ควรเป็นเรื่องถูกกฎหมายที่จะฆ่า{IDENTITY_S}อย่างเช่นมึง,threat_norm_h,hateful,111,111a,0,0
1.0,2.0,,2,labour workers,แรงงาน,non-hateful,ไม่มี{IDENTITY_S}คนไหนสมควรโดนประหารชีวิตทั้งนั้นแหละ,negate_neg_nh,non-hateful,441,441,0,0
3.0,,,3,Malay,คนมาเล,hateful,อีพวก{IDENTITY_P}ไม่เหมือนเราเลย มันต้องตาย,ref_subs_clause_h,hateful,375,375,0,0
,3.0,,3,buddhism,คนพุทธ,non-hateful,รัก{IDENTITY_P}จังเลยยย 💖💖💖,ident_pos_nh,non-hateful,502,502,0,0
3.0,,,3,Cambodians,คนเขมร,hateful,กูจะทำร้ายพวก{IDENTITY_P}แบบมึง,threat_dir_h,hateful,88,88,0,0
3.0,,,3,Chinese-Thai,คนไทยเชื้อสายจีน,hateful,สำหรับกูแล้ว ไอ้พวก{IDENTITY_P}ก็ไปตายซะเถอะ,phrase_opinion_h,hateful,480,480,0,0
1.0,2.0,,2,hinduism,คนฮินดู,non-hateful,มีแต่{IDENTITY_P}เท่านั้นแหละ ที่ใจดีและเห็นอกเห็นใจแบบนี้,ident_pos_nh,non-hateful,511,511,0,0
3.0,,,3,Thai-Laos,คนลาว,hateful,เออ ถึงเวลายอมรับกันได้แล้วว่า{IDENTITY_P}มันเหมือนเซลล์ร้ายเลยละ,phrase_question_h,hateful,452,452b,0,0
1.0,2.0,,2,labour workers,แรงงาน,non-hateful,อย่ายืนเฉยดิ พวก{IDENTITY_P}กำลังโดนฆ่าอยู่,negate_neg_nh,non-hateful,440,440,0,0
1.0,2.0,,2,islam,คนอิสลาม,non-hateful,พรุ่งนี้กุจะไปช่วย{IDENTITY_S},ident_pos_nh,non-hateful,523,523,0,0
3.0,,,3,gay,เกย์,hateful,{IDENTITY_P} คงคิดว่ามันพิเศษกว่าคนอื่น กุเกลียดคนแบบนี้ชิบหาย,ref_subs_sent_h,hateful,382,382a,0,0
,3.0,,3,Thai-Laos,คนลาว,non-hateful,พวก{IDENTITY_P} ได้เป็นสมาชิกสภาฯ 3 คน,ident_neutral_nh,non-hateful,495,495,0,0
3.0,,,3,Thai Isan,คนอีสาน,hateful,เราจะยิง{IDENTITY_S}ต่อไปที่เห็น,threat_dir_h,hateful,84,84a,1,0
3.0,,,3,labour workers,แรงงาน,hateful,ไม่มีทางที่กุจะยื่นมือไปช่วยชีวิต{IDENTITY_S}หรอกนะ,negate_pos_h,hateful,419,419,0,0
3.0,,,3,Thai-Laos,คนลาว,hateful,น่าจะมีใครไปแทงพวก{IDENTITY_P}ให้ตายๆ ไปซะที,threat_norm_h,hateful,118,118,0,0
2.0,1.0,,1,hinduism,คนฮินดู,hateful,กุไม่มีทางทำร้าย{IDENTITY_S}เด็ดขาด,negate_neg_nh,non-hateful,434,434,0,0
3.0,,,3,boy,เด็กผู้ชาย,hateful,เจอ{IDENTITY_P}มาหลายคน กุเกลียดหมดเลย,ref_subs_clause_h,hateful,362,362,0,0
3.0,,,3,christianity,คนคริสต์,hateful,{IDENTITY_P} ในประเทศนี้ทำกุหงุดหงิดชิบหายเลย,profanity_h,hateful,255,255,0,0
,3.0,,3,male,ชายแท้,non-hateful,"ใครที่ส่งข้อความมาให้กุว่า ""มึงมันก็แค่{SLUR_S}สำหรับกุ"" กุจะบล็อกให้หมด",counter_quote_nh,non-hateful,547,547,0,0
3.0,,,3,boy,เด็กผู้ชาย,hateful,ไอพวกอำนาจล้มมืออย่าง{IDENTITY_P}เป็นภัยต่อประเทศเรา,derog_neg_attrib_h,hateful,30,30,0,0
3.0,,,3,Thai Isan,คนอีสาน,hateful,พวก{IDENTITY_P}คงไม่กล้าขำกุ ถ้ากุเริ่มยิงใส่พวกแม่ง,ref_subs_clause_h,hateful,374,374,0,0
3.0,,,3,Thai,คนไทย,hateful,อีพวก{IDENTITY_P} เหี้ยทั้งนั้น,ref_subs_sent_h,hateful,400,400,0,0
3.0,,,3,migrant workers,แรงงานต่างด้าว,hateful,ถ้าถามเราอ่ะนะ{IDENTITY_P}แบบมึงก็ไม่ต่างจากหนูหรอก,phrase_opinion_h,hateful,471,471,0,0
3.0,,,3,islam,คนอิสลาม,hateful,ก็แค่พวก{IDENTITY_P} ยิงแม่งทิ้งไปเลยดีกว่า,ref_subs_sent_h,hateful,396,396,0,0
1.0,2.0,,2,Thai-Central,คนกรุง,non-hateful,กุอยู่กับพวก{IDENTITY_P}สองคน,ident_neutral_nh,non-hateful,483,483,0,0
3.0,,,3,Highland Indigenous People,คนกะเหรี่ยง,hateful,ถ้า{IDENTITY_P}หายไปจากโลกนี้ ชีวิตเราคงจะดีขึ้นเยอะ,threat_norm_h,hateful,107,107,0,0
3.0,,,3,hinduism,คนฮินดู,hateful,พวก{IDENTITY_P}นี่มันน่าขยะแขยงจริงๆ,derog_neg_attrib_h,hateful,24,24,0,0
3.0,,,3,Chinese-Thai,คนไทยเชื้อสายจีน,hateful,กุหมั่นใส้{IDENTITY_P}ชห,derog_neg_emote_h,hateful,4,4,0,0
3.0,,,3,elderly,ผู้สูงอายุ,hateful,ไม่เข้าใจเลยว่าทำไมถึงชอบ{IDENTITY_P}ทุกอย่างทั้งหมดเกี่ยวกับมันน่าขยะแขยงสุดๆ อ่ะ,ref_subs_sent_h,hateful,383,383,0,0
3.0,,,3,islam,คนอิสลาม,hateful,กุเชื่อแล้วว่าอีพวก{IDENTITY_P}ก็แค่พวกสัตว์ชั้นต่ำ,phrase_opinion_h,hateful,470,470,0,0
2.0,1.0,,1,Cambodians,คนขแมร์,hateful,ชีวิตของ{IDENTITY_A}อาจจะไม่มีค่าอะไรสำหรับมึง แต่ความคิดของมึงมันไม่มีค่าอะไรเลย,counter_ref_nh,non-hateful,570,570,0,0
3.0,,,3,islam,คนอิสลาม,hateful,เมื่อไหร่คนจะเข้าใจว่าอีพวก{IDENTITY_P}นี่แหละที่โหดและรุนแรง,phrase_question_h,hateful,447,447,0,0
3.0,,,3,Malay,คนมาเล,hateful,อีพวก{IDENTITY_P}แบบมึงควรรู้ว่าชีวิตมึงไร้ค่า,ref_subs_clause_h,hateful,371,371,0,0
3.0,,,3,trans/ladyboy,คนแปลงเพศ,hateful,ไม่แปลกหรอกที่ไอเดียมันห่วยแตก ก็มันมาจาก{IDENTITY_S}นี่หว่า,ref_subs_sent_h,hateful,399,399,0,0
3.0,,,3,islam,คนอิสลาม,hateful,ไอพวกอำนาจล้มมืออย่าง{IDENTITY_P}เป็นภัยต่อประเทศเรา,derog_neg_attrib_h,hateful,30,30,0,0
3.0,,,3,gay,เกย์,hateful,ไอพวก{IDENTITY_P}แบบมึงไม่คู่ควรจะอยู่ต่อไป,threat_norm_h,hateful,102,102,0,0
3.0,,,3,tomboy,ทอม,hateful,พวก{IDENTITY_P}ต้องไสหัวออกไปจากประเทศของเราให้หมด,profanity_h,hateful,245,245,0,0
3.0,,,3,elderly,ผู้สูงอายุ,hateful,ถ้า{IDENTITY_P}หายไปจากโลกนี้ ชีวิตเราคงจะดีขึ้นเยอะ,threat_norm_h,hateful,107,107,0,0
,3.0,,3,islam,คนอิสลาม,non-hateful,ถ้าไม่มี{IDENTITY_P}แบบมึง โลกคงแย่แน่เลย,ident_pos_nh,non-hateful,531,531,0,0
,3.0,,3,tomboy,ทอม,non-hateful,มี{IDENTITY_P}ในคอร์สมึงป่ะ,ident_neutral_nh,non-hateful,488,488,0,0
3.0,,,3,boy,เด็กผู้ชาย,hateful,กุต้องไปข่มขืน{IDENTITY_S}วันนี้,threat_dir_h,hateful,87,87,0,0
3.0,,,3,Chinese-Thai,คนไทยเชื้อสายจีน,hateful,พวก{IDENTITY_P}เป็นสัตว์ชั้นต่ำของสังคม,derog_dehum_h,hateful,49,49,0,0
3.0,,,3,labour workers,แรงงาน,hateful,ไม่แปลกหรอกที่ไอเดียมันห่วยแตก ก็มันมาจาก{IDENTITY_S}นี่หว่า,ref_subs_sent_h,hateful,399,399,0,0
,3.0,,3,Thai-Laos,คนลาว,non-hateful,พรุ่งนี้กุจะไปช่วย{IDENTITY_S},ident_pos_nh,non-hateful,523,523,0,0
2.0,1.0,,1,Malay,คนมาเล,hateful,ไม่รู้ตัวเหรอว่ามึงเหี้ยขนาดไหนที่ไปเรียก{IDENTITY_P}ว่าเป็นขยะ,counter_ref_nh,non-hateful,558,558,0,0
3.0,,,3,christianity,คนคริสต์,hateful,มันเป็นสันดานของไอพวก{IDENTITY_S}ที่น่ารำคาญและเหี้ย,profanity_h,hateful,259,259,0,0
3.0,,,3,trans/ladyboy,คนแปลงเพศ,hateful,สำหรับกูแล้ว ไอ้พวก{IDENTITY_P}ก็ไปตายซะเถอะ,phrase_opinion_h,hateful,480,480,0,0
3.0,,,3,boy,เด็กผู้ชาย,hateful,กูจะทำร้ายพวก{IDENTITY_P}แบบมึง,threat_dir_h,hateful,88,88,0,0
3.0,,,3,Malay,คนมาเล,hateful,เออ ถึงเวลายอมรับกันได้แล้วว่า{IDENTITY_P}มันเหมือนเซลล์ร้ายเลยละ,phrase_question_h,hateful,452,452b,0,0
1.0,2.0,,2,gay,เกย์,non-hateful,พรุ่งนี้กุจะไปกอด{IDENTITY_S},ident_pos_nh,non-hateful,520,520,0,0
1.0,2.0,,2,Chinese-Thai,คนไทยเชื้อสายจีน,non-hateful,การเรียก{IDENTITY_P}ว่าเป็นแมลงสาบมันเป็นสิ่งที่แย่มากๆ นะ,counter_ref_nh,non-hateful,559,559,0,0
,3.0,,3,girl,เด็กผู้หญิง,non-hateful,"กุจะไม่ทนกับโพสต์แบบว่า ""{IDENTITY_P} น่ารังเกียจ""เลย",counter_quote_nh,non-hateful,536,536,0,0
3.0,,,3,hinduism,คนฮินดู,hateful,ควรเป็นเรื่องถูกกฎหมายที่จะฆ่า{IDENTITY_S}อย่างเช่นมึง,threat_norm_h,hateful,111,111a,0,0
2.0,,1.0,2,buddhism,คนพุทธ,hateful,พวก{IDENTITY_P}นี่แม่งไม่มีอะไรแย่กว่ามึงแล้วจริงๆ,ref_subs_sent_h,hateful,384,384,0,0
3.0,,,3,elderly,ผู้สูงอายุ,hateful,ไม่มีอะไรเหี้ยไปกว่าไอ{IDENTITY_S}แล้ว,derog_neg_emote_h,hateful,14,14,0,0
,3.0,,3,Myanmar,คนพม่า,non-hateful,"อะไรที่ทำให้มึงพูดว่า ""{IDENTITY_P} น่ารังเกียจขนาดนี้""",counter_quote_nh,non-hateful,533,533,0,0
,3.0,,3,islam,คนอิสลาม,non-hateful,นี่เป็นครั้งแรกที่{IDENTITY_S}ถูกเสนอชื่อขึ้นมา,ident_neutral_nh,non-hateful,493,493,0,0
,3.0,,3,Cambodians,คนเขมร,non-hateful,พวก{IDENTITY_P} ได้เป็นสมาชิกสภาฯ 3 คน,ident_neutral_nh,non-hateful,495,495,0,0
3.0,,,3,Thai-Central,คนกรุง,hateful,ไอ้พวก{IDENTITY_P}ที่กล้าเถียงกุ กุอยากจะฆ่ามันให้ตาย,ref_subs_clause_h,hateful,372,372,0,0
1.0,2.0,,2,Myanmar,คนพม่า,non-hateful,กุไม่มีทางทำร้าย{IDENTITY_S}เด็ดขาด,negate_neg_nh,non-hateful,434,434,0,0
3.0,,,3,Chinese-Thai,คนไทยเชื้อสายจีน,hateful,อีพวก{IDENTITY_P}ที่ป่วยควรถูกพาไปหาหมอรักษาสัตว์นะ หมอรักษาคนไม่เหมาะกับพวกมัน,derog_impl_h,hateful,62,62,0,0
,3.0,,3,Cambodians,คนเขมร,non-hateful,เค้าจะทำให้{IDENTITY_P}ยิ้มให้ได้,ident_pos_nh,non-hateful,522,522,0,0
,3.0,,3,buddhism,คนพุทธ,non-hateful,ทำไมคิดว่ามันโอเคที่จะเรียกกุว่า{SLUR_S},counter_ref_nh,non-hateful,568,568,0,0
3.0,,,3,Thai Isan,คนอีสาน,hateful,ไม่เข้าใจเลยว่าทำไมถึงชอบ{IDENTITY_P}ทุกอย่างทั้งหมดเกี่ยวกับมันน่าขยะแขยงสุดๆ อ่ะ,ref_subs_sent_h,hateful,383,383,0,0
3.0,,,3,Thai-Central,คนกรุง,hateful,พวก{IDENTITY_P}แม่งไม่ให้เกียรติพวกเรา กุจะทำให้พวกมันรู้สำนึกบ้าง,ref_subs_sent_h,hateful,393,393,0,0
3.0,,,3,Highland Indigenous People,คนกะเหรี่ยง,hateful,พวกเราจะโจมตีพวก{IDENTITY_P}อย่างมึงจนกว่ามึงจะหายไป,threat_dir_h,hateful,92,92,0,0
3.0,,,3,migrant workers,แรงงานต่างด้าว,hateful,ไม่เห็นหรือไงว่าอีพวก{IDENTITY_P}มันต่ำตม,phrase_question_h,hateful,446,446,0,0
3.0,,,3,women,ผู้หญิง,hateful,ไม่แปลกหรอกที่ไอเดียมันห่วยแตก ก็มันมาจาก{IDENTITY_S}นี่หว่า,ref_subs_sent_h,hateful,399,399,0,0
1.0,2.0,,2,Thai-Laos,คนลาว,non-hateful,มากกว่าครึ่งที่เป็น{IDENTITY_P},ident_neutral_nh,non-hateful,494,494,0,0
3.0,,,3,labour workers,แรงงาน,hateful,อีพวก{IDENTITY_P}ไม่เหมือนเราเลย มันต้องตาย,ref_subs_clause_h,hateful,375,375,0,0
3.0,,,3,Thai-Laos,คนลาว,hateful,กุเชื่อแล้วว่าอีพวก{IDENTITY_P}ก็แค่พวกสัตว์ชั้นต่ำ,phrase_opinion_h,hateful,470,470,0,0
,3.0,,3,migrant workers,แรงงานต่างด้าว,non-hateful,พรุ่งนี้กุจะไปกอด{IDENTITY_S},ident_pos_nh,non-hateful,520,520,0,0
3.0,,,3,girl,เด็กผู้หญิง,hateful,ไอพวก{SLUR_P} ทำอีกแล้ว,slur_h,hateful,128,128,0,1
3.0,,,3,Cambodians,คนเขมร,hateful,กุเชื่อแล้วว่าอีพวก{IDENTITY_P}ก็แค่พวกสัตว์ชั้นต่ำ,phrase_opinion_h,hateful,470,470,0,0
3.0,,,3,Highland Indigenous People,คนกะเหรี่ยง,hateful,พวกมันก็แค่{SLUR_P},slur_h,hateful,125,125,0,1
3.0,,,3,girl,เด็กผู้หญิง,hateful,แม่งโคตรเกลียดพวก{IDENTITY_P}ที่อยู่แถวนี้,derog_neg_emote_h,hateful,6,6,0,0
3.0,,,3,women,แรด,hateful,ไอพวก{SLUR_P} ทำอีกแล้ว,slur_h,hateful,128,128,0,0
,3.0,,3,,,non-hateful,หนังแอคชั่นทั้งหลายมันโง่ไม่มียกเว้นเลยวะ,target_obj_nh,non-hateful,598,598a,0,0
3.0,,,3,Chinese-Thai,คนไทยเชื้อสายจีน,hateful,อีพวก{IDENTITY_P}มันน่ารำคาญจริงๆ,derog_dehum_h,hateful,50,50,0,0
,3.0,,3,christianity,คนคริสต์,non-hateful,"ทำไมถึงพูด ""{IDENTITY_P} น่ารังเกียจ"" แล้วไม่รู้ว่ามันไม่ดีนี่นะ",counter_quote_nh,non-hateful,535,535,0,0
3.0,,,3,christianity,คนคริสต์,hateful,ไม่เห็นหรือไงว่าอีพวก{IDENTITY_P}มันต่ำตม,phrase_question_h,hateful,446,446,0,0
3.0,,,3,women,ผู้หญิง,hateful,ถ้ากุตื่นมาแล้วเป็น{IDENTITY_S} กุคงฆ่าตัวตาย,derog_impl_h,hateful,78,78,0,0
1.0,2.0,,2,,,non-hateful,ไอพวกคนทำขนมนี่แย่สุดๆ,target_group_nh,non-hateful,709,709,0,0
3.0,,,3,christianity,คนคริสต์,hateful,พวก{IDENTITY_P}อย่างมึงเป็นเหี้ยไรมากปะ,profanity_h,hateful,242,242b,0,0
3.0,,,3,trans/ladyboy,คนแปลงเพศ,hateful,พวก{IDENTITY_P}ก็แบบนี้แหละ มันน่ารังเกียจชิบหาย,ref_subs_sent_h,hateful,385,385,0,0
3.0,,,3,Highland Indigenous People,คนกะเหรี่ยง,hateful,ชีวิตพวก{IDENTITY_P}แม่งไม่มีค่าอะไรสำหรับกุเลย,ref_subs_clause_h,hateful,379,379,0,0
3.0,,,3,Malay,คนมาเล,hateful,พวก{IDENTITY_P}เป็นสัตว์ชั้นต่ำของสังคม,derog_dehum_h,hateful,49,49,0,0
2.0,,1.0,2,migrant workers,แรงงานต่างด้าว,hateful,มีแต่พวก io จาก{IDENTITY_P}เท่านั้นแหละที่คอยมาแซะรัฐบาล,derog_dehum_h,hateful,60,60b,0,0
3.0,,,3,Chinese-Thai,คนไทยเชื้อสายจีน,hateful,เออ ถึงเวลายอมรับกันได้แล้วว่า{IDENTITY_P}มันเหมือนเซลล์ร้ายเลยละ,phrase_question_h,hateful,452,452b,0,0
3.0,,,3,migrant workers,แรงงานต่างด้าว,hateful,ไอพวก{IDENTITY_P} ที่คิดว่าตัวเองเท่ากับกู กูโกรธมาก,derog_neg_emote_h,hateful,16,16,0,0
3.0,,,3,Highland Indigenous People,คนกะเหรี่ยง,hateful,ในโลกที่ยุติธรรม อีพวก{IDENTITY_P}อย่างมึงควรตายห่าให้หมด,threat_norm_h,hateful,114,114,0,0
3.0,,,3,trans/ladyboy,คนแปลงเพศ,hateful,พวก{IDENTITY_P}ไปตายซะเถอะ,profanity_h,hateful,243,243,0,0
,3.0,,3,tomboy,ทอม,non-hateful,"ใครที่ส่งข้อความมาให้กุว่า ""มึงมันก็แค่{SLUR_S}สำหรับกุ"" กุจะบล็อกให้หมด",counter_quote_nh,non-hateful,547,547,0,0
,3.0,,3,Cambodians,คนขแมร์,non-hateful,"เราไม่ให้เกียรติคนที่เขียนว่า ""มี{SLUR_P}เยอะเกินในประเทศนี้""",counter_quote_nh,non-hateful,546,546,0,0
3.0,,,3,Myanmar,คนพม่า,hateful,กุเกลียดพวก{IDENTITY_P}มากๆ,derog_neg_emote_h,hateful,8,8,0,0
3.0,,,3,child,เด็ก,hateful,กุจะหักคอมึง ไอ{IDENTITY_A},threat_dir_h,hateful,91,91,0,0
1.0,2.0,,2,gay,เกย์,non-hateful,มี{IDENTITY_P}ในคอร์สมึงป่ะ,ident_neutral_nh,non-hateful,488,488,0,1
3.0,,,3,islam,คนอิสลาม,hateful,พวกมันก็แค่{SLUR_P},slur_h,hateful,125,125,0,1
,3.0,,3,Thai Isan,คนอีสาน,non-hateful,พรุ่งนี้กุจะไปช่วย{IDENTITY_S},ident_pos_nh,non-hateful,523,523,0,0
3.0,,,3,buddhism,คนพุทธ,hateful,อีพวก{IDENTITY_P}ไม่สมควรมีชีวิตเหมือนคนอื่น,negate_pos_h,hateful,408,408,0,0
1.0,2.0,,2,Thai-Laos,คนลาว,non-hateful,กุอยู่กับพวก{IDENTITY_P}สองคน,ident_neutral_nh,non-hateful,483,483,0,0
1.0,2.0,,1,Myanmar,คนพม่า,non-hateful,การลงโทษด้วยการเผาทั้งเป็นกับ{IDENTITY_P}มันรุนแรงเกินไป,threat_norm_h,hateful,120,120b,0,0
,3.0,,3,male,ผู้ชาย,non-hateful,มึงจะเหมารวมว่า{IDENTITY_P}ทุกคนโง่ไม่ได้ปะวะ,counter_ref_nh,non-hateful,557,557,0,0
3.0,,,3,Thai Isan,คนอีสาน,hateful,คนไม่รู้จริงๆ เหรอว่า{IDENTITY_P}น่ารังเกียจ,phrase_question_h,hateful,445,445,0,0
3.0,,,3,christianity,คนคริสต์,hateful,แล้วกุผิดตรงไหนที่บอกว่า{IDENTITY_P}อย่างมึงสมควรตาย,phrase_question_h,hateful,456,456,0,0
,3.0,,3,girl,เด็กผู้หญิง,non-hateful,การที่มึงเกลียด{IDENTITY_P}นี่โคตรเข้าใจผิดเลย,counter_ref_nh,non-hateful,552,552,0,0
3.0,,,3,disbabled,คนพิการ,hateful,พวก{IDENTITY_P}อย่างมึงนี่มันน่าสมเพชจริงๆ,derog_neg_attrib_h,hateful,29,29,0,0
3.0,,,3,Highland Indigenous People,คนกะเหรี่ยง,hateful,{IDENTITY_P} ในประเทศนี้ทำกุหงุดหงิดชิบหายเลย,profanity_h,hateful,255,255,0,0
3.0,,,3,Chinese-Thai,คนไทยเชื้อสายจีน,hateful,แล้วกุผิดตรงไหนที่บอกว่า{IDENTITY_P}อย่างมึงสมควรตาย,phrase_question_h,hateful,456,456,0,0
3.0,,,3,boy,เด็กผู้ชาย,hateful,มันเป็นสันดานของอีพวก{IDENTITY_P}ที่จะไม่มีวันเจริญ,derog_neg_attrib_h,hateful,32,32,0,0
3.0,,,3,islam,คนอิสลาม,hateful,พวก{IDENTITY_P}คงไม่กล้าขำกุ ถ้ากุเริ่มยิงใส่พวกแม่ง,ref_subs_clause_h,hateful,374,374,0,0
3.0,,,3,christianity,คนคริสต์,hateful,กุเกลียดพวก{IDENTITY_P}มากๆ,derog_neg_emote_h,hateful,8,8,0,0
,3.0,,3,male,ผู้ชาย,non-hateful,เราไม่ได้เกลียดพวก{IDENTITY_P},negate_neg_nh,non-hateful,423,423,0,0
3.0,,,3,Highland Indigenous People,คนกะเหรี่ยง,hateful,พวก{IDENTITY_P}มันเป็นพวกสัตว์ชั้นต่ำ,derog_dehum_h,hateful,59,59b,0,0
2.0,1.0,,1,labour workers,แรงงาน,hateful,โรงเรียนกูแทบไม่มีพวก{IDENTITY_P},ident_neutral_nh,non-hateful,497,497a,0,1
3.0,,,3,Chinese-Thai,คนไทยเชื้อสายจีน,hateful,สำหรับกุแล้ว ไอพวก{IDENTITY_P}ควรไปแขวนคอ,phrase_opinion_h,hateful,476,476,0,0
1.0,2.0,,2,trans/ladyboy,คนแปลงเพศ,non-hateful,ดีใจที่คนเริ่มรู้แล้วว่า{IDENTITY_P}ไม่ได้โง่เลยสักนิด,negate_neg_nh,non-hateful,426,426b,0,0
3.0,,,3,boy,เด็กผู้ชาย,hateful,กุไม่ได้มีปัญหาอะไรกับพวก{IDENTITY_P}หรอก แต่ส่วนมากพวกมันน่ารังเกียจชิบหาย,ref_subs_clause_h,hateful,365,365,0,0
3.0,,,3,hinduism,คนฮินดู,hateful,อีพวก{IDENTITY_P}ไม่สมควรมีชีวิตเหมือนคนอื่น,negate_pos_h,hateful,408,408,0,0
3.0,,,3,christianity,คนคริสต์,hateful,ทน{IDENTITY_P}ไม่ไหวเลยวะ,derog_neg_emote_h,hateful,2,2a,0,0
3.0,,,3,migrant workers,แรงงานต่างด้าว,hateful,สำหรับกุแล้ว ไอพวก{IDENTITY_P}ควรไปแขวนคอ,phrase_opinion_h,hateful,476,476,0,0
3.0,,,0,labour workers,แรงงาน,hateful,มันมีไอ{IDENTITY_S}ในทีมฟุตบอลของกู,ident_neutral_nh,non-hateful,491,491b,0,0
1.0,2.0,,2,Cambodians,คนขแมร์,non-hateful,ทำไมคิดว่ามันโอเคที่จะเรียกกุว่า{SLUR_S},counter_ref_nh,non-hateful,568,568,0,0
3.0,,,3,Thai,คนไทย,hateful,กุเชื่อแล้วว่าอีพวก{IDENTITY_P}ก็แค่พวกสัตว์ชั้นต่ำ,phrase_opinion_h,hateful,470,470,0,0
3.0,,,3,Thai,คนไทย,hateful,คนไม่รู้จริงๆ เหรอว่า{IDENTITY_P}น่ารังเกียจ,phrase_question_h,hateful,445,445,0,0
1.0,2.0,,2,migrant workers,แรงงานต่างด้าว,non-hateful,ตอนนี้เรากำลังเรียนรู้เกี่ยวกับ{IDENTITY_P}เยอะเลย,ident_neutral_nh,non-hateful,489,489,0,0
1.0,2.0,,2,islam,คนอิสลาม,non-hateful,อย่ายืนเฉยดิ พวก{IDENTITY_P}กำลังโดนฆ่าอยู่,negate_neg_nh,non-hateful,440,440,0,0
3.0,,,3,Myanmar,คนพม่า,hateful,ชีวิตพวก{IDENTITY_P}แม่งไม่มีค่าอะไรสำหรับกุเลย,ref_subs_clause_h,hateful,379,379,0,0
3.0,,,3,boy,เด็กผู้ชาย,hateful,อีพวก{IDENTITY_P}สกปรกในสายตาเรา,phrase_opinion_h,hateful,466,466,0,0
3.0,,,3,trans/ladyboy,คนแปลงเพศ,hateful,อยากให้มีคนไปหักคอไอ้พวก{IDENTITY_P}จริงๆ,phrase_opinion_h,hateful,478,478,0,0
1.0,2.0,,2,buddhism,คนพุทธ,non-hateful,ไม่มี{IDENTITY_S}คนไหนสมควรโดนประหารชีวิตทั้งนั้นแหละ,negate_neg_nh,non-hateful,441,441,0,0
1.0,2.0,,2,Thai-Laos,คนลาว,non-hateful,เราไม่ควรปล่อยให้{IDENTITY_P}ต้องทนทุกข์,negate_neg_nh,non-hateful,439,439,0,0
3.0,,,3,Thai-Central,คนกรุง,hateful,ไม่เห็นหรือไงว่าอีพวก{IDENTITY_P}มันต่ำตม,phrase_question_h,hateful,446,446,0,0
2.0,1.0,,2,male,นาย,hateful,ชีวิตอีพวก{IDENTITY_A}ไม่มีค่าอะไรเลย,negate_pos_h,hateful,413,413,1,0
3.0,,,3,hinduism,คนฮินดู,hateful,พวกมันก็แค่{SLUR_P},slur_h,hateful,125,125,0,1
,3.0,,3,Myanmar,คนพม่า,non-hateful,เราไม่ได้เกลียดพวก{IDENTITY_P},negate_neg_nh,non-hateful,423,423,0,0
1.0,2.0,,2,Thai Isan,คนอีสาน,non-hateful,ไม่มี{IDENTITY_S}คนไหนสมควรโดนประหารชีวิตทั้งนั้นแหละ,negate_neg_nh,non-hateful,441,441,0,0
3.0,,,3,Cambodians,คนเขมร,hateful,น่าจะมีใครไปแทงพวก{IDENTITY_P}ให้ตายๆ ไปซะที,threat_norm_h,hateful,118,118,0,0
1.0,2.0,,2,women,ผู้หญิง,non-hateful,มึงต้องรับผิดชอบคำพูดของมึงนะ ถ้ามึงพูดว่ามึงจะไปข่มขืน{IDENTITY_S},counter_ref_nh,non-hateful,562,562,0,0
3.0,,,3,women,ผู้หญิง,hateful,กุจะทำให้พวก{IDENTITY_P}ทรมาณ,threat_dir_h,hateful,85,85,0,0
2.0,1.0,,2,labour workers,แรงงาน,hateful,ถ้าพวก{IDENTITY_P}อย่างมึงไม่ยอมปรับตัวเข้าหาสังคม ก็สมควรโดนแบบนี้แหละ,ref_subs_clause_h,hateful,376,376,0,0
3.0,,,3,Myanmar,คนพม่า,hateful,ไม่น่ามีใครเหี้ยไปกว่าพวก{IDENTITY_P}ละ,derog_neg_emote_h,hateful,12,12,0,0
1.0,2.0,,2,Malay,คนมาเล,non-hateful,คนต้องเข้าใจว่า{IDENTITY_P}ไม่ใช่ภัยต่อสังคม,negate_neg_nh,non-hateful,425,425,0,0
3.0,,,3,girl,เด็กผู้หญิง,hateful,พวก{IDENTITY_P}อย่างมึงเป็นเหี้ยไรมากปะ,profanity_h,hateful,242,242b,0,0
3.0,,,3,Thai Isan,คนอีสาน,hateful,ไอสัด {IDENTITY_S}จะต้องตายด้วยความทรมาณจากมือของกุ,threat_dir_h,hateful,100,100,0,0
3.0,,,3,trans/ladyboy,ตุ๊ด,hateful,ชีวิตอีพวก{IDENTITY_A}ไม่มีค่าเลย,negate_pos_h,hateful,410,410,0,0
2.0,,1.0,2,Thai-Central,คนกรุง,hateful,มีแต่พวก io จาก{IDENTITY_P}เท่านั้นแหละที่คอยมาแซะรัฐบาล,derog_dehum_h,hateful,60,60b,0,0
3.0,,,3,gay,เกย์,hateful,อีพวก{IDENTITY_P}ไม่เหมือนเราเลย มันต้องตาย,ref_subs_clause_h,hateful,375,375,0,0
,3.0,,3,Thai-Central,คนกรุง,non-hateful,มี{IDENTITY_P}ในคอร์สมึงป่ะ,ident_neutral_nh,non-hateful,488,488,0,0
3.0,,,3,christianity,คนคริสต์,hateful,เราจะยิง{IDENTITY_S}ต่อไปที่เห็น,threat_dir_h,hateful,84,84a,1,0
1.0,2.0,,2,,,non-hateful,พวกศิลปินแม่งก็เป็นปลิงของสังคม,target_group_nh,non-hateful,729,729,0,0
3.0,,,3,Thai Isan,คนอีสาน,hateful,ชีวิตพวก{IDENTITY_P}แม่งไม่มีค่าอะไรสำหรับกุเลย,ref_subs_clause_h,hateful,379,379,0,0
2.0,1.0,,1,women,นาง,hateful,ชีวิตของ{IDENTITY_A}อาจจะไม่มีค่าอะไรสำหรับมึง แต่ความคิดของมึงมันไม่มีค่าอะไรเลย,counter_ref_nh,non-hateful,570,570,0,0
3.0,,,3,disbabled,คนพิการ,hateful,มันเป็นสันดานของอีพวก{IDENTITY_P}ที่จะไม่มีวันเจริญ,derog_neg_attrib_h,hateful,32,32,0,0
3.0,,,3,Highland Indigenous People,คนกะเหรี่ยง,hateful,อีพวก{IDENTITY_P}มันน่ารำคาญจริงๆ,derog_dehum_h,hateful,50,50,0,0
3.0,,,3,tomboy,ทอม,hateful,อยากให้มีคนไปหักคอไอ้พวก{IDENTITY_P}จริงๆ,phrase_opinion_h,hateful,478,478,0,0
1.0,2.0,,2,Cambodians,คนเขมร,non-hateful,ถ้าจะไปด่า{IDENTITY_P}ให้ไปตาย อย่าหวังให้พวกเขาเคารพมึงเลย,counter_ref_nh,non-hateful,569,569,0,0
3.0,,,3,Thai Isan,คนอีสาน,hateful,พวก{IDENTITY_P}ต้องไสหัวออกไปจากประเทศของเราให้หมด,profanity_h,hateful,245,245,0,0
3.0,,,3,male,ผู้ชาย,hateful,อีพวก{IDENTITY_P}สกปรกในสายตาเรา,phrase_opinion_h,hateful,466,466,0,0
3.0,,,3,trans/ladyboy,ตุ๊ด,hateful,ชีวิตอีพวก{IDENTITY_A}ไม่มีค่าอะไรเลย,negate_pos_h,hateful,413,413,0,0
3.0,,,3,islam,คนอิสลาม,hateful,อีพวก{IDENTITY_P}เป็นขยะสังคม,derog_dehum_h,hateful,48,48,0,0
,3.0,,3,gay,เกย์,non-hateful,"กุจะไม่ทนกับโพสต์แบบว่า ""{IDENTITY_P} น่ารังเกียจ""เลย",counter_quote_nh,non-hateful,536,536,0,0
3.0,,,3,girl,เด็กผู้หญิง,hateful,ไม่เข้าใจเลยว่าทำไมถึงชอบ{IDENTITY_P}ทุกอย่างทั้งหมดเกี่ยวกับมันน่าขยะแขยงสุดๆ อ่ะ,ref_subs_sent_h,hateful,383,383,1,0
3.0,,,3,hinduism,คนฮินดู,hateful,กำจัด{IDENTITY_P}ให้สิ้นซากไปเลยดีกว่า,threat_dir_h,hateful,95,95,0,0
3.0,,,3,boy,เด็กผู้ชาย,hateful,กำจัด{IDENTITY_P}ให้สิ้นซากไปเลยดีกว่า,threat_dir_h,hateful,95,95,0,0
3.0,,,3,disbabled,คนพิการ,hateful,{IDENTITY_P}สมควรจะอยู่ในสวนสัตว์เลย,derog_impl_h,hateful,61,61,0,0
3.0,,,3,Malay,คนมาเล,hateful,พวก{IDENTITY_P}มันรกโลก,derog_dehum_h,hateful,55,55,0,0
1.0,2.0,,2,Highland Indigenous People,คนกะเหรี่ยง,non-hateful,เราไม่ควรปล่อยให้{IDENTITY_P}ต้องทนทุกข์,negate_neg_nh,non-hateful,439,439,0,0
3.0,,,3,Thai,คนไทย,hateful,ก็พวก{IDENTITY_P}มันโง่แบบนี้เป็นปกติอยู่แล้วนิ,phrase_opinion_h,hateful,464,464,0,0
1.0,2.0,,2,Malay,คนมาเลย์,non-hateful,เราไม่เคยมีประธานาธิบดีที่เป็น{IDENTITY_A}เลย,ident_neutral_nh,non-hateful,496,496,0,0
3.0,,,3,Malay,คนมาเล,hateful,พวก{IDENTITY_P}นี่มันน่าขยะแขยงจริงๆ,derog_neg_attrib_h,hateful,24,24,0,0
2.0,,1.0,2,Thai Isan,คนอีสาน,hateful,มีแต่พวก io จาก{IDENTITY_P}เท่านั้นแหละที่คอยมาแซะรัฐบาล,derog_dehum_h,hateful,60,60b,0,0
3.0,,,3,migrant workers,แรงงานต่างด้าว,hateful,กุเชื่อแล้วว่าอีพวก{IDENTITY_P}ก็แค่พวกสัตว์ชั้นต่ำ,phrase_opinion_h,hateful,470,470,0,0
3.0,,,3,migrant workers,แรงงานต่างด้าว,hateful,ทำไมไอพวก{IDENTITY_P}เป็นห่ากันแบบนี้หมดเลยวะ,phrase_question_h,hateful,460,460,0,0
3.0,,,3,gay,เกย์,hateful,เป็นธรรมดาของ{IDENTITY_S}ที่จะเหี้ยแบบนี้,profanity_h,hateful,252,252,0,0
3.0,,,3,tomboy,ทอม,hateful,{IDENTITY_P} แม่งเหี้ยกันทุกคนเลย,profanity_h,hateful,256,256,0,0
3.0,,,3,Malay,คนมาเล,hateful,เกลียดไอ{IDENTITY_S}ที่สุดในโลก,derog_impl_h,hateful,79,79,0,0
1.0,2.0,,2,islam,คนอิสลาม,non-hateful,เราไม่ได้เกลียดพวก{IDENTITY_P},negate_neg_nh,non-hateful,423,423,0,0
1.0,2.0,,2,christianity,คนคริสต์,non-hateful,ใครที่ไปแช่งว่า{IDENTITY_P}ควรตายๆ ไป สมควรโดนจับเข้าคุกให้หมด,counter_quote_nh,non-hateful,542,542,0,0
3.0,,,3,hinduism,คนฮินดู,hateful,กุต้องไปข่มขืน{IDENTITY_S}วันนี้,threat_dir_h,hateful,87,87,0,0
3.0,,,3,male,ผู้ชาย,hateful,มีแต่พวก{IDENTITY_P}เท่านั้นแหละที่โง่ได้ขนาดนี้,derog_neg_attrib_h,hateful,34,34,0,0
1.0,2.0,,2,christianity,คนคริสต์,non-hateful,คนต้องเข้าใจว่า{IDENTITY_P}ไม่ใช่ภัยต่อสังคม,negate_neg_nh,non-hateful,425,425,0,0
3.0,,,3,Malay,คนมาเล,hateful,เราไม่กินอาหารที่กับอิพวก{IDENTITY_S}จับเด็ดขาด,derog_impl_h,hateful,66,66a,1,0
3.0,,,3,trans/ladyboy,ตุ๊ด,hateful,เป็นสันดานของ{SLUR_S}ที่มีมาตั้งแต่เกิดแล้วละ,slur_h,hateful,127,127,0,0
3.0,,,3,Cambodians,คนเขมร,hateful,จะทรมานพวก{IDENTITY_P}แบบไม่มีเมตตา,threat_dir_h,hateful,93,93,0,0
3.0,,,3,tomboy,ทอม,hateful,ไม่มีอะไรเหี้ยไปกว่าไอ{IDENTITY_S}แล้ว,derog_neg_emote_h,hateful,14,14,0,0
3.0,,,3,trans/ladyboy,คนแปลงเพศ,hateful,ไอพวก{IDENTITY_P}ไปตายซะเถอะ,profanity_h,hateful,246,246,0,0
3.0,,,3,male,ผู้ชาย,hateful,อีพวก{IDENTITY_P}ไม่สมควรมีชีวิตเหมือนคนอื่น,negate_pos_h,hateful,408,408,0,0
3.0,,,3,gay,เกย์,hateful,สำหรับกุแล้ว ไอพวก{IDENTITY_P}ควรไปแขวนคอ,phrase_opinion_h,hateful,476,476,0,0
3.0,,,3,women,ผู้หญิง,hateful,{IDENTITY_P} คงคิดว่ามันพิเศษกว่าคนอื่น กุเกลียดคนแบบนี้ชิบหาย,ref_subs_sent_h,hateful,382,382a,0,0
3.0,,,3,Thai Isan,คนอีสาน,hateful,ทุก{IDENTITY_P}น่ารังเกียจ,derog_neg_attrib_h,hateful,22,22a,0,0
3.0,,,3,Thai,คนไทย,hateful,เราไม่กินอาหารที่กับอิพวก{IDENTITY_S}จับเด็ดขาด,derog_impl_h,hateful,66,66a,1,0
3.0,,,3,buddhism,คนพุทธ,hateful,พวก{IDENTITY_P}มันเป็นพวกสัตว์ชั้นต่ำ,derog_dehum_h,hateful,59,59b,0,0
1.0,2.0,,2,Highland Indigenous People,คนกะเหรี่ยง,non-hateful,อย่ายืนเฉยดิ พวก{IDENTITY_P}กำลังโดนฆ่าอยู่,negate_neg_nh,non-hateful,440,440,0,0
3.0,,,3,islam,คนอิสลาม,hateful,น่าจะมีใครไปแทงพวก{IDENTITY_P}ให้ตายๆ ไปซะที,threat_norm_h,hateful,118,118,0,0
3.0,,,3,elderly,ผู้สูงอายุ,hateful,ไม่มีทางที่กุจะยื่นมือไปช่วยชีวิต{IDENTITY_S}หรอกนะ,negate_pos_h,hateful,419,419,0,0
1.0,2.0,,2,labour workers,แรงงาน,non-hateful,"ประโยคอย่าง ""อีพวก{IDENTITY_P}เป็นขยะ"" มันเจ็บใจสุดๆ",counter_quote_nh,non-hateful,537,537,0,0
3.0,,,3,disbabled,คนพิการ,hateful,กูจะทำร้ายพวก{IDENTITY_P}แบบมึง,threat_dir_h,hateful,88,88,0,0
2.0,1.0,,2,Chinese-Thai,คนไทยเชื้อสายจีน,hateful,ถ้าพวก{IDENTITY_P}อย่างมึงไม่ยอมปรับตัวเข้าหาสังคม ก็สมควรโดนแบบนี้แหละ,ref_subs_clause_h,hateful,376,376,0,0
3.0,,,3,disbabled,คนพิการ,hateful,กุจะทำให้พวก{IDENTITY_P}ทรมาณ,threat_dir_h,hateful,85,85,0,0
3.0,,,3,Myanmar,คนพม่า,hateful,ไม่เห็นหรือไงว่าอีพวก{IDENTITY_P}มันต่ำตม,phrase_question_h,hateful,446,446,0,0
3.0,,,3,Chinese-Thai,คนไทยเชื้อสายจีน,hateful,กุไม่ได้มีปัญหาอะไรกับพวก{IDENTITY_P}หรอก แต่ส่วนมากพวกมันน่ารังเกียจชิบหาย,ref_subs_clause_h,hateful,365,365,0,0
3.0,,,3,Highland Indigenous People,คนกะเหรี่ยง,hateful,อีพวก{IDENTITY_P}เป็นขยะสังคม,derog_dehum_h,hateful,48,48,0,0
3.0,,,3,boy,เด็กผู้ชาย,hateful,พวก{IDENTITY_P}ไปตายซะเถอะ,profanity_h,hateful,243,243,0,0
3.0,,,3,child,เด็ก,hateful,ไอพวก{SLUR_P} ทำอีกแล้ว,slur_h,hateful,128,128,0,0
,3.0,,3,tomboy,ทอม,non-hateful,ทำไมคิดว่ามันโอเคที่จะเรียกกุว่า{SLUR_S},counter_ref_nh,non-hateful,568,568,1,0
2.0,1.0,,1,migrant workers,แรงงานต่างด้าว,hateful,การเรียก{IDENTITY_P}ว่าเป็นแมลงสาบมันเป็นสิ่งที่แย่มากๆ นะ,counter_ref_nh,non-hateful,559,559,0,0
3.0,,,3,male,ผู้ชาย,hateful,มันเป็นสันดานของอีพวก{IDENTITY_P}ที่จะไม่มีวันเจริญ,derog_neg_attrib_h,hateful,32,32,0,0
,3.0,,3,Highland Indigenous People,คนกะเหรี่ยง,non-hateful,กุไม่มีทางทำร้าย{IDENTITY_S}เด็ดขาด,negate_neg_nh,non-hateful,434,434,0,0
,3.0,,3,Thai-Central,คนกรุง,non-hateful,"ควรโดนแบนไปเลยที่ไปบอกว่า ""{IDENTITY_P} สมควรตาย""",counter_quote_nh,non-hateful,544,544,0,0
,3.0,,3,Cambodians,คนเขมร,non-hateful,ในโลกที่ยุติธรรม{IDENTITY_P}ทุกคนควรได้รับการยกย่อง,ident_pos_nh,non-hateful,530,530,0,0
2.0,1.0,,1,islam,คนอิสลาม,hateful,มันมีไอ{IDENTITY_S}ในทีมฟุตบอลของกู,ident_neutral_nh,non-hateful,491,491b,0,1
3.0,,,3,gay,เกย์,hateful,อีพวก{IDENTITY_P}ไม่สมควรมีชีวิตเหมือนคนอื่น,negate_pos_h,hateful,408,408,0,0
3.0,,,3,Thai Isan,คนอีสาน,hateful,ควรให้คนไปจัดการกับไอพวก{IDENTITY_P}ให้หมด,threat_norm_h,hateful,119,119,0,0
3.0,,,3,Thai-Central,คนกรุง,hateful,อีพวก{IDENTITY_P} เหี้ยทั้งนั้น,ref_subs_sent_h,hateful,400,400,0,0
3.0,,,3,Thai,คนไทย,hateful,ไอพวกอำนาจล้มมืออย่าง{IDENTITY_P}เป็นภัยต่อประเทศเรา,derog_neg_attrib_h,hateful,30,30,0,0
,3.0,,3,women,ผู้หญิง,non-hateful,"ประโยคอย่าง ""อีพวก{IDENTITY_P}เป็นขยะ"" มันเจ็บใจสุดๆ",counter_quote_nh,non-hateful,537,537,0,0
3.0,,,3,Chinese-Thai,คนไทยเชื้อสายจีน,hateful,{IDENTITY_P} แม่งเหี้ยกันทุกคนเลย,profanity_h,hateful,256,256,0,0
3.0,,,3,buddhism,คนพุทธ,hateful,เป็นสันดานของ{SLUR_S}ที่มีมาตั้งแต่เกิดแล้วละ,slur_h,hateful,127,127,0,0
3.0,,,3,Cambodians,คนเขมร,hateful,อีพวก{IDENTITY_P}สกปรกในสายตาเรา,phrase_opinion_h,hateful,466,466,0,0
3.0,,,3,boy,เด็กผู้ชาย,hateful,ทำไมพวกมึงยังไม่เข้าใจอีกว่าพวก{IDENTITY_P}เป็นขยะสังคม,phrase_question_h,hateful,450,450,0,0
1.0,2.0,,2,Thai Isan,คนอีสาน,non-hateful,คนต้องเข้าใจว่า{IDENTITY_P}ไม่ใช่ภัยต่อสังคม,negate_neg_nh,non-hateful,425,425,0,0
3.0,,,3,Thai,คนไทย,hateful,ถ้าถามเราอ่ะนะ{IDENTITY_P}แบบมึงก็ไม่ต่างจากหนูหรอก,phrase_opinion_h,hateful,471,471,0,0
3.0,,,3,women,ผู้หญิง,hateful,สำหรับกูแล้ว ไอ้พวก{IDENTITY_P}ก็ไปตายซะเถอะ,phrase_opinion_h,hateful,480,480,0,0
3.0,,,3,Thai Isan,คนอีสาน,hateful,อีพวก{IDENTITY_P}แบบมึงควรรู้ว่าชีวิตมึงไร้ค่า,ref_subs_clause_h,hateful,371,371,0,0
2.0,1.0,,1,Malay,คนมาเล,hateful,ดีใจที่คนเริ่มรู้แล้วว่า{IDENTITY_P}ไม่ได้โง่เลยสักนิด,negate_neg_nh,non-hateful,426,426b,0,0
3.0,,,3,elderly,ผู้สูงอายุ,hateful,ทำไมพวกมึงยังไม่เข้าใจอีกว่าพวก{IDENTITY_P}เป็นขยะสังคม,phrase_question_h,hateful,450,450,0,0
,3.0,,3,women,ผู้หญิง,non-hateful,"ควรโดนแบนไปเลยที่ไปบอกว่า ""{IDENTITY_P} สมควรตาย""",counter_quote_nh,non-hateful,544,544,0,0
,3.0,,3,Malay,คนมาเล,non-hateful,การเรียก{IDENTITY_P}ว่าเป็นแมลงสาบมันเป็นสิ่งที่แย่มากๆ นะ,counter_ref_nh,non-hateful,559,559,0,0
3.0,,,3,Highland Indigenous People,คนกะเหรี่ยง,hateful,กุเกลียดพวก{IDENTITY_P}มากๆ,derog_neg_emote_h,hateful,8,8,0,0
3.0,,,3,girl,เด็กผู้หญิง,hateful,ในโลกที่ยุติธรรม อีพวก{IDENTITY_P}อย่างมึงควรตายห่าให้หมด,threat_norm_h,hateful,114,114,0,0
3.0,,,3,Thai-Laos,คนลาว,hateful,พวก{IDENTITY_P}แม่งไม่ให้เกียรติพวกเรา กุจะทำให้พวกมันรู้สำนึกบ้าง,ref_subs_sent_h,hateful,393,393,0,0
2.0,1.0,,2,labour workers,แรงงาน,hateful,กุคงโอเคกับ{IDENTITY_P} ถ้าพวกมันไม่เหี้ยขนาดนี้,ref_subs_clause_h,hateful,381,381,0,0
3.0,,,3,gay,เกย์,hateful,พวก{IDENTITY_P}ไปตายซะเถอะ,profanity_h,hateful,243,243,0,0
3.0,,,3,migrant workers,แรงงานต่างด้าว,hateful,คงจะดีถ้ามีคนไปรัดคอพวก{IDENTITY_P}ให้ตายๆ ไป,threat_norm_h,hateful,113,113a,0,0
2.0,1.0,,1,,,hateful,เห็นพวกเกลียดเกย์ที่นี่แล้วโมโหชิบหายเลยว่ะ,target_group_nh,non-hateful,712,712,0,0
,3.0,,3,boy,เด็กผู้ชาย,non-hateful,รัก{IDENTITY_P}จังเลยยย 💖💖💖,ident_pos_nh,non-hateful,502,502,0,0
3.0,,,3,Cambodians,คนเขมร,hateful,เป็นธรรมดาของ{IDENTITY_S}ที่จะเหี้ยแบบนี้,profanity_h,hateful,252,252,0,0
3.0,,,3,Thai-Laos,คนลาว,hateful,ทุก{IDENTITY_P}น่ารังเกียจ,derog_neg_attrib_h,hateful,22,22a,1,0
,3.0,,3,Thai-Laos,คนลาว,non-hateful,ถ้าไม่มี{IDENTITY_P}แบบมึง โลกคงแย่แน่เลย,ident_pos_nh,non-hateful,531,531,0,0
2.0,,1.0,2,Thai-Laos,คนลาว,hateful,พวก{IDENTITY_P}นี่แม่งไม่มีอะไรแย่กว่ามึงแล้วจริงๆ,ref_subs_sent_h,hateful,384,384,0,0
3.0,,,3,disbabled,คนพิการ,hateful,หมากุยังฉลาดกว่าพวก{IDENTITY_S}ทุกตัวเลย,derog_impl_h,hateful,63,63,0,0
3.0,,,3,christianity,คนคริสต์,hateful,อีพวก{IDENTITY_P}ไม่ควรอยู่บนโลกนี้,negate_pos_h,hateful,421,421a,0,0
2.0,1.0,,1,elderly,คนสูงวัย,hateful,ชีวิตของ{IDENTITY_A}อาจจะไม่มีค่าอะไรสำหรับมึง แต่ความคิดของมึงมันไม่มีค่าอะไรเลย,counter_ref_nh,non-hateful,570,570,0,0
3.0,,,3,labour workers,แรงงาน,hateful,เราไม่กินอาหารที่กับอิพวก{IDENTITY_S}จับเด็ดขาด,derog_impl_h,hateful,66,66a,1,0
1.0,2.0,,2,,,non-hateful,เชี่ย แม่งโคตรยากเลยว่ะ,profanity_nh,non-hateful,267,267,0,0
1.0,2.0,,2,male,ผู้ชาย,non-hateful,มีแต่{IDENTITY_P}เท่านั้นแหละ ที่ใจดีและเห็นอกเห็นใจแบบนี้,ident_pos_nh,non-hateful,511,511,0,0
3.0,,,3,christianity,คนคริสต์,hateful,แน่นอนว่าพวก{IDENTITY_P}ไม่สมควรได้สิทธิมนุษยชน,negate_pos_h,hateful,406,406,0,0
3.0,,,3,Chinese-Thai,คนไทยเชื้อสายจีน,hateful,อีพวก{IDENTITY_P}เป็นขยะสังคม,derog_dehum_h,hateful,48,48,0,0
,3.0,,3,boy,เด็กผู้ชาย,non-hateful,มึงจะเหมารวมว่า{IDENTITY_P}ทุกคนโง่ไม่ได้ปะวะ,counter_ref_nh,non-hateful,557,557,0,0
3.0,,,3,Thai,คนไทย,hateful,มีแต่พวก{IDENTITY_P}เท่านั้นแหละที่โง่ได้ขนาดนี้,derog_neg_attrib_h,hateful,34,34,0,0
3.0,,,3,Chinese-Thai,คนไทยเชื้อสายจีน,hateful,กูจะทำร้ายพวก{IDENTITY_P}แบบมึง,threat_dir_h,hateful,88,88,0,0
1.0,2.0,,2,labour workers,แรงงาน,non-hateful,ในโลกที่ยุติธรรม{IDENTITY_P}ทุกคนควรได้รับการยกย่อง,ident_pos_nh,non-hateful,530,530,0,0
3.0,,,3,gay,เกย์,hateful,ไอเดียที่ออกจากปาก{IDENTITY_S}น่ะ ก็เป็นเพียงความคิดห่วยแตกอันนึง,profanity_h,hateful,253,253,0,0
,3.0,,3,male,ผู้ชาย,non-hateful,การที่มึงเกลียด{IDENTITY_P}นี่โคตรเข้าใจผิดเลย,counter_ref_nh,non-hateful,552,552,0,0
,3.0,,3,Thai Isan,คนอีสาน,non-hateful,"กุจะไม่ทนกับโพสต์แบบว่า ""{IDENTITY_P} น่ารังเกียจ""เลย",counter_quote_nh,non-hateful,536,536,0,0
3.0,,,3,islam,คนอิสลาม,hateful,ทำไมไอพวก{IDENTITY_P}เป็นห่ากันแบบนี้หมดเลยวะ,phrase_question_h,hateful,460,460,0,0
3.0,,,3,girl,เด็กผู้หญิง,hateful,แล้วกุผิดตรงไหนที่บอกว่า{IDENTITY_P}อย่างมึงสมควรตาย,phrase_question_h,hateful,456,456,0,0
,3.0,,3,hinduism,คนฮินดู,non-hateful,มี{IDENTITY_P}ในคอร์สมึงป่ะ,ident_neutral_nh,non-hateful,488,488,0,0
3.0,,,3,hinduism,คนฮินดู,hateful,เห็นไหมว่าเราจะดีกว่านี้ถ้าอีพวก{IDENTITY_P} ถูกกำจัดออกไป,phrase_question_h,hateful,457,457,0,0
,3.0,,3,girl,เด็กผู้หญิง,non-hateful,ไม่มี{IDENTITY_S}คนไหนสมควรโดนประหารชีวิตทั้งนั้นแหละ,negate_neg_nh,non-hateful,441,441,0,0
3.0,,,3,Thai Isan,คนอีสาน,hateful,พวก{IDENTITY_P}แม่งโคตรน่ารำคาญเลยว่ะ,derog_dehum_h,hateful,57,57,0,0
,3.0,,3,Thai-Central,คนกรุง,non-hateful,"การที่มึงบอกว่า ""{IDENTITY_P} แม่งเป็นพวกขยะ"" มันแสดงถึงตัวมึงเองนะเว้ย",counter_quote_nh,non-hateful,551,551,0,0
1.0,2.0,,2,islam,คนอิสลาม,non-hateful,มึงต้องรับผิดชอบคำพูดของมึงนะ ถ้ามึงพูดว่ามึงจะไปข่มขืน{IDENTITY_S},counter_ref_nh,non-hateful,562,562,0,0
3.0,,,3,islam,คนอิสลาม,hateful,เราจะยิง{IDENTITY_S}ต่อไปที่เห็น,threat_dir_h,hateful,84,84a,1,0
3.0,,,3,Thai-Laos,คนลาว,hateful,เมื่อไหร่คนจะเข้าใจว่าอีพวก{IDENTITY_P}นี่แหละที่โหดและรุนแรง,phrase_question_h,hateful,447,447,0,0
,3.0,,3,Cambodians,คนเขมร,non-hateful,พรุ่งนี้กุจะไปช่วย{IDENTITY_S},ident_pos_nh,non-hateful,523,523,0,0
3.0,,,3,Chinese-Thai,คนไทยเชื้อสายจีน,hateful,พวกมึงกับ{IDENTITY_P}ทั้งหมดคือโรคร้ายของสังคมเลยละ,derog_dehum_h,hateful,58,58,0,0
3.0,,,3,Cambodians,คนเขมร,hateful,อีพวก{IDENTITY_P} เหี้ยทั้งนั้น,ref_subs_sent_h,hateful,400,400,0,0
3.0,,,3,migrant workers,แรงงานต่างด้าว,hateful,ไอพวก{SLUR_P} ทำอีกแล้ว,slur_h,hateful,128,128,0,0
3.0,,,3,trans/ladyboy,คนแปลงเพศ,hateful,อีพวก{IDENTITY_P}มันน่ารำคาญจริงๆ,derog_dehum_h,hateful,50,50,0,0
3.0,,,3,women,ผู้หญิง,hateful,ชีวิตพวก{IDENTITY_P}แม่งไม่มีค่าอะไรสำหรับกุเลย,ref_subs_clause_h,hateful,379,379,0,0
2.0,,1.0,2,Malay,คนมาเล,hateful,มีแต่พวก io จาก{IDENTITY_P}เท่านั้นแหละที่คอยมาแซะรัฐบาล,derog_dehum_h,hateful,60,60b,0,0
3.0,,,3,Highland Indigenous People,คนกะเหรี่ยง,hateful,หมากุยังฉลาดกว่าพวก{IDENTITY_S}ทุกตัวเลย,derog_impl_h,hateful,63,63,0,0
3.0,,,3,gay,เกย์,hateful,ไอพวก{IDENTITY_P} ที่คิดว่าตัวเองเท่ากับกู กูโกรธมาก,derog_neg_emote_h,hateful,16,16,0,0
3.0,,,3,Thai,คนไทย,hateful,กูจะทำร้ายพวก{IDENTITY_P}แบบมึง,threat_dir_h,hateful,88,88,0,0
3.0,,,3,christianity,คนคริสต์,hateful,แม่งโคตรเกลียดพวก{IDENTITY_P}ที่อยู่แถวนี้,derog_neg_emote_h,hateful,6,6,0,0
1.0,2.0,,2,elderly,ผู้สูงอายุ,non-hateful,เราต้องไม่ให้{IDENTITY_P}โดนทำร้ายอีกต่อไป,negate_neg_nh,non-hateful,435,435b,0,0
3.0,,,3,Malay,คนมาเล,hateful,อย่าให้{IDENTITY_S}มีชีวิตอยู่ต่อไปเลย,negate_pos_h,hateful,417,417,0,0
3.0,,,3,islam,คนอิสลาม,hateful,ไม่แปลกหรอกที่ไอเดียมันห่วยแตก ก็มันมาจาก{IDENTITY_S}นี่หว่า,ref_subs_sent_h,hateful,399,399,0,0
1.0,2.0,,2,elderly,คนสูงวัย,non-hateful,เราไม่เคยมีประธานาธิบดีที่เป็น{IDENTITY_A}เลย,ident_neutral_nh,non-hateful,496,496,0,0
1.0,2.0,,2,labour workers,แรงงาน,non-hateful,ใครที่ไปแช่งว่า{IDENTITY_P}ควรตายๆ ไป สมควรโดนจับเข้าคุกให้หมด,counter_quote_nh,non-hateful,542,542,0,0
3.0,,,3,Malay,คนมาเล,hateful,คงจะดีถ้ามีคนไปรัดคอพวก{IDENTITY_P}ให้ตายๆ ไป,threat_norm_h,hateful,113,113a,0,0
3.0,,,3,Thai Isan,คนอีสาน,hateful,ถ้า{IDENTITY_P}หายไปจากโลกนี้ ชีวิตเราคงจะดีขึ้นเยอะ,threat_norm_h,hateful,107,107,0,0
3.0,,,3,elderly,ผู้สูงอายุ,hateful,อีพวก{IDENTITY_P}ที่ป่วยควรถูกพาไปหาหมอรักษาสัตว์นะ หมอรักษาคนไม่เหมาะกับพวกมัน,derog_impl_h,hateful,62,62,0,0
1.0,2.0,,2,Chinese-Thai,คนไทยเชื้อสายจีน,non-hateful,ตอนนี้เรากำลังเรียนรู้เกี่ยวกับ{IDENTITY_P}เยอะเลย,ident_neutral_nh,non-hateful,489,489,0,0
3.0,,,3,christianity,คนคริสต์,hateful,อีพวก{IDENTITY_P}แบบมึงควรรู้ว่าชีวิตมึงไร้ค่า,ref_subs_clause_h,hateful,371,371,0,0
3.0,,,3,Malay,คนมาเล,hateful,แน่นอนว่าพวก{IDENTITY_P}ไม่สมควรได้สิทธิมนุษยชน,negate_pos_h,hateful,406,406,0,0
3.0,,,3,women,ผู้หญิง,hateful,เออ ถึงเวลายอมรับกันได้แล้วว่า{IDENTITY_P}มันเหมือนเซลล์ร้ายเลยละ,phrase_question_h,hateful,452,452b,0,0
1.0,2.0,,2,Cambodians,คนเขมร,non-hateful,กุอยู่กับพวก{IDENTITY_P}สองคน,ident_neutral_nh,non-hateful,483,483,0,0
3.0,,,3,buddhism,คนพุทธ,hateful,ชีวิตพวก{IDENTITY_P}แม่งไม่มีค่าอะไรสำหรับกุเลย,ref_subs_clause_h,hateful,379,379,0,0
3.0,,,3,Chinese-Thai,คนไทยเชื้อสายจีน,hateful,อีพวก{IDENTITY_P} เหี้ยทั้งนั้น,ref_subs_sent_h,hateful,400,400,0,0
3.0,,,3,Myanmar,คนพม่า,hateful,กุต้องไปข่มขืน{IDENTITY_S}วันนี้,threat_dir_h,hateful,87,87,0,0
3.0,,,3,islam,คนอิสลาม,hateful,อีพวก{IDENTITY_P}ไม่เหมือนเราเลย มันต้องตาย,ref_subs_clause_h,hateful,375,375,0,0
3.0,,,3,migrant workers,แรงงานต่างด้าว,hateful,เห็นไหมว่าเราจะดีกว่านี้ถ้าอีพวก{IDENTITY_P} ถูกกำจัดออกไป,phrase_question_h,hateful,457,457,0,0
3.0,,,3,Highland Indigenous People,คนกะเหรี่ยง,hateful,อีพวก{IDENTITY_P} เหี้ยทั้งนั้น,ref_subs_sent_h,hateful,400,400,0,0
,3.0,,3,boy,เด็กผู้ชาย,non-hateful,กุรัก{IDENTITY_P}มากกกกก,ident_pos_nh,non-hateful,503,503,0,0
3.0,,,3,Cambodians,คนเขมร,hateful,หมากุยังฉลาดกว่าพวก{IDENTITY_S}ทุกตัวเลย,derog_impl_h,hateful,63,63,0,0
3.0,,,3,Highland Indigenous People,คนกะเหรี่ยง,hateful,อย่าให้{IDENTITY_S}มีชีวิตอยู่ต่อไปเลย,negate_pos_h,hateful,417,417,0,0
3.0,,,3,boy,เด็กผู้ชาย,hateful,อีพวก{IDENTITY_P}ไม่สมควรมีชีวิตเหมือนคนอื่น,negate_pos_h,hateful,408,408,0,0
3.0,,,3,buddhism,คนพุทธ,hateful,กุเชื่อแล้วว่าอีพวก{IDENTITY_P}ก็แค่พวกสัตว์ชั้นต่ำ,phrase_opinion_h,hateful,470,470,0,0
,3.0,,3,Thai Isan,คนอีสาน,non-hateful,"ประโยคอย่าง ""อีพวก{IDENTITY_P}เป็นขยะ"" มันเจ็บใจสุดๆ",counter_quote_nh,non-hateful,537,537,0,0
3.0,,,3,elderly,ผู้สูงอายุ,hateful,กุเจอ{IDENTITY_P}มามากพอจนรู้ละว่าพวกมันแม่งเหี้ยทุกคน,ref_subs_clause_h,hateful,380,380,0,0
3.0,,,3,Cambodians,คนเขมร,hateful,พวก{IDENTITY_P}ต้องไสหัวออกไปจากประเทศของเราให้หมด,profanity_h,hateful,245,245,0,0
,3.0,,3,Highland Indigenous People,คนกะเหรี่ยง,non-hateful,พวก{IDENTITY_P} ได้เป็นสมาชิกสภาฯ 3 คน,ident_neutral_nh,non-hateful,495,495,0,0
,3.0,,3,islam,คนอิสลาม,non-hateful,"อะไรที่ทำให้มึงพูดว่า ""{IDENTITY_P} น่ารังเกียจขนาดนี้""",counter_quote_nh,non-hateful,533,533,0,0
3.0,,,3,Thai-Central,คนกรุง,hateful,ทน{IDENTITY_P}ไม่ไหวเลยวะ,derog_neg_emote_h,hateful,2,2a,0,0
3.0,,,3,Myanmar,คนพม่า,hateful,พวก{IDENTITY_P}ก็แบบนี้แหละ มันน่ารังเกียจชิบหาย,ref_subs_sent_h,hateful,385,385,0,0
3.0,,,3,boy,เด็กผู้ชาย,hateful,ไม่น่ามีใครเหี้ยไปกว่าพวก{IDENTITY_P}ละ,derog_neg_emote_h,hateful,12,12,0,0
3.0,,,3,Malay,คนมาเล,hateful,กูจะทำร้ายพวก{IDENTITY_P}แบบมึง,threat_dir_h,hateful,88,88,0,0
,3.0,,3,Highland Indigenous People,คนกะเหรี่ยง,non-hateful,เราควรเคารพ{IDENTITY_P} นะ,ident_pos_nh,non-hateful,525,525b,0,0
3.0,,,3,boy,เด็กผู้ชาย,hateful,ไม่มีทางที่กุจะยื่นมือไปช่วยชีวิต{IDENTITY_S}หรอกนะ,negate_pos_h,hateful,419,419,0,0
3.0,,,3,tomboy,ทอม,hateful,ไอ้พวก{IDENTITY_P}ที่กล้าเถียงกุ กุอยากจะฆ่ามันให้ตาย,ref_subs_clause_h,hateful,372,372,0,0
2.0,1.0,,1,disbabled,คนพิการ,hateful,กุไม่มีทางทำร้าย{IDENTITY_S}เด็ดขาด,negate_neg_nh,non-hateful,434,434,0,0
,3.0,,3,Thai,คนไทย,non-hateful,ถ้าจะไปด่า{IDENTITY_P}ให้ไปตาย อย่าหวังให้พวกเขาเคารพมึงเลย,counter_ref_nh,non-hateful,569,569,0,0
1.0,2.0,,2,migrant workers,แรงงานต่างด้าว,non-hateful,คนต้องเข้าใจว่า{IDENTITY_P}ไม่ใช่ภัยต่อสังคม,negate_neg_nh,non-hateful,425,425,0,0
3.0,,,3,hinduism,คนฮินดู,hateful,ถ้า{IDENTITY_P}หายไปจากโลกนี้ ชีวิตเราคงจะดีขึ้นเยอะ,threat_norm_h,hateful,107,107,0,0
3.0,,,3,christianity,คนคริสต์,hateful,มี{IDENTITY_P}บางคนได้เป็นรัฐบาล แม่งก็ยังเป็นแค่ขยะสำหรับกุอยู่ดี,ref_subs_sent_h,hateful,390,390,0,0
1.0,2.0,,2,christianity,คนคริสต์,non-hateful,นี่เป็นครั้งแรกที่{IDENTITY_S}ถูกเสนอชื่อขึ้นมา,ident_neutral_nh,non-hateful,493,493,0,0
,3.0,,3,Thai-Central,คนกรุง,non-hateful,เราควรเคารพ{IDENTITY_P} นะ,ident_pos_nh,non-hateful,525,525b,0,0
3.0,,,3,migrant workers,แรงงานต่างด้าว,hateful,อีพวก{IDENTITY_P}เป็นขยะสังคม,derog_dehum_h,hateful,48,48,0,0
3.0,,,3,islam,คนอิสลาม,hateful,จากสันดานพวก{IDENTITY_P}แม่งก็เป็นได้แค่ขยะสังคมเท่านั้นแหละ,profanity_h,hateful,251,251,0,0
,3.0,,3,,,non-hateful,เรารีบออกไปจากที่นี่กันมั้ย,profanity_nh,non-hateful,276,276,0,0
,3.0,,3,Thai,คนไทย,non-hateful,"การที่มึงบอกว่า ""{IDENTITY_P} แม่งเป็นพวกขยะ"" มันแสดงถึงตัวมึงเองนะเว้ย",counter_quote_nh,non-hateful,551,551,0,0
2.0,1.0,,1,Thai Isan,คนอีสาน,hateful,ไม่รู้ตัวเหรอว่ามึงเหี้ยขนาดไหนที่ไปเรียก{IDENTITY_P}ว่าเป็นขยะ,counter_ref_nh,non-hateful,558,558,0,0
3.0,,,3,Myanmar,คนพม่า,hateful,อยากเห็นอีพวก{IDENTITY_P}เจ็บปวด,threat_norm_h,hateful,103,103,0,0
3.0,,,0,Myanmar,คนพม่า,hateful,มันมีไอ{IDENTITY_S}ในทีมฟุตบอลของกู,ident_neutral_nh,non-hateful,491,491b,0,1
3.0,,,3,disbabled,คนพิการ,hateful,พวกมึงและ{IDENTITY_P}ในประเทศนี้ทำให้กุโคตรโกรธเลย,derog_neg_emote_h,hateful,18,18,0,0
,3.0,,3,migrant workers,แรงงานต่างด้าว,non-hateful,"ทำไมถึงพูด ""{IDENTITY_P} น่ารังเกียจ"" แล้วไม่รู้ว่ามันไม่ดีนี่นะ",counter_quote_nh,non-hateful,535,535,0,0
3.0,,,3,Highland Indigenous People,คนกะเหรี่ยง,hateful,กุจะทำให้พวก{IDENTITY_P}ทรมาณ,threat_dir_h,hateful,85,85,0,0
2.0,1.0,,1,elderly,คนสูงวัย,hateful,ชีวิตของ{IDENTITY_A}ไม่ได้ด้อยค่าไปกว่าคนอื่นหรอก,negate_neg_nh,non-hateful,430,430,0,0
,3.0,,3,tomboy,ทอม,non-hateful,พรุ่งนี้กุจะไปกอด{IDENTITY_S},ident_pos_nh,non-hateful,520,520,0,0
3.0,,,3,Thai-Laos,คนลาว,hateful,อีพวก{IDENTITY_P}ไม่ควรอยู่บนโลกนี้,negate_pos_h,hateful,421,421a,0,0
,3.0,,3,tomboy,ทอม,non-hateful,พวก{IDENTITY_P} ได้เป็นสมาชิกสภาฯ 3 คน,ident_neutral_nh,non-hateful,495,495,1,0
3.0,,,3,women,ผู้หญิง,hateful,ควรให้คนไปจัดการกับไอพวก{IDENTITY_P}ให้หมด,threat_norm_h,hateful,119,119,0,0
3.0,,,3,elderly,ผู้สูงอายุ,hateful,อีพวก{IDENTITY_P}แบบมึงควรรู้ว่าชีวิตมึงไร้ค่า,ref_subs_clause_h,hateful,371,371,0,0
3.0,,,3,Thai-Laos,คนลาว,hateful,กุไม่ได้มีปัญหาอะไรกับพวก{IDENTITY_P}หรอก แต่ส่วนมากพวกมันน่ารังเกียจชิบหาย,ref_subs_clause_h,hateful,365,365,0,0
3.0,,,3,trans/ladyboy,คนแปลงเพศ,hateful,พวก{IDENTITY_P}ไม่มีทางดูดีเลย,negate_pos_h,hateful,403,403,0,0
3.0,,,3,girl,เด็กผู้หญิง,hateful,คนไม่รู้จริงๆ เหรอว่า{IDENTITY_P}น่ารังเกียจ,phrase_question_h,hateful,445,445,0,0
3.0,,,3,tomboy,ทอม,hateful,แม่งโคตรเกลียดพวก{IDENTITY_P}ที่อยู่แถวนี้,derog_neg_emote_h,hateful,6,6,0,0
,3.0,,3,Thai-Central,คนกรุง,non-hateful,พวก{IDENTITY_P} ได้เป็นสมาชิกสภาฯ 3 คน,ident_neutral_nh,non-hateful,495,495,0,0
3.0,,,3,tomboy,ทอม,hateful,อีพวก{IDENTITY_P}โง่กันทุกคน,negate_pos_h,hateful,404,404,0,0
3.0,,,3,Myanmar,คนพม่า,hateful,ไอเดียที่ออกจากปาก{IDENTITY_S}น่ะ ก็เป็นเพียงความคิดห่วยแตกอันนึง,profanity_h,hateful,253,253,0,0
,3.0,,3,Highland Indigenous People,คนกะเหรี่ยง,non-hateful,"กุจะไม่ทนกับโพสต์แบบว่า ""{IDENTITY_P} น่ารังเกียจ""เลย",counter_quote_nh,non-hateful,536,536,0,0
3.0,,,3,Malay,คนมาเล,hateful,พวกเราจะโจมตีพวก{IDENTITY_P}อย่างมึงจนกว่ามึงจะหายไป,threat_dir_h,hateful,92,92,0,0
3.0,,,3,hinduism,คนฮินดู,hateful,พวก{IDENTITY_P}มันรกโลก,derog_dehum_h,hateful,55,55,0,0
3.0,,,3,gay,เกย์,hateful,น่าจะมีใครไปแทงพวก{IDENTITY_P}ให้ตายๆ ไปซะที,threat_norm_h,hateful,118,118,0,0
3.0,,,3,Myanmar,คนพม่า,hateful,ทำไมไอพวก{IDENTITY_P}เป็นห่ากันแบบนี้หมดเลยวะ,phrase_question_h,hateful,460,460,0,0
,3.0,,3,gay,เกย์,non-hateful,ตอนนี้เรากำลังเรียนรู้เกี่ยวกับ{IDENTITY_P}เยอะเลย,ident_neutral_nh,non-hateful,489,489,0,0
1.0,2.0,,2,tomboy,ทอม,non-hateful,โรงเรียนกูแทบไม่มีพวก{IDENTITY_P},ident_neutral_nh,non-hateful,497,497a,0,1
3.0,,,3,gay,เกย์,hateful,กุว่ามีแค่{IDENTITY_P}เท่านั้นแหละที่โง่ขนาดนี้,phrase_opinion_h,hateful,463,463,0,0
3.0,,,3,Highland Indigenous People,คนกะเหรี่ยง,hateful,กุว่ามีแค่{IDENTITY_P}เท่านั้นแหละที่โง่ขนาดนี้,phrase_opinion_h,hateful,463,463,0,0
